{
  "type": "FeatureCollection",
  "features": [
    {
      "type": "Feature",
      "properties": {
        "name": "九华吉利学校",
        "isAssistFeature": false
      },
      "geometry": {
        "type": "Polygon",
        "coordinates": [
          [
            [
              112.9455474356133,
              27.9204567228589
            ],
            [
              112.94539836288685,
              27.920252729699286
            ],
            [
              112.94356462201593,
              27.917711239955633
            ],
            [
              112.94305535091168,
              27.916741587366957
            ],
            [
              112.94274230510312,
              27.915888228140794
            ],
            [
              112.94264612607893,
              27.915626045075705
            ],
            [
              112.94276498397082,
              27.913044465841942
            ],
            [
              112.94276625508695,
              27.913016848587713
            ],
            [
              112.94296687583933,
              27.9086592566802
            ],
            [
              112.9431349461374,
              27.905008526944137
            ],
            [
              112.92627308046929,
              27.906546286628107
            ],
            [
              112.92541143621172,
              27.906630762783035
            ],
            [
              112.92212008177425,
              27.906953145405527
            ],
            [
              112.9220698686448,
              27.906958984959743
            ],
            [
              112.92220523667326,
              27.908757797958415
            ],
            [
              112.92209098174891,
              27.912325213112265
            ],
            [
              112.92208537087167,
              27.912500386139012
            ],
            [
              112.92208198512134,
              27.91260610708376
            ],
            [
              112.92688661633362,
              27.912731039637855
            ],
            [
              112.92704432186997,
              27.912735719128584
            ],
            [
              112.93366512919444,
              27.912912695810192
            ],
            [
              112.93340658507249,
              27.921794358030755
            ],
            [
              112.93340190305325,
              27.922039794928672
            ],
            [
              112.94247485238857,
              27.920869499874268
            ],
            [
              112.9455474356133,
              27.9204567228589
            ]
          ]
        ]
      }
    },
    {
      "type": "Feature",
      "properties": {
        "name": "九华和平将军渡小学",
        "isAssistFeature": false
      },
      "geometry": {
        "type": "Polygon",
        "coordinates": [
          [
            [
              112.97461135404257,
              27.941358985332517
            ],
            [
              112.95988388908276,
              27.94155060460172
            ],
            [
              112.96001723141028,
              27.946380220564034
            ],
            [
              112.96001796982542,
              27.946406955585193
            ],
            [
              112.97244172051047,
              27.946232234285585
            ],
            [
              112.97486970143342,
              27.94571035177612
            ],
            [
              112.97461135404257,
              27.941358985332517
            ]
          ]
        ]
      }
    },
    {
      "type": "Feature",
      "properties": {
        "name": "九华和平将军渡小学",
        "isAssistFeature": false
      },
      "geometry": {
        "type": "Polygon",
        "coordinates": [
          [
            [
              112.93302796943476,
              27.98508800261582
            ],
            [
              112.93417396910732,
              27.985510002699638
            ],
            [
              112.93492896896764,
              27.98607000285108
            ],
            [
              112.9361084686138,
              27.984931736836526
            ],
            [
              112.9364475386161,
              27.984133272031322
            ],
            [
              112.94150444011638,
              27.985273428913395
            ],
            [
              112.94354871914042,
              27.98403825900857
            ],
            [
              112.94377076022079,
              27.981930386118595
            ],
            [
              112.9443740993083,
              27.976202570444375
            ],
            [
              112.94440946867599,
              27.975866777484878
            ],
            [
              112.94301075135446,
              27.97558171393674
            ],
            [
              112.94354871914042,
              27.97358625356002
            ],
            [
              112.94182722096764,
              27.973396207260603
            ],
            [
              112.94150444011638,
              27.971590755478378
            ],
            [
              112.93913737934271,
              27.97168577946681
            ],
            [
              112.9401801895386,
              27.969413983310695
            ],
            [
              112.94397909390821,
              27.96113754315028
            ],
            [
              112.94330821588436,
              27.96039081095922
            ],
            [
              112.94119221267307,
              27.95798372220654
            ],
            [
              112.94096647143206,
              27.957716272610263
            ],
            [
              112.94084069561417,
              27.957699608018935
            ],
            [
              112.93881459849145,
              27.95743116190332
            ],
            [
              112.93881459849145,
              27.95477847854284
            ],
            [
              112.93881459938974,
              27.95258416229833
            ],
            [
              112.94688412246788,
              27.956385749006504
            ],
            [
              112.94667922483642,
              27.94993999587248
            ],
            [
              112.94656962588017,
              27.946492014808424
            ],
            [
              112.93770328906021,
              27.94487301649563
            ],
            [
              112.9296060718202,
              27.94278583867545
            ],
            [
              112.92952367564739,
              27.942764614214305
            ],
            [
              112.91775097986286,
              27.93972997569028
            ],
            [
              112.91464059103933,
              27.941308325292066
            ],
            [
              112.91131478710905,
              27.94299599593006
            ],
            [
              112.90840648149523,
              27.944471772109875
            ],
            [
              112.90491322081618,
              27.946353298256124
            ],
            [
              112.90893570058869,
              27.947944673190705
            ],
            [
              112.90845579181781,
              27.950582485491896
            ],
            [
              112.90798762133275,
              27.951616788152137
            ],
            [
              112.90636520733577,
              27.955157266017643
            ],
            [
              112.9071212348688,
              27.95776169436013
            ],
            [
              112.90542389239396,
              27.960817350209265
            ],
            [
              112.90515556292365,
              27.961300946364197
            ],
            [
              112.90727244019574,
              27.961300946364197
            ],
            [
              112.90946492058045,
              27.957694915399045
            ],
            [
              112.91203541383332,
              27.95836270791165
            ],
            [
              112.91234114825376,
              27.958180026000516
            ],
            [
              112.91432721914238,
              27.956993302953165
            ],
            [
              112.91460590798454,
              27.95682677879805
            ],
            [
              112.917403209677,
              27.95822914989831
            ],
            [
              112.91807747704443,
              27.958101526901714
            ],
            [
              112.9184616487622,
              27.958028812171754
            ],
            [
              112.91920482948832,
              27.95786551747131
            ],
            [
              112.91923435351846,
              27.95784971858463
            ],
            [
              112.92231738953986,
              27.95716067825591
            ],
            [
              112.92435866369932,
              27.954355890077768
            ],
            [
              112.92747186155471,
              27.95467145863051
            ],
            [
              112.92897043200998,
              27.954823360363406
            ],
            [
              112.92791199382309,
              27.960098949427838
            ],
            [
              112.92801958055311,
              27.960897189061985
            ],
            [
              112.9282900075896,
              27.962903587594585
            ],
            [
              112.9280939655502,
              27.963156938463513
            ],
            [
              112.92525695023734,
              27.966806759295086
            ],
            [
              112.92511469123234,
              27.96697686139907
            ],
            [
              112.92300206029658,
              27.967635417599176
            ],
            [
              112.92254419797942,
              27.96777814363855
            ],
            [
              112.91952008694909,
              27.972185086419707
            ],
            [
              112.92178817044642,
              27.973053099480257
            ],
            [
              112.92175233934469,
              27.97387586038658
            ],
            [
              112.92174872362568,
              27.973958888393106
            ],
            [
              112.92171256733381,
              27.97478910385572
            ],
            [
              112.92079211037456,
              27.9747412862118
            ],
            [
              112.9196525776737,
              27.974682087125277
            ],
            [
              112.91785682655612,
              27.974588797664104
            ],
            [
              112.91642037460275,
              27.97859486351847
            ],
            [
              112.91744196928657,
              27.978245002828423
            ],
            [
              112.91872796959954,
              27.97840100301385
            ],
            [
              112.92137936333029,
              27.979431860269628
            ],
            [
              112.92157549520122,
              27.979510800008416
            ],
            [
              112.92380296945782,
              27.980438003231512
            ],
            [
              112.9246539695776,
              27.981171002630827
            ],
            [
              112.9249388253542,
              27.982576642247846
            ],
            [
              112.92509696926838,
              27.98335700306114
            ],
            [
              112.92470596945614,
              27.983760002816794
            ],
            [
              112.92149496932085,
              27.984112003343466
            ],
            [
              112.92110496933351,
              27.984467002904626
            ],
            [
              112.92102696951571,
              27.985347002643092
            ],
            [
              112.92132996946441,
              27.98582600291033
            ],
            [
              112.9229349696196,
              27.9870760029654
            ],
            [
              112.92585297164857,
              27.987823660223835
            ],
            [
              112.92715396933522,
              27.98815700287979
            ],
            [
              112.9292359695164,
              27.988215003105253
            ],
            [
              112.93028696875442,
              27.98894700329602
            ],
            [
              112.93215196920062,
              27.98839300316469
            ],
            [
              112.93215196920062,
              27.987699250809097
            ],
            [
              112.93215196920062,
              27.9856720029886
            ],
            [
              112.93243896925578,
              27.985096002794453
            ],
            [
              112.93302796943476,
              27.98508800261582
            ]
          ]
        ]
      }
    },
    {
      "type": "Feature",
      "properties": {
        "name": "九华和平小学",
        "isAssistFeature": false
      },
      "geometry": {
        "type": "Polygon",
        "coordinates": [
          [
            [
              112.95709727464721,
              27.90440646797983
            ],
            [
              112.9548197058388,
              27.896234181449863
            ],
            [
              112.95316367329065,
              27.896574799757552
            ],
            [
              112.94987057791813,
              27.897252130244638
            ],
            [
              112.94957202552838,
              27.89726050689774
            ],
            [
              112.94951375451087,
              27.897262141579553
            ],
            [
              112.94945292239646,
              27.897263848508096
            ],
            [
              112.94760297771441,
              27.89731575182564
            ],
            [
              112.94674155084913,
              27.897745672075317
            ],
            [
              112.9460732473969,
              27.89807920708659
            ],
            [
              112.9457768842015,
              27.898126829229337
            ],
            [
              112.94468810631422,
              27.898304774566235
            ],
            [
              112.94460884705839,
              27.89832059327382
            ],
            [
              112.94316240224576,
              27.898664760937777
            ],
            [
              112.94234790426921,
              27.898858562126716
            ],
            [
              112.94237787655868,
              27.89910148993039
            ],
            [
              112.9431349461374,
              27.905008526944137
            ],
            [
              112.94296687583933,
              27.9086592566802
            ],
            [
              112.94276625508695,
              27.913016848587713
            ],
            [
              112.94276498397082,
              27.913044465841942
            ],
            [
              112.94264612607893,
              27.915626045075705
            ],
            [
              112.94274230510312,
              27.915888228140794
            ],
            [
              112.94305535091168,
              27.916741587366957
            ],
            [
              112.94356462201593,
              27.917711239955633
            ],
            [
              112.94539836288685,
              27.920252729699286
            ],
            [
              112.9455474356133,
              27.9204567228589
            ],
            [
              112.94589643020288,
              27.920389892259653
            ],
            [
              112.94601979943411,
              27.92036283091934
            ],
            [
              112.95892726145861,
              27.917008835189385
            ],
            [
              112.95920334608475,
              27.91693536490526
            ],
            [
              112.95972630392066,
              27.916792569290543
            ],
            [
              112.96113131663576,
              27.916409241819736
            ],
            [
              112.95709727464721,
              27.90440646797983
            ]
          ]
        ]
      }
    },
    {
      "type": "Feature",
      "properties": {
        "name": "九华和平湘江湾小学",
        "isAssistFeature": false
      },
      "geometry": {
        "type": "Polygon",
        "coordinates": [
          [
            [
              112.94888291709417,
              28.00336775625258
            ],
            [
              112.96807010690952,
              27.98651505850129
            ],
            [
              112.9696351553908,
              27.985140311953398
            ],
            [
              112.98084607713602,
              27.97677271016585
            ],
            [
              112.98534182802773,
              27.975114189173528
            ],
            [
              112.98949858347729,
              27.972654557311674
            ],
            [
              112.99086192604129,
              27.970942646041188
            ],
            [
              112.99497938828203,
              27.965057769070253
            ],
            [
              112.99995885769975,
              27.957392348105323
            ],
            [
              113.00129620122277,
              27.954703038287782
            ],
            [
              113.00115393053966,
              27.95178744902744
            ],
            [
              112.99748335050838,
              27.945704674615055
            ],
            [
              112.99504745722439,
              27.942447883970168
            ],
            [
              112.99087657397034,
              27.939308521929323
            ],
            [
              112.98496267070585,
              27.938322953408065
            ],
            [
              112.98083423734057,
              27.936273902984848
            ],
            [
              112.9768913509972,
              27.934798562427645
            ],
            [
              112.97438645901455,
              27.934716598737243
            ],
            [
              112.97231920288213,
              27.93363998808676
            ],
            [
              112.97175261477118,
              27.93334491217203
            ],
            [
              112.96997970421802,
              27.93242158381518
            ],
            [
              112.96761397295097,
              27.930454388466604
            ],
            [
              112.96246502737176,
              27.920740838963287
            ],
            [
              112.96113131663576,
              27.916409241819736
            ],
            [
              112.95972630392066,
              27.916792569290543
            ],
            [
              112.95920334608475,
              27.91693536490526
            ],
            [
              112.95920602216597,
              27.917022928669866
            ],
            [
              112.95920865243315,
              27.917118105455557
            ],
            [
              112.95988388908276,
              27.94155060460172
            ],
            [
              112.97461135404257,
              27.941358985332517
            ],
            [
              112.97486970143342,
              27.94571035177612
            ],
            [
              112.97244172051047,
              27.946232234285585
            ],
            [
              112.96001796982542,
              27.946406955585193
            ],
            [
              112.9585975366302,
              27.94642433770999
            ],
            [
              112.95345591591382,
              27.946453267704744
            ],
            [
              112.95127458811334,
              27.946465541682795
            ],
            [
              112.94656962588017,
              27.946492014808424
            ],
            [
              112.94667922483642,
              27.94993999587248
            ],
            [
              112.94688412246788,
              27.956385749006504
            ],
            [
              112.93881459938974,
              27.95258416229833
            ],
            [
              112.93881459849145,
              27.95477847854284
            ],
            [
              112.93881459849145,
              27.95743116190332
            ],
            [
              112.94084069561417,
              27.957699608018935
            ],
            [
              112.94096647143206,
              27.957716272610263
            ],
            [
              112.94119221267307,
              27.95798372220654
            ],
            [
              112.94330821588436,
              27.96039081095922
            ],
            [
              112.94397909390821,
              27.96113754315028
            ],
            [
              112.9401801895386,
              27.969413983310695
            ],
            [
              112.93913737934271,
              27.97168577946681
            ],
            [
              112.94150444011638,
              27.971590755478378
            ],
            [
              112.94182722096764,
              27.973396207260603
            ],
            [
              112.94354871914042,
              27.97358625356002
            ],
            [
              112.94301075135446,
              27.97558171393674
            ],
            [
              112.94440946867599,
              27.975866777484878
            ],
            [
              112.9443740993083,
              27.976202570444375
            ],
            [
              112.94377076022079,
              27.981930386118595
            ],
            [
              112.94354871914042,
              27.98403825900857
            ],
            [
              112.94150444011638,
              27.985273428913395
            ],
            [
              112.9364475386161,
              27.984133272031322
            ],
            [
              112.9361084686138,
              27.984931736836526
            ],
            [
              112.93533772487982,
              27.986746712920176
            ],
            [
              112.93515641521107,
              27.987173662798785
            ],
            [
              112.93580289678843,
              27.987536948162116
            ],
            [
              112.93633994559791,
              27.987838736825907
            ],
            [
              112.93666272644917,
              27.99011895937265
            ],
            [
              112.93466500171635,
              27.991315985413028
            ],
            [
              112.93365010397298,
              27.99192410178058
            ],
            [
              112.93308355359127,
              27.99492568987985
            ],
            [
              112.93300454227045,
              27.99534428749568
            ],
            [
              112.93244109377142,
              27.995617119252117
            ],
            [
              112.93148656371346,
              27.996079317661497
            ],
            [
              112.92966913894301,
              27.996959338416325
            ],
            [
              112.9286576943236,
              27.9959918322745
            ],
            [
              112.92837801463968,
              27.995724301607694
            ],
            [
              112.9280358310766,
              27.99578185277845
            ],
            [
              112.92385908092544,
              27.996484325812027
            ],
            [
              112.9232713356929,
              27.997810561882687
            ],
            [
              112.92289073837165,
              27.99866936455258
            ],
            [
              112.92687170340157,
              28.001044356895004
            ],
            [
              112.9279529587967,
              28.001695274808377
            ],
            [
              112.92923876417524,
              28.002469327333063
            ],
            [
              112.93128304319933,
              28.002279331940443
            ],
            [
              112.92937683882768,
              28.004139521258193
            ],
            [
              112.92923876417524,
              28.004274262094118
            ],
            [
              112.9294436303657,
              28.004298927761045
            ],
            [
              112.93160582405059,
              28.00455924898744
            ],
            [
              112.93096026234807,
              28.00731408474555
            ],
            [
              112.93246657358615,
              28.007694056645057
            ],
            [
              112.93160582405059,
              28.011873657492774
            ],
            [
              112.92980779031389,
              28.013064197254447
            ],
            [
              112.92945395110998,
              28.013298484690807
            ],
            [
              112.92945395110998,
              28.01401052046451
            ],
            [
              112.92945395110998,
              28.014818279010097
            ],
            [
              112.92896274961767,
              28.01532419772705
            ],
            [
              112.92816282770492,
              28.016148081742877
            ],
            [
              112.92654892255031,
              28.01728789992631
            ],
            [
              112.92813218347564,
              28.017753802417687
            ],
            [
              112.92816282770492,
              28.01776282001375
            ],
            [
              112.92844512687623,
              28.01925809765696
            ],
            [
              112.92848560855619,
              28.019472516729117
            ],
            [
              112.92868209346503,
              28.019531987014165
            ],
            [
              112.93225138665142,
              28.0206122997215
            ],
            [
              112.93504882129456,
              28.020802261983977
            ],
            [
              112.93677031856906,
              28.02070728049814
            ],
            [
              112.93687791248558,
              28.019187569293976
            ],
            [
              112.93952185379274,
              28.01885413388961
            ],
            [
              112.93989053496176,
              28.018807637943066
            ],
            [
              112.94193481488415,
              28.017667836639646
            ],
            [
              112.94247278267012,
              28.01510323800766
            ],
            [
              112.94515004159287,
              28.009885468975252
            ],
            [
              112.94625005920099,
              28.007741545602872
            ],
            [
              112.94806373170847,
              28.00420662520409
            ],
            [
              112.94817524677121,
              28.003989274446962
            ],
            [
              112.94888291709417,
              28.00336775625258
            ]
          ]
        ]
      }
    },
    {
      "type": "Feature",
      "properties": {
        "name": "九华和平科大小学",
        "isAssistFeature": false
      },
      "geometry": {
        "type": "Polygon",
        "coordinates": [
          [
            [
              112.92220523667326,
              27.908757797958415
            ],
            [
              112.9220698686448,
              27.906958984959743
            ],
            [
              112.92212008177425,
              27.906953145405527
            ],
            [
              112.92541143621172,
              27.906630762783035
            ],
            [
              112.92627308046929,
              27.906546286628107
            ],
            [
              112.92544350606737,
              27.898795048630426
            ],
            [
              112.9254381422268,
              27.89875187584968
            ],
            [
              112.92469653894229,
              27.89882866670235
            ],
            [
              112.92448333279279,
              27.897678962409163
            ],
            [
              112.92420517665157,
              27.896155234828555
            ],
            [
              112.91936042488209,
              27.896699724625403
            ],
            [
              112.91151479610873,
              27.89599057395766
            ],
            [
              112.91051754936237,
              27.90342118538126
            ],
            [
              112.90952662855227,
              27.90417179562776
            ],
            [
              112.90866523043306,
              27.906731143673646
            ],
            [
              112.9079874829922,
              27.90730905994438
            ],
            [
              112.90696292476628,
              27.907626806876948
            ],
            [
              112.9066115550311,
              27.907575055366532
            ],
            [
              112.90644084458438,
              27.90740983077772
            ],
            [
              112.90562771743697,
              27.906622829030635
            ],
            [
              112.9049249770683,
              27.906891937236743
            ],
            [
              112.9038618290144,
              27.90926437680915
            ],
            [
              112.90247928136796,
              27.90937620151115
            ],
            [
              112.90173675192041,
              27.90943625960091
            ],
            [
              112.90156871306336,
              27.910176746530308
            ],
            [
              112.90118821365846,
              27.911853447784853
            ],
            [
              112.90115983857358,
              27.91197848281636
            ],
            [
              112.89977811468226,
              27.918066944465153
            ],
            [
              112.8995925793384,
              27.918884464043334
            ],
            [
              112.90425499376649,
              27.919495875431842
            ],
            [
              112.91201856413353,
              27.920513953809316
            ],
            [
              112.91316017373931,
              27.917138554673596
            ],
            [
              112.91737534842845,
              27.910077034063384
            ],
            [
              112.9198342008545,
              27.90891300308784
            ],
            [
              112.92191711462233,
              27.908776658704216
            ],
            [
              112.92199606934925,
              27.908771490039378
            ],
            [
              112.92208636530665,
              27.90876557913775
            ],
            [
              112.92220523667326,
              27.908757797958415
            ]
          ]
        ]
      }
    },
    {
      "type": "Feature",
      "properties": {
        "name": "九华杉山学校",
        "isAssistFeature": false
      },
      "geometry": {
        "type": "Polygon",
        "coordinates": [
          [
            [
              112.90020796932549,
              27.9746700027931
            ],
            [
              112.90116196937741,
              27.97457500285373
            ],
            [
              112.9017923396702,
              27.97498951122414
            ],
            [
              112.90266296977556,
              27.975562003278903
            ],
            [
              112.90368135927045,
              27.97648787431995
            ],
            [
              112.90615196974522,
              27.978734002731105
            ],
            [
              112.90914596924725,
              27.98122000261973
            ],
            [
              112.9111159692754,
              27.981426002718084
            ],
            [
              112.91284296962937,
              27.981062002624217
            ],
            [
              112.91537696972215,
              27.98043900280119
            ],
            [
              112.91689596966361,
              27.978471002749117
            ],
            [
              112.91642037460275,
              27.97859486351847
            ],
            [
              112.91785682655612,
              27.974588797664104
            ],
            [
              112.9196525776737,
              27.974682087125277
            ],
            [
              112.92079211037456,
              27.9747412862118
            ],
            [
              112.92171256733381,
              27.97478910385572
            ],
            [
              112.92174872362568,
              27.973958888393106
            ],
            [
              112.92175233934469,
              27.97387586038658
            ],
            [
              112.92178817044642,
              27.973053099480257
            ],
            [
              112.91952008694909,
              27.972185086419707
            ],
            [
              112.92254419797942,
              27.96777814363855
            ],
            [
              112.92300206029658,
              27.967635417599176
            ],
            [
              112.92511469123234,
              27.96697686139907
            ],
            [
              112.92525695023734,
              27.966806759295086
            ],
            [
              112.9280939655502,
              27.963156938463513
            ],
            [
              112.9282900075896,
              27.962903587594585
            ],
            [
              112.92801958055311,
              27.960897189061985
            ],
            [
              112.92791199382309,
              27.960098949427838
            ],
            [
              112.92897043200998,
              27.954823360363406
            ],
            [
              112.92747186155471,
              27.95467145863051
            ],
            [
              112.92435866369932,
              27.954355890077768
            ],
            [
              112.92231738953986,
              27.95716067825591
            ],
            [
              112.91923435351846,
              27.95784971858463
            ],
            [
              112.91920482948832,
              27.95786551747131
            ],
            [
              112.9184616487622,
              27.958028812171754
            ],
            [
              112.91807747704443,
              27.958101526901714
            ],
            [
              112.917403209677,
              27.95822914989831
            ],
            [
              112.91460590798454,
              27.95682677879805
            ],
            [
              112.91432721914238,
              27.956993302953165
            ],
            [
              112.91234114825376,
              27.958180026000516
            ],
            [
              112.91203541383332,
              27.95836270791165
            ],
            [
              112.90946492058045,
              27.957694915399045
            ],
            [
              112.90727244019574,
              27.961300946364197
            ],
            [
              112.90515556292365,
              27.961300946364197
            ],
            [
              112.90542389239396,
              27.960817350209265
            ],
            [
              112.9071212348688,
              27.95776169436013
            ],
            [
              112.90636520733577,
              27.955157266017643
            ],
            [
              112.90798762133275,
              27.951616788152137
            ],
            [
              112.90845579181781,
              27.950582485491896
            ],
            [
              112.90893570058869,
              27.947944673190705
            ],
            [
              112.90491322081618,
              27.946353298256124
            ],
            [
              112.90840648149523,
              27.944471772109875
            ],
            [
              112.91131478710905,
              27.94299599593006
            ],
            [
              112.91464059103933,
              27.941308325292066
            ],
            [
              112.91775097986286,
              27.93972997569028
            ],
            [
              112.92952367564739,
              27.942764614214305
            ],
            [
              112.9296060718202,
              27.94278583867545
            ],
            [
              112.93132698878304,
              27.93782326443474
            ],
            [
              112.93291867321078,
              27.927526561426312
            ],
            [
              112.93045995463375,
              27.92617818052879
            ],
            [
              112.9282645511311,
              27.925441071681778
            ],
            [
              112.92686401022951,
              27.923997958451775
            ],
            [
              112.92593242314389,
              27.923399322183606
            ],
            [
              112.92520291926796,
              27.922930541976488
            ],
            [
              112.92391765198025,
              27.922104622700957
            ],
            [
              112.92151317906998,
              27.926884768066653
            ],
            [
              112.92110753492196,
              27.927691176675
            ],
            [
              112.92107820582625,
              27.92794290847339
            ],
            [
              112.92081020693595,
              27.930243102809847
            ],
            [
              112.92049282226462,
              27.932967101379965
            ],
            [
              112.90940363841007,
              27.930668384110692
            ],
            [
              112.90382958937718,
              27.930133083083838
            ],
            [
              112.9038449721281,
              27.933967471932316
            ],
            [
              112.90230739233158,
              27.93464668649748
            ],
            [
              112.90042331975361,
              27.935068089396694
            ],
            [
              112.89966676580784,
              27.935237304215548
            ],
            [
              112.8996045089654,
              27.935765368967484
            ],
            [
              112.89919880642687,
              27.939194360840233
            ],
            [
              112.89318370884398,
              27.949565021287388
            ],
            [
              112.89268080499848,
              27.950385549723492
            ],
            [
              112.89227027132036,
              27.95078913922978
            ],
            [
              112.89060841499422,
              27.952422871717154
            ],
            [
              112.89048261851508,
              27.95254206160833
            ],
            [
              112.89044204520695,
              27.952580504198476
            ],
            [
              112.88519346029305,
              27.9575533464041
            ],
            [
              112.88505975774112,
              27.95950195967378
            ],
            [
              112.8847651193111,
              27.959935704673143
            ],
            [
              112.88235227949222,
              27.962661001525266
            ],
            [
              112.88109494621659,
              27.963997759515845
            ],
            [
              112.8817120528842,
              27.964836017605247
            ],
            [
              112.8862684113115,
              27.971025026528203
            ],
            [
              112.88668011639274,
              27.971529091234274
            ],
            [
              112.89227027132036,
              27.978385404671457
            ],
            [
              112.89234780042095,
              27.97848049090049
            ],
            [
              112.89312711857434,
              27.979436287769822
            ],
            [
              112.89486996970147,
              27.98162300322196
            ],
            [
              112.89631096982512,
              27.980239003006577
            ],
            [
              112.89703996974619,
              27.978788002545492
            ],
            [
              112.89896496956852,
              27.976327002643107
            ],
            [
              112.89924396922778,
              27.974763002610946
            ],
            [
              112.90020796932549,
              27.9746700027931
            ]
          ]
        ]
      }
    },
    {
      "type": "Feature",
      "properties": {
        "name": "九华砂子塘潭州小学",
        "isAssistFeature": false
      },
      "geometry": {
        "type": "Polygon",
        "coordinates": [
          [
            [
              112.95920602216597,
              27.917022928669866
            ],
            [
              112.95920334608475,
              27.91693536490526
            ],
            [
              112.95892726145861,
              27.917008835189385
            ],
            [
              112.94601979943411,
              27.92036283091934
            ],
            [
              112.94589643020288,
              27.920389892259653
            ],
            [
              112.9455474356133,
              27.9204567228589
            ],
            [
              112.94247485238857,
              27.920869499874268
            ],
            [
              112.93340190305325,
              27.922039794928672
            ],
            [
              112.93340293701415,
              27.924393636306718
            ],
            [
              112.93291867321078,
              27.927526561426312
            ],
            [
              112.93132698878304,
              27.93782326443474
            ],
            [
              112.9296060718202,
              27.94278583867545
            ],
            [
              112.93770328906021,
              27.94487301649563
            ],
            [
              112.94656962588017,
              27.946492014808424
            ],
            [
              112.95127458811334,
              27.946465541682795
            ],
            [
              112.95345591591382,
              27.946453267704744
            ],
            [
              112.9585975366302,
              27.94642433770999
            ],
            [
              112.96001796982542,
              27.946406955585193
            ],
            [
              112.96001723141028,
              27.946380220564034
            ],
            [
              112.95988388908276,
              27.94155060460172
            ],
            [
              112.95920865243315,
              27.917118105455557
            ],
            [
              112.95920602216597,
              27.917022928669866
            ]
          ]
        ]
      }
    },
    {
      "type": "Feature",
      "properties": {
        "name": "九华莲城小学",
        "isAssistFeature": false
      },
      "geometry": {
        "type": "Polygon",
        "coordinates": [
          [
            [
              112.9431349461374,
              27.905008526944137
            ],
            [
              112.94237787655868,
              27.89910148993039
            ],
            [
              112.94234790426921,
              27.898858562126716
            ],
            [
              112.93753123114057,
              27.90020424859473
            ],
            [
              112.935693374189,
              27.896212280155375
            ],
            [
              112.93075315396268,
              27.897727016618813
            ],
            [
              112.93068815007209,
              27.89774694710554
            ],
            [
              112.9305935466929,
              27.897775953642274
            ],
            [
              112.92976961999912,
              27.89875386379861
            ],
            [
              112.9254381422268,
              27.89875187584968
            ],
            [
              112.92544350606737,
              27.898795048630426
            ],
            [
              112.92627308046929,
              27.906546286628107
            ],
            [
              112.9431349461374,
              27.905008526944137
            ]
          ]
        ]
      }
    },
    {
      "type": "Feature",
      "properties": {
        "name": "九华风车坪雅爱小学",
        "isAssistFeature": false
      },
      "geometry": {
        "type": "Polygon",
        "coordinates": [
          [
            [
              112.89607405893187,
              27.922119872787015
            ],
            [
              112.89266013117052,
              27.921252627384458
            ],
            [
              112.89028000350275,
              27.921309107031934
            ],
            [
              112.88475133466304,
              27.921440301687532
            ],
            [
              112.88538589829152,
              27.924644220923067
            ],
            [
              112.88566448562409,
              27.926050782377036
            ],
            [
              112.88889354908312,
              27.92708025848837
            ],
            [
              112.88961770349154,
              27.927311128520845
            ],
            [
              112.8941846027504,
              27.92694731183286
            ],
            [
              112.89452150511794,
              27.92650080807677
            ],
            [
              112.89636843415555,
              27.926379521845917
            ],
            [
              112.89729159234884,
              27.926318898522133
            ],
            [
              112.89701084007648,
              27.923259465554803
            ],
            [
              112.89610251396682,
              27.922154667073027
            ],
            [
              112.89607405893187,
              27.922119872787015
            ]
          ]
        ]
      }
    },
    {
      "type": "Feature",
      "properties": {
        "name": "九华风车坪雅爱小学",
        "isAssistFeature": false
      },
      "geometry": {
        "type": "Polygon",
        "coordinates": [
          [
            [
              112.92151317906998,
              27.926884768066653
            ],
            [
              112.92391765198025,
              27.922104622700957
            ],
            [
              112.92520291926796,
              27.922930541976488
            ],
            [
              112.92593242314389,
              27.923399322183606
            ],
            [
              112.92686401022951,
              27.923997958451775
            ],
            [
              112.9282645511311,
              27.925441071681778
            ],
            [
              112.93045995463375,
              27.92617818052879
            ],
            [
              112.93291867321078,
              27.927526561426312
            ],
            [
              112.93340293701415,
              27.924393636306718
            ],
            [
              112.93340190305325,
              27.922039794928672
            ],
            [
              112.93340658507249,
              27.921794358030755
            ],
            [
              112.93366512919444,
              27.912912695810192
            ],
            [
              112.92704432186997,
              27.912735719128584
            ],
            [
              112.92688661633362,
              27.912731039637855
            ],
            [
              112.92208198512134,
              27.91260610708376
            ],
            [
              112.92208537087167,
              27.912500386139012
            ],
            [
              112.92209098174891,
              27.912325213112265
            ],
            [
              112.92220523667326,
              27.908757797958415
            ],
            [
              112.92208636530665,
              27.90876557913775
            ],
            [
              112.92199606934925,
              27.908771490039378
            ],
            [
              112.92191711462233,
              27.908776658704216
            ],
            [
              112.9198342008545,
              27.90891300308784
            ],
            [
              112.91737534842845,
              27.910077034063384
            ],
            [
              112.91316017373931,
              27.917138554673596
            ],
            [
              112.91201856413353,
              27.920513953809316
            ],
            [
              112.90425499376649,
              27.919495875431842
            ],
            [
              112.8995925793384,
              27.918884464043334
            ],
            [
              112.89950404857053,
              27.921522654855128
            ],
            [
              112.89947511114029,
              27.92225787037098
            ],
            [
              112.89947392536409,
              27.92229761038498
            ],
            [
              112.89937303916781,
              27.924432388940627
            ],
            [
              112.8995112171265,
              27.926104998242067
            ],
            [
              112.89981212040732,
              27.9297472663062
            ],
            [
              112.90382958937718,
              27.930133083083838
            ],
            [
              112.90940363841007,
              27.930668384110692
            ],
            [
              112.92049282226462,
              27.932967101379965
            ],
            [
              112.92081020693595,
              27.930243102809847
            ],
            [
              112.92107820582625,
              27.92794290847339
            ],
            [
              112.92110753492196,
              27.927691176675
            ],
            [
              112.92151317906998,
              27.926884768066653
            ]
          ]
        ]
      }
    },
    {
      "type": "Feature",
      "properties": {
        "name": "云塘学校",
        "isAssistFeature": false
      },
      "geometry": {
        "type": "Polygon",
        "coordinates": [
          [
            [
              112.90306870106015,
              27.87455841475022
            ],
            [
              112.90321552530344,
              27.87294990228388
            ],
            [
              112.90490822348826,
              27.87344581092045
            ],
            [
              112.9056771957445,
              27.873599089392222
            ],
            [
              112.90650913720725,
              27.873764919869004
            ],
            [
              112.90569140439736,
              27.870412547486264
            ],
            [
              112.90521036554588,
              27.86784024767197
            ],
            [
              112.90389358715461,
              27.867465781729944
            ],
            [
              112.90344663846986,
              27.867338504246593
            ],
            [
              112.90332532907559,
              27.86730441976686
            ],
            [
              112.90092071872306,
              27.866739604546424
            ],
            [
              112.90002676475962,
              27.86653401316237
            ],
            [
              112.89913645076975,
              27.86633411859917
            ],
            [
              112.89631769281674,
              27.865698931740503
            ],
            [
              112.89463043572759,
              27.867553318018672
            ],
            [
              112.89497813404819,
              27.868386067873136
            ],
            [
              112.8951819770575,
              27.86900294466796
            ],
            [
              112.89575249350122,
              27.870868758084303
            ],
            [
              112.89745909311506,
              27.87129712286321
            ],
            [
              112.8987151831223,
              27.871607387009135
            ],
            [
              112.90037458255618,
              27.872004319766052
            ],
            [
              112.9006502719236,
              27.872099347149277
            ],
            [
              112.90087192044017,
              27.872174598079464
            ],
            [
              112.9011442986175,
              27.87226514101061
            ],
            [
              112.9006451164922,
              27.874082328524473
            ],
            [
              112.90167020023257,
              27.875238377185603
            ],
            [
              112.90270016811314,
              27.875228892672638
            ],
            [
              112.90306870106015,
              27.87455841475022
            ]
          ]
        ]
      }
    },
    {
      "type": "Feature",
      "properties": {
        "name": "云塘学校",
        "isAssistFeature": false
      },
      "geometry": {
        "type": "Polygon",
        "coordinates": [
          [
            [
              112.89755088027582,
              27.875155872059132
            ],
            [
              112.89687910932656,
              27.874812191077567
            ],
            [
              112.8961511541462,
              27.87436787505608
            ],
            [
              112.89560155497392,
              27.873450187177372
            ],
            [
              112.89550995466271,
              27.873045321916134
            ],
            [
              112.89490409669911,
              27.874595700292875
            ],
            [
              112.89439830387164,
              27.87468086285728
            ],
            [
              112.89433407612547,
              27.875142163020293
            ],
            [
              112.89465521395807,
              27.875120872079084
            ],
            [
              112.89474352733366,
              27.87541184500164
            ],
            [
              112.89514495029815,
              27.875511201895176
            ],
            [
              112.89502452304946,
              27.876185403689856
            ],
            [
              112.89522360858106,
              27.87672871864171
            ],
            [
              112.89542678054886,
              27.877280937121867
            ],
            [
              112.89543295107654,
              27.877649285815124
            ],
            [
              112.89541403614994,
              27.878373677091684
            ],
            [
              112.89526753170688,
              27.87853483437689
            ],
            [
              112.89484053909614,
              27.879004531925354
            ],
            [
              112.89545226934675,
              27.87919604094244
            ],
            [
              112.89535031415522,
              27.879804361456426
            ],
            [
              112.89677195199128,
              27.880042621735672
            ],
            [
              112.89691050903902,
              27.880065842830234
            ],
            [
              112.89731294979472,
              27.880412677759637
            ],
            [
              112.89727334936204,
              27.88045489864983
            ],
            [
              112.89607674399626,
              27.88173068482732
            ],
            [
              112.89357799199858,
              27.88275073601324
            ],
            [
              112.89288793224847,
              27.883036546335653
            ],
            [
              112.89359724828503,
              27.88306831446083
            ],
            [
              112.89392136133785,
              27.88308283001912
            ],
            [
              112.8952624265811,
              27.882742677436113
            ],
            [
              112.89562229617549,
              27.882649944600956
            ],
            [
              112.90012202840057,
              27.881506467609846
            ],
            [
              112.90018113574963,
              27.881491897051767
            ],
            [
              112.90015161980433,
              27.881411659692755
            ],
            [
              112.9001409918362,
              27.881382765494553
            ],
            [
              112.89996892134018,
              27.880912400943732
            ],
            [
              112.89969690787888,
              27.88016741401823
            ],
            [
              112.89811094122793,
              27.87851898339801
            ],
            [
              112.89804147630362,
              27.87844536628249
            ],
            [
              112.89751709014642,
              27.877879314026163
            ],
            [
              112.8974664018082,
              27.8776404804381
            ],
            [
              112.89733347989223,
              27.877036242782477
            ],
            [
              112.89737141844164,
              27.876203191758428
            ],
            [
              112.8973842643502,
              27.875952610877494
            ],
            [
              112.89738934522144,
              27.87591266485046
            ],
            [
              112.89755088027582,
              27.875155872059132
            ]
          ]
        ]
      }
    },
    {
      "type": "Feature",
      "properties": {
        "name": "仁兴学校",
        "isAssistFeature": false
      },
      "geometry": {
        "type": "Polygon",
        "coordinates": [
          [
            [
              112.77485171858666,
              27.968559655626468
            ],
            [
              112.77526458518955,
              27.967830362196015
            ],
            [
              112.77539307751283,
              27.96760338948535
            ],
            [
              112.77533097428231,
              27.96749925679279
            ],
            [
              112.77428998407318,
              27.96586635943733
            ],
            [
              112.77292087432508,
              27.965235452689452
            ],
            [
              112.77244428303257,
              27.965015831136025
            ],
            [
              112.77244428303257,
              27.963243875248498
            ],
            [
              112.77290695942133,
              27.96280116102127
            ],
            [
              112.7731955045788,
              27.962529331665774
            ],
            [
              112.77321973393863,
              27.962504569164146
            ],
            [
              112.77340725725419,
              27.962322447292276
            ],
            [
              112.77335580265306,
              27.961928568239443
            ],
            [
              112.77326490482439,
              27.96123275407702
            ],
            [
              112.77320662751866,
              27.960786639585553
            ],
            [
              112.7728395848767,
              27.960262935818477
            ],
            [
              112.77294763423909,
              27.960070323810086
            ],
            [
              112.77329614553501,
              27.959449054707775
            ],
            [
              112.77333478746529,
              27.95920468430511
            ],
            [
              112.7733658754623,
              27.95900881084664
            ],
            [
              112.77365422209209,
              27.95722394401829
            ],
            [
              112.77365907748622,
              27.957191529563758
            ],
            [
              112.77366580047781,
              27.957150182096406
            ],
            [
              112.7736810116505,
              27.957057797915972
            ],
            [
              112.77451802410299,
              27.956704464930546
            ],
            [
              112.77540277213139,
              27.956246809498065
            ],
            [
              112.77547254338118,
              27.956284230345013
            ],
            [
              112.77568018356924,
              27.956394198839824
            ],
            [
              112.77624337515007,
              27.956845601797177
            ],
            [
              112.77650994392243,
              27.95705901194217
            ],
            [
              112.77697560092132,
              27.957431917294773
            ],
            [
              112.7772044853675,
              27.957615219384074
            ],
            [
              112.77711855612068,
              27.95797574620187
            ],
            [
              112.7770610989768,
              27.95822358289464
            ],
            [
              112.77728602005595,
              27.959303494505686
            ],
            [
              112.77737548417342,
              27.959564797181013
            ],
            [
              112.77740832298694,
              27.959661417096736
            ],
            [
              112.78062956481482,
              27.96019604414681
            ],
            [
              112.78175286226355,
              27.961277520544265
            ],
            [
              112.78316118796536,
              27.961454677983067
            ],
            [
              112.78474467796109,
              27.96297244848754
            ],
            [
              112.78480313403156,
              27.96302723931389
            ],
            [
              112.78577651793073,
              27.963235732217584
            ],
            [
              112.78575926488737,
              27.96327363939792
            ],
            [
              112.78516618995027,
              27.964476530081356
            ],
            [
              112.78509051946399,
              27.964625303027933
            ],
            [
              112.78553096524445,
              27.964477567089972
            ],
            [
              112.78576082975259,
              27.96440046503594
            ],
            [
              112.78662402540068,
              27.96411092798717
            ],
            [
              112.7868583769937,
              27.96423353337795
            ],
            [
              112.7876609543264,
              27.964654574872636
            ],
            [
              112.78929633280956,
              27.965511973856483
            ],
            [
              112.78935935501663,
              27.96547407857022
            ],
            [
              112.7905099199275,
              27.964797031123233
            ],
            [
              112.79226550377543,
              27.962251568259084
            ],
            [
              112.79426354830849,
              27.962353278875646
            ],
            [
              112.79429596221888,
              27.963978918721605
            ],
            [
              112.795314922144,
              27.964307053224406
            ],
            [
              112.79523666540801,
              27.964730214463284
            ],
            [
              112.79488521033286,
              27.965381748326035
            ],
            [
              112.79465125849015,
              27.965814158971455
            ],
            [
              112.7947099831569,
              27.965843172633335
            ],
            [
              112.79513781389582,
              27.96605454892106
            ],
            [
              112.79604888974858,
              27.966504678516404
            ],
            [
              112.7963109157405,
              27.966346038898184
            ],
            [
              112.79722381337663,
              27.96579333812564
            ],
            [
              112.801394714597,
              27.961181461458054
            ],
            [
              112.80282888662622,
              27.960050540494187
            ],
            [
              112.80546031170651,
              27.960688212394295
            ],
            [
              112.80799126022227,
              27.96083594241103
            ],
            [
              112.80795675054233,
              27.96014293401522
            ],
            [
              112.80788416217578,
              27.958227049576415
            ],
            [
              112.80749052940145,
              27.95624953591984
            ],
            [
              112.80645998929403,
              27.955111920934538
            ],
            [
              112.80652141429653,
              27.95415336620544
            ],
            [
              112.8069766319735,
              27.95313435021601
            ],
            [
              112.80633697938892,
              27.95172177729954
            ],
            [
              112.8069766319735,
              27.951156743276034
            ],
            [
              112.80609095868037,
              27.948918309531027
            ],
            [
              112.8066568056812,
              27.947288352914455
            ],
            [
              112.80741946906922,
              27.946027835860477
            ],
            [
              112.80717344836067,
              27.944658637120643
            ],
            [
              112.8083543457854,
              27.943637160316168
            ],
            [
              112.80971493950462,
              27.940438352287085
            ],
            [
              112.81007648715195,
              27.93985543797952
            ],
            [
              112.80975666085968,
              27.93855647946761
            ],
            [
              112.80766548887944,
              27.93801311147054
            ],
            [
              112.80845275352983,
              27.936622075961257
            ],
            [
              112.8077638975222,
              27.93573093461262
            ],
            [
              112.80638618371026,
              27.93664381114041
            ],
            [
              112.80572192896501,
              27.933535652000813
            ],
            [
              112.8066568056812,
              27.931579422413325
            ],
            [
              112.80633697938892,
              27.92953621181626
            ],
            [
              112.80467866781485,
              27.928707659547115
            ],
            [
              112.80467121628956,
              27.928765629816084
            ],
            [
              112.80466303084071,
              27.92881101532664
            ],
            [
              112.804554051722,
              27.929485016845312
            ],
            [
              112.80450793131702,
              27.929490601997724
            ],
            [
              112.80340800443872,
              27.929485016845312
            ],
            [
              112.80127206581463,
              27.929485016845312
            ],
            [
              112.80124048194754,
              27.9294657747747
            ],
            [
              112.79946214646839,
              27.928589512456796
            ],
            [
              112.79806182295911,
              27.929252312487083
            ],
            [
              112.79748317945703,
              27.929526194737907
            ],
            [
              112.79743503694435,
              27.92954898138734
            ],
            [
              112.79727723798321,
              27.930675320036837
            ],
            [
              112.79785143212968,
              27.932355491576413
            ],
            [
              112.79799507184529,
              27.932771941450998
            ],
            [
              112.79673520172729,
              27.934239593825176
            ],
            [
              112.79666660996548,
              27.934277003250152
            ],
            [
              112.79150342429239,
              27.93753226647673
            ],
            [
              112.78821651651556,
              27.93809853602013
            ],
            [
              112.7878062676034,
              27.93722442300508
            ],
            [
              112.78744795119614,
              27.937359960110996
            ],
            [
              112.78682123704657,
              27.93759702146692
            ],
            [
              112.78645665039862,
              27.93773492945143
            ],
            [
              112.78462145964681,
              27.938917130231946
            ],
            [
              112.78255687061247,
              27.938748244971432
            ],
            [
              112.78152457609532,
              27.93766737463968
            ],
            [
              112.7801099496101,
              27.938478028799064
            ],
            [
              112.77888648910888,
              27.93841047445199
            ],
            [
              112.77728933034778,
              27.940090010667014
            ],
            [
              112.77582783785586,
              27.940200647203273
            ],
            [
              112.77459496121384,
              27.940061113092973
            ],
            [
              112.77283758163361,
              27.93986221618168
            ],
            [
              112.77080530769499,
              27.93901702878874
            ],
            [
              112.76965498532927,
              27.93788752720486
            ],
            [
              112.76766469146051,
              27.935273831559666
            ],
            [
              112.76650801531078,
              27.934699370283035
            ],
            [
              112.76450097864175,
              27.932699831895494
            ],
            [
              112.75943924240866,
              27.93067463271429
            ],
            [
              112.76069136545563,
              27.927500072541545
            ],
            [
              112.76210680940777,
              27.926345663112617
            ],
            [
              112.76377701108292,
              27.925429191378235
            ],
            [
              112.76298064649873,
              27.923690787604343
            ],
            [
              112.76314117274505,
              27.920958259803708
            ],
            [
              112.76359480220059,
              27.91900137474267
            ],
            [
              112.76325005304903,
              27.91739857818551
            ],
            [
              112.76431876975941,
              27.91339314626692
            ],
            [
              112.76567341303819,
              27.91196507532619
            ],
            [
              112.76290598571883,
              27.909263837797074
            ],
            [
              112.76148628105726,
              27.907657849356564
            ],
            [
              112.75798830512127,
              27.904587130715598
            ],
            [
              112.75844128778985,
              27.902380083870078
            ],
            [
              112.75911550036004,
              27.89909506643055
            ],
            [
              112.75744922881425,
              27.898482857751098
            ],
            [
              112.7574204970982,
              27.89847230111201
            ],
            [
              112.75605753721652,
              27.897971530029142
            ],
            [
              112.75714532965195,
              27.896705889448082
            ],
            [
              112.75722479372367,
              27.896613432949696
            ],
            [
              112.75770039597104,
              27.89606006659201
            ],
            [
              112.7580130564023,
              27.895087386364807
            ],
            [
              112.75859909214087,
              27.893924986055346
            ],
            [
              112.75952144005377,
              27.894275928909128
            ],
            [
              112.75983722662222,
              27.893825505527936
            ],
            [
              112.75933697011187,
              27.893225859085884
            ],
            [
              112.76034854408869,
              27.89288480785636
            ],
            [
              112.76147398940924,
              27.89250536306382
            ],
            [
              112.75987680280039,
              27.88944875613647
            ],
            [
              112.75862952436773,
              27.88901205727134
            ],
            [
              112.75760902922183,
              27.887399533041098
            ],
            [
              112.75686546401677,
              27.887154305767872
            ],
            [
              112.75543574044485,
              27.88669285032797
            ],
            [
              112.75432083954911,
              27.8863337094509
            ],
            [
              112.75277287163463,
              27.88583391123955
            ],
            [
              112.75193482611958,
              27.885564553755152
            ],
            [
              112.75091371293274,
              27.887264292991603
            ],
            [
              112.74979021875299,
              27.88913442154874
            ],
            [
              112.74977696680591,
              27.889156480689334
            ],
            [
              112.74908991102208,
              27.890299969789357
            ],
            [
              112.74846785194237,
              27.891228716939462
            ],
            [
              112.74833624875325,
              27.891425157079397
            ],
            [
              112.74655395709358,
              27.894085496156084
            ],
            [
              112.74574046523016,
              27.89370708770274
            ],
            [
              112.74379752605158,
              27.892803292736108
            ],
            [
              112.74307954127254,
              27.892469307172547
            ],
            [
              112.74298503491138,
              27.892425345852327
            ],
            [
              112.74229410199884,
              27.892103941771275
            ],
            [
              112.73972343447275,
              27.892379339283373
            ],
            [
              112.73838263423251,
              27.892522980133208
            ],
            [
              112.73817745093677,
              27.892544961569705
            ],
            [
              112.73808504214182,
              27.892554861392405
            ],
            [
              112.73616155328578,
              27.89276092501572
            ],
            [
              112.7348954066389,
              27.89289656787817
            ],
            [
              112.73380964529434,
              27.892433222686872
            ],
            [
              112.73037598334281,
              27.89575696151266
            ],
            [
              112.7298974292314,
              27.896537098620232
            ],
            [
              112.72968977197539,
              27.896908841724393
            ],
            [
              112.72454896153937,
              27.895377937252537
            ],
            [
              112.72427751581334,
              27.895293861188662
            ],
            [
              112.72422097495105,
              27.895639001517665
            ],
            [
              112.72348069578331,
              27.901468389093342
            ],
            [
              112.72288378863317,
              27.905820334193997
            ],
            [
              112.72198842790804,
              27.908292952052008
            ],
            [
              112.72149467070876,
              27.909992335152854
            ],
            [
              112.72127959965671,
              27.91073254678856
            ],
            [
              112.72073449924734,
              27.911687477988806
            ],
            [
              112.71915311759759,
              27.914457767486994
            ],
            [
              112.716085087933,
              27.918679694792136
            ],
            [
              112.7224437039755,
              27.91956480606986
            ],
            [
              112.7269502202776,
              27.921050763758732
            ],
            [
              112.7269502202776,
              27.92368784922954
            ],
            [
              112.72571909894364,
              27.92434711074477
            ],
            [
              112.72329416241118,
              27.925929321818785
            ],
            [
              112.72299570883612,
              27.927083002314106
            ],
            [
              112.72359261598622,
              27.928269633351487
            ],
            [
              112.72433622970033,
              27.929159476646202
            ],
            [
              112.72487195349474,
              27.929607798064662
            ],
            [
              112.7252832318762,
              27.93059193174597
            ],
            [
              112.72547173435542,
              27.931924282675364
            ],
            [
              112.72593442242231,
              27.932393630235694
            ],
            [
              112.72636283706612,
              27.932370919583988
            ],
            [
              112.72839312482965,
              27.931432264292074
            ],
            [
              112.73354540495521,
              27.931640530098587
            ],
            [
              112.73630675786664,
              27.932949615501524
            ],
            [
              112.73664350841888,
              27.934288437344325
            ],
            [
              112.73755273464043,
              27.93527022922204
            ],
            [
              112.73788948429437,
              27.939256807010583
            ],
            [
              112.73883238476265,
              27.94282675199676
            ],
            [
              112.73856298539886,
              27.945593378708303
            ],
            [
              112.73825990999165,
              27.948092206387933
            ],
            [
              112.73866400903741,
              27.949728311878065
            ],
            [
              112.73974161098423,
              27.951215659283463
            ],
            [
              112.74085288627948,
              27.952435268805072
            ],
            [
              112.7412025761651,
              27.953242277046016
            ],
            [
              112.74693077699906,
              27.95980815431224
            ],
            [
              112.7486988555143,
              27.96322471615489
            ],
            [
              112.75146760245883,
              27.96664602789699
            ],
            [
              112.75158897293856,
              27.966796002248415
            ],
            [
              112.75208004417513,
              27.96661330446156
            ],
            [
              112.75446876243197,
              27.965724605185986
            ],
            [
              112.75647495917622,
              27.966291621074202
            ],
            [
              112.75639471087524,
              27.96480319841002
            ],
            [
              112.75816016451324,
              27.964236174701167
            ],
            [
              112.75992561725293,
              27.965299341314623
            ],
            [
              112.76128983028443,
              27.967567395929358
            ],
            [
              112.7630552839224,
              27.96827615401364
            ],
            [
              112.76433924955127,
              27.967921775553418
            ],
            [
              112.76795040333158,
              27.96841790491315
            ],
            [
              112.7706788302929,
              27.97018977504805
            ],
            [
              112.77462703466274,
              27.9745170301994
            ],
            [
              112.77477854002697,
              27.974683075641373
            ],
            [
              112.77573198851336,
              27.97210718460186
            ],
            [
              112.77511068581508,
              27.97038262367173
            ],
            [
              112.77499574008628,
              27.970063564140244
            ],
            [
              112.77485171858666,
              27.968559655626468
            ]
          ]
        ]
      }
    },
    {
      "type": "Feature",
      "properties": {
        "name": "先锋学校",
        "isAssistFeature": false
      },
      "geometry": {
        "type": "Polygon",
        "coordinates": [
          [
            [
              112.8810274027887,
              27.886433084114937
            ],
            [
              112.8813611772224,
              27.885474110075897
            ],
            [
              112.88257314916943,
              27.884236873802138
            ],
            [
              112.8838492087255,
              27.882860825375182
            ],
            [
              112.88402941975465,
              27.8812232966014
            ],
            [
              112.8815078253959,
              27.880273223722487
            ],
            [
              112.88042267400743,
              27.879864365286803
            ],
            [
              112.87993386113547,
              27.879693078707824
            ],
            [
              112.87599646709172,
              27.87824290426677
            ],
            [
              112.87273451720846,
              27.877041046897297
            ],
            [
              112.87114720937277,
              27.876463142912996
            ],
            [
              112.87090854676474,
              27.87423962101013
            ],
            [
              112.870512710423,
              27.87081835249383
            ],
            [
              112.86721896467022,
              27.87110588893799
            ],
            [
              112.86568139745015,
              27.86560434029267
            ],
            [
              112.86538200783058,
              27.86564920036261
            ],
            [
              112.86531844663432,
              27.865658724627675
            ],
            [
              112.86285021220347,
              27.866028559776755
            ],
            [
              112.85833790625938,
              27.868036248197654
            ],
            [
              112.85833549518118,
              27.873189734864354
            ],
            [
              112.8583536231836,
              27.87383744273027
            ],
            [
              112.8618565263789,
              27.873580691826014
            ],
            [
              112.86206959508618,
              27.87358139856958
            ],
            [
              112.86213889202556,
              27.873581616151323
            ],
            [
              112.86182307760932,
              27.87464707688141
            ],
            [
              112.85944426327846,
              27.87596551144394
            ],
            [
              112.85836080701092,
              27.876559383697543
            ],
            [
              112.8589404799823,
              27.877661826468515
            ],
            [
              112.86008032260193,
              27.879962303104165
            ],
            [
              112.86035911205539,
              27.88059738172515
            ],
            [
              112.86055768644559,
              27.880722526716976
            ],
            [
              112.86098628434574,
              27.881014111882774
            ],
            [
              112.8615489719717,
              27.881396919198078
            ],
            [
              112.86849587672747,
              27.883528240976652
            ],
            [
              112.86725259130627,
              27.88688965282064
            ],
            [
              112.86486771873714,
              27.88643489681621
            ],
            [
              112.86469860280006,
              27.887115758921134
            ],
            [
              112.86451236587202,
              27.887865542173103
            ],
            [
              112.86468959898599,
              27.888222356352365
            ],
            [
              112.86699255238771,
              27.889532062612833
            ],
            [
              112.86848870367993,
              27.890361082539034
            ],
            [
              112.87011755949581,
              27.891258324666108
            ],
            [
              112.87064605275049,
              27.89133955909266
            ],
            [
              112.87181793019147,
              27.889836699233175
            ],
            [
              112.8751551032,
              27.890828667652332
            ],
            [
              112.87638899224333,
              27.891195436323812
            ],
            [
              112.87706119618055,
              27.89046565162898
            ],
            [
              112.88038967349718,
              27.886877515791966
            ],
            [
              112.88085466125113,
              27.88637888727095
            ],
            [
              112.8810274027887,
              27.886433084114937
            ]
          ]
        ]
      }
    },
    {
      "type": "Feature",
      "properties": {
        "name": "南谷小学",
        "isAssistFeature": false
      },
      "geometry": {
        "type": "Polygon",
        "coordinates": [
          [
            [
              112.77744597317714,
              28.037298001872276
            ],
            [
              112.77882597320145,
              28.03728100229619
            ],
            [
              112.781907972567,
              28.03790000159279
            ],
            [
              112.7831669731158,
              28.037036001950792
            ],
            [
              112.7842395418021,
              28.03589329738552
            ],
            [
              112.78493797295236,
              28.035131002076525
            ],
            [
              112.78490846239694,
              28.03330723804958
            ],
            [
              112.78476397287507,
              28.030993002341585
            ],
            [
              112.78493897277725,
              28.02863900175181
            ],
            [
              112.78544180924911,
              28.02805360552597
            ],
            [
              112.78608397262492,
              28.02730600223166
            ],
            [
              112.78692597252386,
              28.02710600219165
            ],
            [
              112.7896959726182,
              28.02754300232923
            ],
            [
              112.79225797319843,
              28.02854400180591
            ],
            [
              112.79723997227195,
              28.028575002381743
            ],
            [
              112.7987339729974,
              28.02902400263555
            ],
            [
              112.79881072415697,
              28.028876120235914
            ],
            [
              112.8005304822931,
              28.02580344821546
            ],
            [
              112.79961613208114,
              28.02504844664064
            ],
            [
              112.79882814249032,
              28.024397163931514
            ],
            [
              112.79876663035124,
              28.024346085333637
            ],
            [
              112.79671405179225,
              28.0239578188419
            ],
            [
              112.79662186038958,
              28.023927799449794
            ],
            [
              112.79651607298511,
              28.023891126868474
            ],
            [
              112.79538414092987,
              28.023495499767463
            ],
            [
              112.7951999952798,
              28.023430874839814
            ],
            [
              112.79512903735551,
              28.023406411009606
            ],
            [
              112.79511106745656,
              28.02320756942587
            ],
            [
              112.7950304553379,
              28.022313113193473
            ],
            [
              112.79493067227277,
              28.021569377172927
            ],
            [
              112.79521513728221,
              28.021569377172927
            ],
            [
              112.79730896647906,
              28.02156937796595
            ],
            [
              112.79718377815935,
              28.02076816007718
            ],
            [
              112.79700208940159,
              28.01960532165274
            ],
            [
              112.79877946548002,
              28.017785215306663
            ],
            [
              112.80106820573731,
              28.016896220902282
            ],
            [
              112.80147197240638,
              28.016442557718307
            ],
            [
              112.80191211725118,
              28.015948018942087
            ],
            [
              112.80171046163959,
              28.013856068324348
            ],
            [
              112.80168412842534,
              28.013582887805672
            ],
            [
              112.80169350863353,
              28.01290189949877
            ],
            [
              112.80274441085349,
              28.01192310826789
            ],
            [
              112.80352321966213,
              28.011206885491937
            ],
            [
              112.80429041145747,
              28.009852237599507
            ],
            [
              112.80237514488124,
              28.009593995175102
            ],
            [
              112.80060789101944,
              28.008768507336203
            ],
            [
              112.80083804837838,
              28.004568948195246
            ],
            [
              112.80321634258468,
              28.002265895210193
            ],
            [
              112.8048274458939,
              27.998878962458406
            ],
            [
              112.80398353438,
              27.997185456162068
            ],
            [
              112.80521104179157,
              27.996440305278153
            ],
            [
              112.80659198684356,
              27.996914493160933
            ],
            [
              112.80651526712501,
              27.994204820921414
            ],
            [
              112.80751261538101,
              27.994069335362557
            ],
            [
              112.80796988391177,
              27.992983446647138
            ],
            [
              112.80619693922263,
              27.992051261979377
            ],
            [
              112.8057594614759,
              27.991821076113876
            ],
            [
              112.80424701025284,
              27.991025272854614
            ],
            [
              112.80230251429391,
              27.990002132004523
            ],
            [
              112.80094182625157,
              27.98928616965049
            ],
            [
              112.79978502523603,
              27.986790314603866
            ],
            [
              112.80141284888765,
              27.985397212855258
            ],
            [
              112.8030515178997,
              27.984454320742593
            ],
            [
              112.80397500487639,
              27.98308102105991
            ],
            [
              112.80515671078487,
              27.982638302556282
            ],
            [
              112.80516670633905,
              27.98165011585122
            ],
            [
              112.80510507023247,
              27.980628064889906
            ],
            [
              112.80508638257959,
              27.98031817459449
            ],
            [
              112.80471219743285,
              27.97972672852965
            ],
            [
              112.80415998326474,
              27.978852186194008
            ],
            [
              112.80376266290615,
              27.97877029243717
            ],
            [
              112.80315819643295,
              27.978645702012635
            ],
            [
              112.80194840739203,
              27.978398197819292
            ],
            [
              112.80195241387821,
              27.97805397545832
            ],
            [
              112.8019555750497,
              27.97778237968766
            ],
            [
              112.8019661131863,
              27.976876882301315
            ],
            [
              112.80233810824039,
              27.976467218168256
            ],
            [
              112.80285502670264,
              27.97589795109564
            ],
            [
              112.80264420468188,
              27.97585898209743
            ],
            [
              112.80170372247834,
              27.975685139098786
            ],
            [
              112.8005631270705,
              27.974554862014887
            ],
            [
              112.80054840278468,
              27.973444255575355
            ],
            [
              112.80054706249828,
              27.973343162334196
            ],
            [
              112.79999645631455,
              27.973119281849502
            ],
            [
              112.79946537142027,
              27.972903338514097
            ],
            [
              112.79948191569285,
              27.972813669227488
            ],
            [
              112.79948966635715,
              27.972775247330727
            ],
            [
              112.7996496958351,
              27.971640622217006
            ],
            [
              112.79893749351153,
              27.971361590646385
            ],
            [
              112.79791470676336,
              27.972387856516843
            ],
            [
              112.79677241892954,
              27.97199010050185
            ],
            [
              112.79630987638973,
              27.971006336116112
            ],
            [
              112.79600224562576,
              27.969630646093417
            ],
            [
              112.7957972087554,
              27.968235686705167
            ],
            [
              112.79587613024466,
              27.96769288617346
            ],
            [
              112.79604888974858,
              27.966504678516404
            ],
            [
              112.79513781389582,
              27.96605454892106
            ],
            [
              112.7947099831569,
              27.965843172633335
            ],
            [
              112.79465125849015,
              27.965814158971455
            ],
            [
              112.79488521033286,
              27.965381748326035
            ],
            [
              112.79523666540801,
              27.964730214463284
            ],
            [
              112.795314922144,
              27.964307053224406
            ],
            [
              112.79429596221888,
              27.963978918721605
            ],
            [
              112.79426354830849,
              27.962353278875646
            ],
            [
              112.79226550377543,
              27.962251568259084
            ],
            [
              112.7905099199275,
              27.964797031123233
            ],
            [
              112.78935935501663,
              27.96547407857022
            ],
            [
              112.78929633280956,
              27.965511973856483
            ],
            [
              112.7876609543264,
              27.964654574872636
            ],
            [
              112.7868583769937,
              27.96423353337795
            ],
            [
              112.78662402540068,
              27.96411092798717
            ],
            [
              112.78576082975259,
              27.96440046503594
            ],
            [
              112.78553096524445,
              27.964477567089972
            ],
            [
              112.78509051946399,
              27.964625303027933
            ],
            [
              112.78516618995027,
              27.964476530081356
            ],
            [
              112.78575926488737,
              27.96327363939792
            ],
            [
              112.78577651793073,
              27.963235732217584
            ],
            [
              112.78480313403156,
              27.96302723931389
            ],
            [
              112.78474467796109,
              27.96297244848754
            ],
            [
              112.78419105613295,
              27.962491221103047
            ],
            [
              112.78397349405262,
              27.962299626297323
            ],
            [
              112.78303700036892,
              27.961471891061183
            ],
            [
              112.78175303474005,
              27.961471891061183
            ],
            [
              112.7809990203316,
              27.960615611283984
            ],
            [
              112.78073545732218,
              27.960316167289992
            ],
            [
              112.78062956481482,
              27.96019604414681
            ],
            [
              112.77740832298694,
              27.959661417096736
            ],
            [
              112.77737548417342,
              27.959564797181013
            ],
            [
              112.77728602005595,
              27.959303494505686
            ],
            [
              112.7770610989768,
              27.95822358289464
            ],
            [
              112.77711855612068,
              27.95797574620187
            ],
            [
              112.7772044853675,
              27.957615219384074
            ],
            [
              112.77697560092132,
              27.957431917294773
            ],
            [
              112.77650994392243,
              27.95705901194217
            ],
            [
              112.77624337515007,
              27.956845601797177
            ],
            [
              112.77568018356924,
              27.956394198839824
            ],
            [
              112.77547254338118,
              27.956284230345013
            ],
            [
              112.77540277213139,
              27.956246809498065
            ],
            [
              112.77451802410299,
              27.956704464930546
            ],
            [
              112.77365422209209,
              27.95722394401829
            ],
            [
              112.7733658754623,
              27.95900881084664
            ],
            [
              112.77333478746529,
              27.95920468430511
            ],
            [
              112.77329614553501,
              27.959449054707775
            ],
            [
              112.77316651324963,
              27.96047956698663
            ],
            [
              112.77318930530501,
              27.9606540375105
            ],
            [
              112.77319920653609,
              27.96072982907433
            ],
            [
              112.77320662751866,
              27.960786639585553
            ],
            [
              112.77326490482439,
              27.96123275407702
            ],
            [
              112.77335580265306,
              27.961928568239443
            ],
            [
              112.77340725725419,
              27.962322447292276
            ],
            [
              112.77321973393863,
              27.962504569164146
            ],
            [
              112.7731955045788,
              27.962529331665774
            ],
            [
              112.77290695942133,
              27.96280116102127
            ],
            [
              112.77244428303257,
              27.963243875248498
            ],
            [
              112.77244428303257,
              27.965015831136025
            ],
            [
              112.77292087432508,
              27.965235452689452
            ],
            [
              112.77428998407318,
              27.96586635943733
            ],
            [
              112.77522932272139,
              27.96728860612783
            ],
            [
              112.77541345399844,
              27.967567395929358
            ],
            [
              112.77539307751283,
              27.96760338948535
            ],
            [
              112.77526458518955,
              27.967830362196015
            ],
            [
              112.77485171858666,
              27.968559655626468
            ],
            [
              112.77509246259122,
              27.96983540366623
            ],
            [
              112.77511068581508,
              27.97038262367173
            ],
            [
              112.77573198851336,
              27.97210718460186
            ],
            [
              112.77477854002697,
              27.974683075641373
            ],
            [
              112.77462703466274,
              27.9745170301994
            ],
            [
              112.7706788302929,
              27.97018977504805
            ],
            [
              112.76795040333158,
              27.96841790491315
            ],
            [
              112.76433924955127,
              27.967921775553418
            ],
            [
              112.7630552839224,
              27.96827615401364
            ],
            [
              112.76128983028443,
              27.967567395929358
            ],
            [
              112.75992561725293,
              27.965299341314623
            ],
            [
              112.75816016451324,
              27.964236174701167
            ],
            [
              112.75639471087524,
              27.96480319841002
            ],
            [
              112.75647495917622,
              27.966291621074202
            ],
            [
              112.75446876243197,
              27.965724605185986
            ],
            [
              112.75208004417513,
              27.96661330446156
            ],
            [
              112.75158897293856,
              27.966796002248415
            ],
            [
              112.75286597303068,
              27.968742001817397
            ],
            [
              112.75403797354083,
              27.972660002185872
            ],
            [
              112.75413297307708,
              27.973794001726027
            ],
            [
              112.75275297305281,
              27.975682002215706
            ],
            [
              112.75316339533978,
              27.977251915911847
            ],
            [
              112.7546619729816,
              27.98041000179092
            ],
            [
              112.75487997343981,
              27.984025001666016
            ],
            [
              112.75605644396683,
              27.98615687912881
            ],
            [
              112.75806597346076,
              27.98894800199356
            ],
            [
              112.75892597290309,
              27.990150001945498
            ],
            [
              112.75975658306253,
              27.9927482623218
            ],
            [
              112.75992497316088,
              27.993275001871186
            ],
            [
              112.76032397336903,
              27.995033002214967
            ],
            [
              112.76015997333751,
              27.996444001550575
            ],
            [
              112.76014727834591,
              27.997683421169462
            ],
            [
              112.76007997297157,
              28.000004001907797
            ],
            [
              112.75891527666298,
              28.00344449415757
            ],
            [
              112.75813597288264,
              28.00567900165131
            ],
            [
              112.75888197342046,
              28.006422001954626
            ],
            [
              112.76147797343751,
              28.00736100203775
            ],
            [
              112.76150141317824,
              28.007385075337158
            ],
            [
              112.76247797352023,
              28.00838800229556
            ],
            [
              112.76315497356276,
              28.009752001727833
            ],
            [
              112.76344097289468,
              28.015457002215722
            ],
            [
              112.7641862970011,
              28.01916847961757
            ],
            [
              112.76457897306967,
              28.02076800226773
            ],
            [
              112.76769497277043,
              28.022465002122484
            ],
            [
              112.769556469787,
              28.02267593195925
            ],
            [
              112.76986597264005,
              28.022711002305396
            ],
            [
              112.7700212042161,
              28.022793145774017
            ],
            [
              112.77177236206464,
              28.02371980058041
            ],
            [
              112.77391197300165,
              28.024852002103618
            ],
            [
              112.77486697287851,
              28.026302001738348
            ],
            [
              112.77482022814438,
              28.0267748695097
            ],
            [
              112.77468497330364,
              28.028040002318086
            ],
            [
              112.77356697322014,
              28.028428001925192
            ],
            [
              112.77064138941016,
              28.030981782281415
            ],
            [
              112.7691265684314,
              28.03228182899254
            ],
            [
              112.76872234721478,
              28.032656989334807
            ],
            [
              112.76686197309229,
              28.034384002192592
            ],
            [
              112.76607197307187,
              28.037051001890866
            ],
            [
              112.7662359731034,
              28.03869000193418
            ],
            [
              112.76704497339041,
              28.039546001673223
            ],
            [
              112.7691265684314,
              28.039927547844577
            ],
            [
              112.77145497290172,
              28.040309002275666
            ],
            [
              112.77292197296465,
              28.039520001744407
            ],
            [
              112.77428497327054,
              28.038467001724896
            ],
            [
              112.77744597317714,
              28.037298001872276
            ]
          ]
        ]
      }
    },
    {
      "type": "Feature",
      "properties": {
        "name": "厂区",
        "isAssistFeature": false
      },
      "geometry": {
        "type": "Polygon",
        "coordinates": [
          [
            [
              112.93095697541246,
              27.81459482830654
            ],
            [
              112.93098610687879,
              27.8144792978284
            ],
            [
              112.93540127978787,
              27.814965868867123
            ],
            [
              112.93543093227706,
              27.814913166544873
            ],
            [
              112.93569427160598,
              27.812532818664295
            ],
            [
              112.93566685682012,
              27.804870112294942
            ],
            [
              112.9356553413165,
              27.799803189201572
            ],
            [
              112.93565520028099,
              27.799729412967473
            ],
            [
              112.93380763703277,
              27.79934870207455
            ],
            [
              112.93261524835894,
              27.79909841723704
            ],
            [
              112.93242515047177,
              27.799066130246814
            ],
            [
              112.93228995941142,
              27.799975426789867
            ],
            [
              112.92811897734269,
              27.80504028464346
            ],
            [
              112.92768014134323,
              27.805625022904767
            ],
            [
              112.92761136003688,
              27.805716671841378
            ],
            [
              112.927504961778,
              27.80929824356664
            ],
            [
              112.92759948161385,
              27.81061916503032
            ],
            [
              112.92759948161385,
              27.812562590904086
            ],
            [
              112.9275348783719,
              27.81521550060278
            ],
            [
              112.93081389175398,
              27.81523826999245
            ],
            [
              112.93095697541246,
              27.81459482830654
            ]
          ],
          [
            [
              112.93299889186733,
              27.80486129067875
            ],
            [
              112.93315476394217,
              27.804755165038156
            ],
            [
              112.9333818185201,
              27.804781943776558
            ],
            [
              112.93347933603408,
              27.804792465043395
            ],
            [
              112.93352890956305,
              27.804797813479453
            ],
            [
              112.93365823372632,
              27.804761421701333
            ],
            [
              112.93399466268168,
              27.804783343857583
            ],
            [
              112.93454846956274,
              27.804821444012667
            ],
            [
              112.93455181219394,
              27.80487112143313
            ],
            [
              112.93457344632091,
              27.805192606158382
            ],
            [
              112.93448690981299,
              27.80537964086143
            ],
            [
              112.93441610370397,
              27.805656022297526
            ],
            [
              112.93436758569547,
              27.805812733059607
            ],
            [
              112.93308343591198,
              27.80571355466162
            ],
            [
              112.93306484797212,
              27.805294233970347
            ],
            [
              112.93299889186733,
              27.80486129067875
            ]
          ]
        ]
      }
    },
    {
      "type": "Feature",
      "properties": {
        "name": "厂区",
        "isAssistFeature": false
      },
      "geometry": {
        "type": "Polygon",
        "coordinates": [
          [
            [
              112.89403418524594,
              27.831865114574285
            ],
            [
              112.89581220541645,
              27.829495807353965
            ],
            [
              112.89788250324445,
              27.83007736895892
            ],
            [
              112.8990516120777,
              27.829991211704193
            ],
            [
              112.89931107787108,
              27.829571887832078
            ],
            [
              112.89962984594797,
              27.82905059300931
            ],
            [
              112.89980666224365,
              27.827147987902496
            ],
            [
              112.90014765194572,
              27.82676026925376
            ],
            [
              112.90153596947125,
              27.826458710141733
            ],
            [
              112.90251022743116,
              27.826458710141733
            ],
            [
              112.90299735596197,
              27.826781809612225
            ],
            [
              112.90426389068107,
              27.826803349172003
            ],
            [
              112.90423265895359,
              27.825818357010522
            ],
            [
              112.90436506793152,
              27.824296066611627
            ],
            [
              112.90472257136346,
              27.823933055736735
            ],
            [
              112.90545082029291,
              27.823874505789465
            ],
            [
              112.90590101009924,
              27.823265581447096
            ],
            [
              112.90589490245364,
              27.821485927343936
            ],
            [
              112.90713199309265,
              27.821224508062485
            ],
            [
              112.907604062266,
              27.820693141238944
            ],
            [
              112.90811904575715,
              27.819820176038913
            ],
            [
              112.90811904575715,
              27.818909247656425
            ],
            [
              112.90730365485521,
              27.816176418246865
            ],
            [
              112.90756114615164,
              27.815075675883357
            ],
            [
              112.90850528449839,
              27.814468365140353
            ],
            [
              112.90957816759504,
              27.813063944947523
            ],
            [
              112.91022189763271,
              27.812760284375873
            ],
            [
              112.91073688202215,
              27.81219091841644
            ],
            [
              112.91073688202215,
              27.81112809376134
            ],
            [
              112.909738379431,
              27.810802641119903
            ],
            [
              112.91082242409509,
              27.80771215151533
            ],
            [
              112.9114853942495,
              27.80756158716504
            ],
            [
              112.91194009539518,
              27.806671993040904
            ],
            [
              112.91139399785584,
              27.806407593364817
            ],
            [
              112.9104511000825,
              27.805631695883765
            ],
            [
              112.90995300222377,
              27.804194539061367
            ],
            [
              112.90740321513816,
              27.80592541859104
            ],
            [
              112.90623999206666,
              27.807156153335686
            ],
            [
              112.90515196786586,
              27.807983460812437
            ],
            [
              112.90360582892137,
              27.80848997289004
            ],
            [
              112.90242227607665,
              27.808527977985964
            ],
            [
              112.90114141143215,
              27.80828566478002
            ],
            [
              112.89633767045031,
              27.803985208925607
            ],
            [
              112.8955828170154,
              27.80374652487935
            ],
            [
              112.8953624773442,
              27.803607746990313
            ],
            [
              112.8951986021785,
              27.803507365133814
            ],
            [
              112.89346150026917,
              27.80484674557859
            ],
            [
              112.89340351671252,
              27.80488609005016
            ],
            [
              112.89198257956242,
              27.805987044534156
            ],
            [
              112.88893902898934,
              27.8092505553775
            ],
            [
              112.88805675761617,
              27.811025262893338
            ],
            [
              112.88798921598492,
              27.81119074331269
            ],
            [
              112.88760320002588,
              27.81213649297111
            ],
            [
              112.88663373817123,
              27.814511661279976
            ],
            [
              112.88521071962461,
              27.81824966046003
            ],
            [
              112.88467131363586,
              27.82123514293587
            ],
            [
              112.88458543828797,
              27.82171043554389
            ],
            [
              112.88455447336011,
              27.821881815324492
            ],
            [
              112.8844588935122,
              27.822410812786263
            ],
            [
              112.88432844735316,
              27.823132779027674
            ],
            [
              112.88410076485282,
              27.825221881451746
            ],
            [
              112.88431421714074,
              27.828078600592626
            ],
            [
              112.8850541324908,
              27.830967784220597
            ],
            [
              112.88533187989857,
              27.830939510511193
            ],
            [
              112.88600687040977,
              27.830854319939665
            ],
            [
              112.89403418524594,
              27.831865114574285
            ]
          ]
        ]
      }
    },
    {
      "type": "Feature",
      "properties": {
        "name": "友谊学校",
        "isAssistFeature": false
      },
      "geometry": {
        "type": "Polygon",
        "coordinates": [
          [
            [
              112.93128896669032,
              27.823034857398106
            ],
            [
              112.93554744736268,
              27.818216093661388
            ],
            [
              112.93535601817224,
              27.81752157187201
            ],
            [
              112.93513607375978,
              27.817351299106225
            ],
            [
              112.93500099409049,
              27.817313285974546
            ],
            [
              112.93460699749846,
              27.8172024102257
            ],
            [
              112.93459078739917,
              27.816284860653923
            ],
            [
              112.93482786178579,
              27.81623094257098
            ],
            [
              112.9351581327899,
              27.816155829201545
            ],
            [
              112.93540127978787,
              27.814965868867123
            ],
            [
              112.93098610687879,
              27.8144792978284
            ],
            [
              112.93095697541246,
              27.81459482830654
            ],
            [
              112.93081389175398,
              27.81523826999245
            ],
            [
              112.9275348783719,
              27.81521550060278
            ],
            [
              112.9275404569098,
              27.816507700009797
            ],
            [
              112.92751522233515,
              27.818560367171152
            ],
            [
              112.92751145659747,
              27.81886671042343
            ],
            [
              112.92567144458755,
              27.821210104981546
            ],
            [
              112.92541498635372,
              27.821190548122576
            ],
            [
              112.92537519817314,
              27.821187862788232
            ],
            [
              112.92433157769688,
              27.821117434707453
            ],
            [
              112.92192295456995,
              27.821117434707453
            ],
            [
              112.92189881414336,
              27.821029663905005
            ],
            [
              112.92178884328457,
              27.82097510385541
            ],
            [
              112.92139724160108,
              27.821027291591342
            ],
            [
              112.92081252009781,
              27.82114115623314
            ],
            [
              112.92070829486362,
              27.82135728262603
            ],
            [
              112.91992211717474,
              27.821228257995532
            ],
            [
              112.9193860340542,
              27.82168444989173
            ],
            [
              112.91979119131533,
              27.821865379275216
            ],
            [
              112.92362213948945,
              27.823593095702474
            ],
            [
              112.92368405856534,
              27.82362107499198
            ],
            [
              112.92379689055831,
              27.823672062616726
            ],
            [
              112.92373647885545,
              27.823749633609275
            ],
            [
              112.92369362741977,
              27.823804635572394
            ],
            [
              112.92296411815394,
              27.824703856357388
            ],
            [
              112.92413807788974,
              27.825895723886457
            ],
            [
              112.92526010871391,
              27.82704874477761
            ],
            [
              112.92529491304126,
              27.82708622222972
            ],
            [
              112.9273193123481,
              27.829368040426637
            ],
            [
              112.9273307676646,
              27.82933835700301
            ],
            [
              112.92744805889463,
              27.82905801209819
            ],
            [
              112.92749986563535,
              27.828934184983407
            ],
            [
              112.92818607340956,
              27.827294016691358
            ],
            [
              112.92878912952779,
              27.825852577669178
            ],
            [
              112.92917135998623,
              27.82542232767333
            ],
            [
              112.9298929209584,
              27.824604174049018
            ],
            [
              112.93054972328007,
              27.823859442070955
            ],
            [
              112.93102095522359,
              27.823334029924258
            ],
            [
              112.93128896669032,
              27.823034857398106
            ]
          ]
        ]
      }
    },
    {
      "type": "Feature",
      "properties": {
        "name": "双湖学校",
        "isAssistFeature": false
      },
      "geometry": {
        "type": "Polygon",
        "coordinates": [
          [
            [
              112.81189429190975,
              27.95451103290831
            ],
            [
              112.81324740356098,
              27.953880818375435
            ],
            [
              112.81297678159005,
              27.955010854955038
            ],
            [
              112.81420688333615,
              27.955206437313652
            ],
            [
              112.81509328156972,
              27.954108906249846
            ],
            [
              112.81654407602491,
              27.953924280990154
            ],
            [
              112.81853684026073,
              27.95231613196156
            ],
            [
              112.81949632003592,
              27.950642761920232
            ],
            [
              112.81984701783125,
              27.949021722950608
            ],
            [
              112.81967754616133,
              27.948041687582755
            ],
            [
              112.81957783316479,
              27.947469140795075
            ],
            [
              112.8219940030384,
              27.947792192012365
            ],
            [
              112.82283047201014,
              27.946488214455147
            ],
            [
              112.82511846127588,
              27.947009807526065
            ],
            [
              112.82659458283219,
              27.94590141973529
            ],
            [
              112.82615174573648,
              27.944640886494074
            ],
            [
              112.82644613443487,
              27.943361487006918
            ],
            [
              112.82543828756816,
              27.942076309305904
            ],
            [
              112.82408517591693,
              27.93983768656365
            ],
            [
              112.82555619683909,
              27.938598328477728
            ],
            [
              112.82562722483199,
              27.93853848578505
            ],
            [
              112.82844791326455,
              27.93853848578505
            ],
            [
              112.8286298930765,
              27.936970964462486
            ],
            [
              112.83099834623881,
              27.9362731831589
            ],
            [
              112.83205623375845,
              27.935403774361355
            ],
            [
              112.83215464150288,
              27.93431700313011
            ],
            [
              112.83313742357655,
              27.932699846975023
            ],
            [
              112.83436930219025,
              27.931389949003293
            ],
            [
              112.83476797181842,
              27.930966027722512
            ],
            [
              112.83591745246272,
              27.929743729659926
            ],
            [
              112.83469700221602,
              27.92808480042386
            ],
            [
              112.83431832100125,
              27.92757006321858
            ],
            [
              112.83524559797016,
              27.926211567058438
            ],
            [
              112.83583604713165,
              27.924363893190424
            ],
            [
              112.83278539447792,
              27.923885666284423
            ],
            [
              112.83325283373435,
              27.92227707006918
            ],
            [
              112.83344965012151,
              27.920624973130728
            ],
            [
              112.83153069146945,
              27.91884241848403
            ],
            [
              112.83185051776177,
              27.918016347326077
            ],
            [
              112.83056404403663,
              27.917787033870116
            ],
            [
              112.82842960200578,
              27.917406569092915
            ],
            [
              112.82857721407161,
              27.915863093774618
            ],
            [
              112.82626462354352,
              27.91775439088249
            ],
            [
              112.82508372611879,
              27.9167326597531
            ],
            [
              112.82432106273076,
              27.917515263472726
            ],
            [
              112.82272193037102,
              27.917558741511574
            ],
            [
              112.82162472179478,
              27.91627514614128
            ],
            [
              112.82097518684375,
              27.91551526510784
            ],
            [
              112.81979428941902,
              27.914906562645896
            ],
            [
              112.81953361898483,
              27.914412976059218
            ],
            [
              112.81858878983361,
              27.91262389789979
            ],
            [
              112.81766453749229,
              27.91316376744108
            ],
            [
              112.81713726953966,
              27.913471750883204
            ],
            [
              112.81595637211491,
              27.91308043470329
            ],
            [
              112.81280731261508,
              27.91294999592663
            ],
            [
              112.81226918133571,
              27.914386360129456
            ],
            [
              112.81130658889808,
              27.91590657247776
            ],
            [
              112.80938763114432,
              27.916558746958042
            ],
            [
              112.80818213155891,
              27.916645703787445
            ],
            [
              112.80791282472157,
              27.91554729279341
            ],
            [
              112.80675521342563,
              27.916058747007238
            ],
            [
              112.80582033670944,
              27.914363075749854
            ],
            [
              112.80464691686113,
              27.913917515444027
            ],
            [
              112.80449797708535,
              27.91436552936949
            ],
            [
              112.8040933758814,
              27.915587163073386
            ],
            [
              112.80407419864669,
              27.915645080050385
            ],
            [
              112.8054320399279,
              27.916604842468633
            ],
            [
              112.80560854810142,
              27.91673166673761
            ],
            [
              112.80397244288119,
              27.917498656975066
            ],
            [
              112.80392809485227,
              27.917519401404174
            ],
            [
              112.80360615392578,
              27.917667435738423
            ],
            [
              112.80369938467925,
              27.918046385882718
            ],
            [
              112.80371011236035,
              27.918089989917014
            ],
            [
              112.80422574892671,
              27.91898258642462
            ],
            [
              112.80480376989627,
              27.919983169752758
            ],
            [
              112.80503889673535,
              27.92039018356612
            ],
            [
              112.80504103023415,
              27.920440969300643
            ],
            [
              112.80504817633224,
              27.923063211797707
            ],
            [
              112.80504907464753,
              27.92332190426518
            ],
            [
              112.80499350576238,
              27.92412248971382
            ],
            [
              112.80467866781485,
              27.928707659547115
            ],
            [
              112.80633697938892,
              27.92953621181626
            ],
            [
              112.8066568056812,
              27.931579422413325
            ],
            [
              112.80572192896501,
              27.933535652000813
            ],
            [
              112.80638618371026,
              27.93664381114041
            ],
            [
              112.8077638975222,
              27.93573093461262
            ],
            [
              112.80845275352983,
              27.936622075961257
            ],
            [
              112.80766548887944,
              27.93801311147054
            ],
            [
              112.80975666085968,
              27.93855647946761
            ],
            [
              112.81007648715195,
              27.93985543797952
            ],
            [
              112.80971493950462,
              27.940438352287085
            ],
            [
              112.8083543457854,
              27.943637160316168
            ],
            [
              112.80717344836067,
              27.944658637120643
            ],
            [
              112.80741946906922,
              27.946027835860477
            ],
            [
              112.8066568056812,
              27.947288352914455
            ],
            [
              112.80609095868037,
              27.948918309531027
            ],
            [
              112.8069766319735,
              27.951156743276034
            ],
            [
              112.80633697938892,
              27.95172177729954
            ],
            [
              112.8069766319735,
              27.95313435021601
            ],
            [
              112.80652141429653,
              27.95415336620544
            ],
            [
              112.80645998929403,
              27.955111920934538
            ],
            [
              112.80749052940145,
              27.95624953591984
            ],
            [
              112.80788416217578,
              27.958227049576415
            ],
            [
              112.80795675054233,
              27.96014293401522
            ],
            [
              112.80869602808856,
              27.96007414510873
            ],
            [
              112.80931107941076,
              27.95874858514943
            ],
            [
              112.8104673746748,
              27.957140507981737
            ],
            [
              112.81182048632603,
              27.956075686719796
            ],
            [
              112.81189429190975,
              27.95451103290831
            ]
          ]
        ]
      }
    },
    {
      "type": "Feature",
      "properties": {
        "name": "司马学校",
        "isAssistFeature": false
      },
      "geometry": {
        "type": "Polygon",
        "coordinates": [
          [
            [
              112.77728933034778,
              27.940090010667014
            ],
            [
              112.77888648910888,
              27.93841047445199
            ],
            [
              112.7801099496101,
              27.938478028799064
            ],
            [
              112.78152457609532,
              27.93766737463968
            ],
            [
              112.78255687061247,
              27.938748244971432
            ],
            [
              112.78462145964681,
              27.938917130231946
            ],
            [
              112.78645665039862,
              27.93773492945143
            ],
            [
              112.78682123704657,
              27.93759702146692
            ],
            [
              112.78744795119614,
              27.937359960110996
            ],
            [
              112.7878062676034,
              27.93722442300508
            ],
            [
              112.78821651651556,
              27.93809853602013
            ],
            [
              112.79150342429239,
              27.93753226647673
            ],
            [
              112.79666660996548,
              27.934277003250152
            ],
            [
              112.79673520172729,
              27.934239593825176
            ],
            [
              112.79799507184529,
              27.932771941450998
            ],
            [
              112.79785143212968,
              27.932355491576413
            ],
            [
              112.79727723798321,
              27.930675320036837
            ],
            [
              112.79743503694435,
              27.92954898138734
            ],
            [
              112.79748317945703,
              27.929526194737907
            ],
            [
              112.79806182295911,
              27.929252312487083
            ],
            [
              112.79946214646839,
              27.928589512456796
            ],
            [
              112.80124048194754,
              27.9294657747747
            ],
            [
              112.80127206581463,
              27.929485016845312
            ],
            [
              112.80340800443872,
              27.929485016845312
            ],
            [
              112.80450793131702,
              27.929490601997724
            ],
            [
              112.804554051722,
              27.929485016845312
            ],
            [
              112.80466303084071,
              27.92881101532664
            ],
            [
              112.80467121628956,
              27.928765629816084
            ],
            [
              112.80467866781485,
              27.928707659547115
            ],
            [
              112.80499350576238,
              27.92412248971382
            ],
            [
              112.80504907464753,
              27.92332190426518
            ],
            [
              112.80504817633224,
              27.923063211797707
            ],
            [
              112.80504103023415,
              27.920440969300643
            ],
            [
              112.80503889673535,
              27.92039018356612
            ],
            [
              112.80480376989627,
              27.919983169752758
            ],
            [
              112.80422574892671,
              27.91898258642462
            ],
            [
              112.80371011236035,
              27.918089989917014
            ],
            [
              112.80369938467925,
              27.918046385882718
            ],
            [
              112.80360615392578,
              27.917667435738423
            ],
            [
              112.80392809485227,
              27.917519401404174
            ],
            [
              112.80397244288119,
              27.917498656975066
            ],
            [
              112.80560854810142,
              27.91673166673761
            ],
            [
              112.8054320399279,
              27.916604842468633
            ],
            [
              112.80407419864669,
              27.915645080050385
            ],
            [
              112.8040933758814,
              27.915587163073386
            ],
            [
              112.80449797708535,
              27.91436552936949
            ],
            [
              112.80464691686113,
              27.913917515444027
            ],
            [
              112.80463034833404,
              27.91389011273829
            ],
            [
              112.80399956481627,
              27.9128423797095
            ],
            [
              112.80398496359965,
              27.912818651259872
            ],
            [
              112.8037666316631,
              27.912512848137094
            ],
            [
              112.8038143681373,
              27.91183790809668
            ],
            [
              112.80383669486534,
              27.911543502185477
            ],
            [
              112.80373879556737,
              27.911514843855638
            ],
            [
              112.80310917985946,
              27.911320661283803
            ],
            [
              112.80239087528018,
              27.911099850511317
            ],
            [
              112.80236218219169,
              27.911091041504584
            ],
            [
              112.80187077318858,
              27.90993448897463
            ],
            [
              112.80172831206261,
              27.909786967188165
            ],
            [
              112.80012597092065,
              27.908126875181118
            ],
            [
              112.79966955309443,
              27.90627961072498
            ],
            [
              112.79825181664168,
              27.90485170704947
            ],
            [
              112.79776116581667,
              27.904454427907172
            ],
            [
              112.79552403736572,
              27.902828458369644
            ],
            [
              112.79497342399547,
              27.900937845002783
            ],
            [
              112.79506790789871,
              27.900725102032474
            ],
            [
              112.79546542858162,
              27.899831706237
            ],
            [
              112.79524614083763,
              27.89974378797158
            ],
            [
              112.79440931703132,
              27.899407800956137
            ],
            [
              112.79426570246854,
              27.899350139655652
            ],
            [
              112.7934545246653,
              27.899305827048412
            ],
            [
              112.79256522038179,
              27.899257246386494
            ],
            [
              112.79182176297454,
              27.899216632548967
            ],
            [
              112.7918191848097,
              27.89983302887674
            ],
            [
              112.79061114838193,
              27.900196543807816
            ],
            [
              112.78945372663051,
              27.89986358851894
            ],
            [
              112.78788579815044,
              27.900657569345682
            ],
            [
              112.78709708272089,
              27.90045103965529
            ],
            [
              112.78536588184467,
              27.900916991805637
            ],
            [
              112.78473867541834,
              27.901034068002595
            ],
            [
              112.78402587571514,
              27.902161956436544
            ],
            [
              112.7813423034326,
              27.90234235458765
            ],
            [
              112.77883166762201,
              27.903094776801943
            ],
            [
              112.77880814972787,
              27.9031064182205
            ],
            [
              112.77756635730665,
              27.904682207303374
            ],
            [
              112.77488634504762,
              27.905896764382483
            ],
            [
              112.77439455246385,
              27.90633989122529
            ],
            [
              112.77313402837233,
              27.90747566915333
            ],
            [
              112.77334093643339,
              27.909225748133803
            ],
            [
              112.77337454240816,
              27.909509992974375
            ],
            [
              112.77296223276075,
              27.911756813686367
            ],
            [
              112.77093504418497,
              27.910937033405457
            ],
            [
              112.76914836874668,
              27.90966180657976
            ],
            [
              112.76644144206338,
              27.911307086216667
            ],
            [
              112.76608539569884,
              27.91153075906502
            ],
            [
              112.76567341303819,
              27.91196507532619
            ],
            [
              112.76431876975941,
              27.91339314626692
            ],
            [
              112.76325005304903,
              27.91739857818551
            ],
            [
              112.76359480220059,
              27.91900137474267
            ],
            [
              112.76314117274505,
              27.920958259803708
            ],
            [
              112.76298064649873,
              27.923690787604343
            ],
            [
              112.76377701108292,
              27.925429191378235
            ],
            [
              112.76210680940777,
              27.926345663112617
            ],
            [
              112.76069136545563,
              27.927500072541545
            ],
            [
              112.75943924240866,
              27.93067463271429
            ],
            [
              112.76450097864175,
              27.932699831895494
            ],
            [
              112.76650801531078,
              27.934699370283035
            ],
            [
              112.76766469146051,
              27.935273831559666
            ],
            [
              112.76965498532927,
              27.93788752720486
            ],
            [
              112.77080530769499,
              27.93901702878874
            ],
            [
              112.77283758163361,
              27.93986221618168
            ],
            [
              112.77459496121384,
              27.940061113092973
            ],
            [
              112.77582783785586,
              27.940200647203273
            ],
            [
              112.77728933034778,
              27.940090010667014
            ]
          ]
        ]
      }
    },
    {
      "type": "Feature",
      "properties": {
        "name": "响水中心小学",
        "isAssistFeature": false
      },
      "geometry": {
        "type": "Polygon",
        "coordinates": [
          [
            [
              112.88104449413531,
              27.964051398555103
            ],
            [
              112.88109494621659,
              27.963997759515845
            ],
            [
              112.88235227949222,
              27.962661001525266
            ],
            [
              112.8847651193111,
              27.959935704673143
            ],
            [
              112.88505975774112,
              27.95950195967378
            ],
            [
              112.88519346029305,
              27.9575533464041
            ],
            [
              112.89044204520695,
              27.952580504198476
            ],
            [
              112.89048261851508,
              27.95254206160833
            ],
            [
              112.89060841499422,
              27.952422871717154
            ],
            [
              112.89227027132036,
              27.95078913922978
            ],
            [
              112.89268080499848,
              27.950385549723492
            ],
            [
              112.89318370884398,
              27.949565021287388
            ],
            [
              112.89919880642687,
              27.939194360840233
            ],
            [
              112.8996045089654,
              27.935765368967484
            ],
            [
              112.89966676580784,
              27.935237304215548
            ],
            [
              112.90042331975361,
              27.935068089396694
            ],
            [
              112.90230739233158,
              27.93464668649748
            ],
            [
              112.9038449721281,
              27.933967471932316
            ],
            [
              112.90382958937718,
              27.930133083083838
            ],
            [
              112.89981212040732,
              27.9297472663062
            ],
            [
              112.8995112171265,
              27.926104998242067
            ],
            [
              112.89937303916781,
              27.924432388940627
            ],
            [
              112.89947392536409,
              27.92229761038498
            ],
            [
              112.89947511114029,
              27.92225787037098
            ],
            [
              112.89950404857053,
              27.921522654855128
            ],
            [
              112.8995925793384,
              27.918884464043334
            ],
            [
              112.89977811468226,
              27.918066944465153
            ],
            [
              112.90115983857358,
              27.91197848281636
            ],
            [
              112.90118821365846,
              27.911853447784853
            ],
            [
              112.90156871306336,
              27.910176746530308
            ],
            [
              112.90173675192041,
              27.90943625960091
            ],
            [
              112.89536411497295,
              27.909004494094486
            ],
            [
              112.89370198645729,
              27.90751987997792
            ],
            [
              112.89189726296661,
              27.905907877584763
            ],
            [
              112.89033561011715,
              27.904512969267863
            ],
            [
              112.88803582417512,
              27.90357513431961
            ],
            [
              112.88745828021095,
              27.904118056201973
            ],
            [
              112.88738995704541,
              27.904191123174485
            ],
            [
              112.88717769682188,
              27.904429429810875
            ],
            [
              112.87372204508173,
              27.91918691932833
            ],
            [
              112.87277737223742,
              27.918881988300917
            ],
            [
              112.8722821031735,
              27.919509315326167
            ],
            [
              112.8717895083942,
              27.920133250976455
            ],
            [
              112.87234080358574,
              27.920528380207728
            ],
            [
              112.87247700794575,
              27.920626001829174
            ],
            [
              112.87222251253083,
              27.920858278672185
            ],
            [
              112.87225330138887,
              27.920873328116027
            ],
            [
              112.8752144602807,
              27.92232072557766
            ],
            [
              112.87414483986518,
              27.922793273897945
            ],
            [
              112.8743683649624,
              27.92348452889791
            ],
            [
              112.87444507659606,
              27.923719840364157
            ],
            [
              112.874545947521,
              27.92403370380815
            ],
            [
              112.87595544911757,
              27.924194399417928
            ],
            [
              112.87607008762255,
              27.924207468853492
            ],
            [
              112.87661833752527,
              27.924269974482687
            ],
            [
              112.8766775769267,
              27.92439126943026
            ],
            [
              112.87686262538365,
              27.924766418702287
            ],
            [
              112.87728684938668,
              27.92562852123666
            ],
            [
              112.87721873463025,
              27.92578901049198
            ],
            [
              112.87648463497335,
              27.927518645080834
            ],
            [
              112.8761933113267,
              27.92759491071948
            ],
            [
              112.87563153189747,
              27.927741978822137
            ],
            [
              112.87467965007296,
              27.927991170679125
            ],
            [
              112.8726741108955,
              27.92698705091667
            ],
            [
              112.87225296092737,
              27.927299138098583
            ],
            [
              112.87078604530605,
              27.928386682322007
            ],
            [
              112.87060172089123,
              27.928522759904812
            ],
            [
              112.87080570583436,
              27.928857830250895
            ],
            [
              112.871136531099,
              27.929408735872965
            ],
            [
              112.87086221795056,
              27.9302533857039
            ],
            [
              112.87075624459482,
              27.93058493073309
            ],
            [
              112.8707354234432,
              27.930649089868236
            ],
            [
              112.87334262455353,
              27.930944409658554
            ],
            [
              112.874545947521,
              27.932361936117108
            ],
            [
              112.87463862042067,
              27.933098822366777
            ],
            [
              112.87474650179809,
              27.933956630661395
            ],
            [
              112.87515553708629,
              27.934101182173574
            ],
            [
              112.87608352731749,
              27.93442912811154
            ],
            [
              112.8762504414838,
              27.93777165991227
            ],
            [
              112.87628408069625,
              27.938445274604334
            ],
            [
              112.87929238856414,
              27.938976812404892
            ],
            [
              112.88009460387576,
              27.940335174285455
            ],
            [
              112.87962306560672,
              27.941668202638414
            ],
            [
              112.87942609111607,
              27.94222504090453
            ],
            [
              112.87855702407927,
              27.94145728650368
            ],
            [
              112.87842332152735,
              27.942756559313988
            ],
            [
              112.88036200897966,
              27.943996760087554
            ],
            [
              112.88022830642772,
              27.946181841580128
            ],
            [
              112.8752144602807,
              27.946949562399247
            ],
            [
              112.87387743476131,
              27.94771727696742
            ],
            [
              112.87294151599937,
              27.94931174564675
            ],
            [
              112.87220615241286,
              27.94878025870274
            ],
            [
              112.8707354234432,
              27.94942985341311
            ],
            [
              112.87020061323541,
              27.9517919824066
            ],
            [
              112.87054873735747,
              27.953042225251178
            ],
            [
              112.86525361701689,
              27.954744570783987
            ],
            [
              112.864986211913,
              27.956338934902455
            ],
            [
              112.86284697018361,
              27.957933275474684
            ],
            [
              112.86351548294334,
              27.959704737734974
            ],
            [
              112.86445140170524,
              27.960177122549627
            ],
            [
              112.86719230446923,
              27.96029521843028
            ],
            [
              112.86752656129825,
              27.96224378220266
            ],
            [
              112.86865254381135,
              27.96286728858407
            ],
            [
              112.87026746406222,
              27.964074219973057
            ],
            [
              112.87167134130678,
              27.96401517371961
            ],
            [
              112.87213930068772,
              27.965727490845254
            ],
            [
              112.87066857261637,
              27.9670264724126
            ],
            [
              112.8723398549648,
              27.967085517018397
            ],
            [
              112.87300836772451,
              27.968030219970146
            ],
            [
              112.87468739624563,
              27.968498798915007
            ],
            [
              112.87534816193433,
              27.968679698848387
            ],
            [
              112.8760835264192,
              27.970155772164112
            ],
            [
              112.87708021800668,
              27.96987258971968
            ],
            [
              112.87794009437981,
              27.969628278621386
            ],
            [
              112.87864203255295,
              27.967089407888484
            ],
            [
              112.88108210479963,
              27.965672337211
            ],
            [
              112.88054729459185,
              27.964580000006535
            ],
            [
              112.88104449413531,
              27.964051398555103
            ]
          ],
          [
            [
              112.89028000350275,
              27.921309107031934
            ],
            [
              112.89266013117052,
              27.921252627384458
            ],
            [
              112.89607405893187,
              27.922119872787015
            ],
            [
              112.89610251396682,
              27.922154667073027
            ],
            [
              112.89701084007648,
              27.923259465554803
            ],
            [
              112.89729159234884,
              27.926318898522133
            ],
            [
              112.89636843415555,
              27.926379521845917
            ],
            [
              112.89452150511794,
              27.92650080807677
            ],
            [
              112.8941846027504,
              27.92694731183286
            ],
            [
              112.88961770349154,
              27.927311128520845
            ],
            [
              112.88889354908312,
              27.92708025848837
            ],
            [
              112.88566448562409,
              27.926050782377036
            ],
            [
              112.88538589829152,
              27.924644220923067
            ],
            [
              112.88475133466304,
              27.921440301687532
            ],
            [
              112.89028000350275,
              27.921309107031934
            ]
          ]
        ]
      }
    },
    {
      "type": "Feature",
      "properties": {
        "name": "响水乡黄龙学校",
        "isAssistFeature": false
      },
      "geometry": {
        "type": "Polygon",
        "coordinates": [
          [
            [
              112.87567762265805,
              27.970316603854098
            ],
            [
              112.87565073697992,
              27.970091963372653
            ],
            [
              112.8760835264192,
              27.970155772164112
            ],
            [
              112.87534816193433,
              27.968679698848387
            ],
            [
              112.87468739624563,
              27.968498798915007
            ],
            [
              112.87300836772451,
              27.968030219970146
            ],
            [
              112.8723398549648,
              27.967085517018397
            ],
            [
              112.87066857261637,
              27.9670264724126
            ],
            [
              112.87213930068772,
              27.965727490845254
            ],
            [
              112.87167134130678,
              27.96401517371961
            ],
            [
              112.87026746406222,
              27.964074219973057
            ],
            [
              112.86865254381135,
              27.96286728858407
            ],
            [
              112.86752656129825,
              27.96224378220266
            ],
            [
              112.86719230446923,
              27.96029521843028
            ],
            [
              112.86445140170524,
              27.960177122549627
            ],
            [
              112.86351548294334,
              27.959704737734974
            ],
            [
              112.86284697018361,
              27.957933275474684
            ],
            [
              112.864986211913,
              27.956338934902455
            ],
            [
              112.86525361701689,
              27.954744570783987
            ],
            [
              112.87054873735747,
              27.953042225251178
            ],
            [
              112.87020061323541,
              27.9517919824066
            ],
            [
              112.8707354234432,
              27.94942985341311
            ],
            [
              112.87220615241286,
              27.94878025870274
            ],
            [
              112.87294151599937,
              27.94931174564675
            ],
            [
              112.87387743476131,
              27.94771727696742
            ],
            [
              112.8752144602807,
              27.946949562399247
            ],
            [
              112.88022830642772,
              27.946181841580128
            ],
            [
              112.88036200897966,
              27.943996760087554
            ],
            [
              112.87842332152735,
              27.942756559313988
            ],
            [
              112.87855702407927,
              27.94145728650368
            ],
            [
              112.87942609111607,
              27.94222504090453
            ],
            [
              112.87962306560672,
              27.941668202638414
            ],
            [
              112.88009460387576,
              27.940335174285455
            ],
            [
              112.87929238856414,
              27.938976812404892
            ],
            [
              112.87628408069625,
              27.938445274604334
            ],
            [
              112.8762504414838,
              27.93777165991227
            ],
            [
              112.87608352731749,
              27.93442912811154
            ],
            [
              112.87515553708629,
              27.934101182173574
            ],
            [
              112.87474650179809,
              27.933956630661395
            ],
            [
              112.87463862042067,
              27.933098822366777
            ],
            [
              112.874545947521,
              27.932361936117108
            ],
            [
              112.87334262455353,
              27.930944409658554
            ],
            [
              112.8707354234432,
              27.930649089868236
            ],
            [
              112.87075624459482,
              27.93058493073309
            ],
            [
              112.87086221795056,
              27.9302533857039
            ],
            [
              112.871136531099,
              27.929408735872965
            ],
            [
              112.87080570583436,
              27.928857830250895
            ],
            [
              112.87060172089123,
              27.928522759904812
            ],
            [
              112.87078604530605,
              27.928386682322007
            ],
            [
              112.87225296092737,
              27.927299138098583
            ],
            [
              112.8726741108955,
              27.92698705091667
            ],
            [
              112.87467965007296,
              27.927991170679125
            ],
            [
              112.87563153189747,
              27.927741978822137
            ],
            [
              112.8761933113267,
              27.92759491071948
            ],
            [
              112.87648463497335,
              27.927518645080834
            ],
            [
              112.87721873463025,
              27.92578901049198
            ],
            [
              112.87728684938668,
              27.92562852123666
            ],
            [
              112.87686262538365,
              27.924766418702287
            ],
            [
              112.8766775769267,
              27.92439126943026
            ],
            [
              112.87661833752527,
              27.924269974482687
            ],
            [
              112.87607008762255,
              27.924207468853492
            ],
            [
              112.87595544911757,
              27.924194399417928
            ],
            [
              112.874545947521,
              27.92403370380815
            ],
            [
              112.87444507659606,
              27.923719840364157
            ],
            [
              112.8743683649624,
              27.92348452889791
            ],
            [
              112.87414483986518,
              27.922793273897945
            ],
            [
              112.8752144602807,
              27.92232072557766
            ],
            [
              112.87225330138887,
              27.920873328116027
            ],
            [
              112.87222251253083,
              27.920858278672185
            ],
            [
              112.87160826250582,
              27.921418901585227
            ],
            [
              112.87012613661015,
              27.920843957092384
            ],
            [
              112.87007446282006,
              27.920738591069057
            ],
            [
              112.86987921848464,
              27.92034047334017
            ],
            [
              112.86965619374902,
              27.919885708683015
            ],
            [
              112.86900550446286,
              27.919725999656794
            ],
            [
              112.86763182588322,
              27.91838443595188
            ],
            [
              112.86643889552528,
              27.918576088815453
            ],
            [
              112.86586050444981,
              27.917713648254374
            ],
            [
              112.8639123146184,
              27.917002637391256
            ],
            [
              112.86357394081047,
              27.916877987593416
            ],
            [
              112.86257090711703,
              27.916499830308716
            ],
            [
              112.86220941247029,
              27.915988745702492
            ],
            [
              112.86183428499079,
              27.916064607502026
            ],
            [
              112.8613128282397,
              27.915486522895293
            ],
            [
              112.86127055442077,
              27.914718591237133
            ],
            [
              112.86038373218238,
              27.91422415284345
            ],
            [
              112.8602676006774,
              27.913701725199417
            ],
            [
              112.86033094537967,
              27.91279679936306
            ],
            [
              112.85853345063212,
              27.911786921455903
            ],
            [
              112.85829986620035,
              27.909779082090793
            ],
            [
              112.85789640226356,
              27.909309955468853
            ],
            [
              112.8581692475648,
              27.908120355368542
            ],
            [
              112.85785393171356,
              27.90692675944406
            ],
            [
              112.85695244537648,
              27.90548720012695
            ],
            [
              112.85542554115882,
              27.905596874199915
            ],
            [
              112.85291394954076,
              27.90556272793271
            ],
            [
              112.85197674079811,
              27.90554998569538
            ],
            [
              112.85155227335164,
              27.90437775774547
            ],
            [
              112.85035330002678,
              27.904067194529496
            ],
            [
              112.84847488144517,
              27.903580635865897
            ],
            [
              112.84824518132869,
              27.90484615396663
            ],
            [
              112.84732803555961,
              27.905607369016817
            ],
            [
              112.84625596633659,
              27.905240453101356
            ],
            [
              112.8452706537088,
              27.905719403902253
            ],
            [
              112.84613202757347,
              27.9069296689019
            ],
            [
              112.84710083455626,
              27.90758324069779
            ],
            [
              112.84794318030659,
              27.910076150534792
            ],
            [
              112.84799928548597,
              27.910242190278495
            ],
            [
              112.84802417690419,
              27.910315855627502
            ],
            [
              112.84900170922333,
              27.910782237616587
            ],
            [
              112.84875516659362,
              27.911640637371676
            ],
            [
              112.85019285462883,
              27.913436765672156
            ],
            [
              112.84954837359957,
              27.91357914024096
            ],
            [
              112.84931289012931,
              27.91454290266224
            ],
            [
              112.84838974541076,
              27.91488549543643
            ],
            [
              112.84831815237754,
              27.91491206440967
            ],
            [
              112.8469352750494,
              27.91542526795917
            ],
            [
              112.84635276430005,
              27.916575191669228
            ],
            [
              112.84803666797822,
              27.916987513587497
            ],
            [
              112.84841022699922,
              27.917079904254738
            ],
            [
              112.85071540373129,
              27.920276766874522
            ],
            [
              112.85070300967531,
              27.92106525120393
            ],
            [
              112.84650232930326,
              27.922724872357204
            ],
            [
              112.84590894804066,
              27.92487034020256
            ],
            [
              112.84472218641375,
              27.92627763368724
            ],
            [
              112.84416784323845,
              27.928919708558613
            ],
            [
              112.84756416851182,
              27.932327406231813
            ],
            [
              112.84665848165248,
              27.933437988863215
            ],
            [
              112.8448957139772,
              27.933135578213342
            ],
            [
              112.85261344241701,
              27.938695322694432
            ],
            [
              112.85611530176995,
              27.938273451421576
            ],
            [
              112.85595612658979,
              27.93982030417251
            ],
            [
              112.85562226861279,
              27.94077535540312
            ],
            [
              112.8548418985322,
              27.943007688603615
            ],
            [
              112.85457660626585,
              27.944835704381056
            ],
            [
              112.85466646743868,
              27.95217997008014
            ],
            [
              112.85383411005597,
              27.955016182488535
            ],
            [
              112.85339306420093,
              27.95686673065341
            ],
            [
              112.85928255484923,
              27.957101063261973
            ],
            [
              112.86034372481288,
              27.96202193212261
            ],
            [
              112.86004391657839,
              27.962892254916138
            ],
            [
              112.85938867193542,
              27.966708266187194
            ],
            [
              112.86039678290685,
              27.96820784950421
            ],
            [
              112.86755967679288,
              27.970832071153115
            ],
            [
              112.86899225521074,
              27.97312821194406
            ],
            [
              112.87530621330555,
              27.97322193108401
            ],
            [
              112.87567762265805,
              27.970316603854098
            ]
          ]
        ]
      }
    },
    {
      "type": "Feature",
      "properties": {
        "name": "大桥学校",
        "isAssistFeature": false
      },
      "geometry": {
        "type": "Polygon",
        "coordinates": [
          [
            [
              112.93504033311342,
              27.857859581771052
            ],
            [
              112.93597738105765,
              27.85647821457816
            ],
            [
              112.93547649752323,
              27.856256793175888
            ],
            [
              112.93381941753941,
              27.855626523876857
            ],
            [
              112.93384068964535,
              27.855533662994052
            ],
            [
              112.9339359434048,
              27.855117842708022
            ],
            [
              112.9340828089706,
              27.854476712787857
            ],
            [
              112.93283695257107,
              27.85387329984367
            ],
            [
              112.93301906533367,
              27.852532654595876
            ],
            [
              112.93302439773316,
              27.85250142872564
            ],
            [
              112.93305709461289,
              27.851422795153585
            ],
            [
              112.93316060119488,
              27.851205397462753
            ],
            [
              112.9336321493454,
              27.850186777617267
            ],
            [
              112.92727154263622,
              27.84768696866459
            ],
            [
              112.92724282798817,
              27.847676841547752
            ],
            [
              112.9235403119502,
              27.846556837752175
            ],
            [
              112.92370214075369,
              27.845892490756952
            ],
            [
              112.92349308661744,
              27.84580006713893
            ],
            [
              112.92396481712592,
              27.84461980142197
            ],
            [
              112.92499873759375,
              27.840992284619396
            ],
            [
              112.92312206893035,
              27.840557021221805
            ],
            [
              112.9132514299958,
              27.838135232592602
            ],
            [
              112.9131607765089,
              27.838352657275898
            ],
            [
              112.90930531420895,
              27.848162329698305
            ],
            [
              112.90698967300216,
              27.852216232822194
            ],
            [
              112.90696511665557,
              27.852259222414112
            ],
            [
              112.90893922557785,
              27.852888897336044
            ],
            [
              112.91436014239753,
              27.85461796878386
            ],
            [
              112.91690085380382,
              27.855502356976988
            ],
            [
              112.91959031993296,
              27.856438517110607
            ],
            [
              112.93081499937672,
              27.86075716339521
            ],
            [
              112.93234757555709,
              27.861351304052196
            ],
            [
              112.93258702419104,
              27.861431173472745
            ],
            [
              112.93433757567676,
              27.858882681102596
            ],
            [
              112.93504033311342,
              27.857859581771052
            ]
          ],
          [
            [
              112.93236401742172,
              27.856252235142243
            ],
            [
              112.93269773077,
              27.855722618763505
            ],
            [
              112.93323044700485,
              27.856069896961483
            ],
            [
              112.93359216353547,
              27.857266031137108
            ],
            [
              112.93311077164606,
              27.85752748907249
            ],
            [
              112.93238491223525,
              27.85712938741794
            ],
            [
              112.93188897841803,
              27.85702568201973
            ],
            [
              112.93219657055447,
              27.85652890322664
            ],
            [
              112.93236401742172,
              27.856252235142243
            ]
          ]
        ]
      }
    },
    {
      "type": "Feature",
      "properties": {
        "name": "奇头学校",
        "isAssistFeature": false
      },
      "geometry": {
        "type": "Polygon",
        "coordinates": [
          [
            [
              112.81057784948842,
              27.90295433105418
            ],
            [
              112.81406800469156,
              27.9005875795091
            ],
            [
              112.81504768308588,
              27.900888835577046
            ],
            [
              112.81661330648893,
              27.90038272877807
            ],
            [
              112.81664481130426,
              27.900372811411728
            ],
            [
              112.81634064085074,
              27.899137888167715
            ],
            [
              112.81632859354447,
              27.89910030700931
            ],
            [
              112.81604374225945,
              27.89836939823947
            ],
            [
              112.81520927024258,
              27.897584017809503
            ],
            [
              112.81324757783413,
              27.89574554160424
            ],
            [
              112.81303910131459,
              27.895541491519158
            ],
            [
              112.81207668135346,
              27.89463566668142
            ],
            [
              112.8113363357104,
              27.894402771416697
            ],
            [
              112.81106345088324,
              27.8943169280747
            ],
            [
              112.80888242581506,
              27.893983009903057
            ],
            [
              112.80778786277733,
              27.893114742569335
            ],
            [
              112.80696309076889,
              27.892162795486936
            ],
            [
              112.80603100691495,
              27.89230962912361
            ],
            [
              112.80562600596068,
              27.89237361644782
            ],
            [
              112.80547220450255,
              27.891820171248785
            ],
            [
              112.80538557816308,
              27.891508447743547
            ],
            [
              112.80308423633899,
              27.891327658370084
            ],
            [
              112.80297320277322,
              27.8909211195644
            ],
            [
              112.80294695220401,
              27.890825413973673
            ],
            [
              112.80296701607587,
              27.890766710384785
            ],
            [
              112.80303577492434,
              27.89056553619866
            ],
            [
              112.80344498179078,
              27.88936826186669
            ],
            [
              112.80502493601752,
              27.889079864795914
            ],
            [
              112.80500691671125,
              27.887501264882747
            ],
            [
              112.80500594473412,
              27.887475721367895
            ],
            [
              112.80491769244398,
              27.88623621489031
            ],
            [
              112.80482496923867,
              27.884933904670916
            ],
            [
              112.80473325124815,
              27.88469909560873
            ],
            [
              112.80469402002305,
              27.88460160672245
            ],
            [
              112.804292592567,
              27.883582929952194
            ],
            [
              112.80438241421395,
              27.882828694319226
            ],
            [
              112.8044515368801,
              27.882248260468305
            ],
            [
              112.80449867417799,
              27.881852444339824
            ],
            [
              112.80290025238563,
              27.88143558083384
            ],
            [
              112.80136781724079,
              27.88232751896278
            ],
            [
              112.80027095451591,
              27.882959134468635
            ],
            [
              112.79973048582019,
              27.884306246939367
            ],
            [
              112.79700094854117,
              27.886753507771314
            ],
            [
              112.79559679641213,
              27.88801242689568
            ],
            [
              112.7933378047638,
              27.890037738210285
            ],
            [
              112.79131159535164,
              27.89185431470681
            ],
            [
              112.78885357476558,
              27.888008057579047
            ],
            [
              112.78517295246775,
              27.888213858313836
            ],
            [
              112.78490471911718,
              27.88720792816606
            ],
            [
              112.78460783759387,
              27.88609455308644
            ],
            [
              112.78437850129507,
              27.885549223085178
            ],
            [
              112.78389614192012,
              27.884402227463873
            ],
            [
              112.7820491005931,
              27.884806893060432
            ],
            [
              112.78017764754819,
              27.883737484360463
            ],
            [
              112.77839605926941,
              27.88271941800819
            ],
            [
              112.77766177006794,
              27.882299814465856
            ],
            [
              112.77715497561894,
              27.880774141788
            ],
            [
              112.77308749474228,
              27.879639078590976
            ],
            [
              112.77305069256172,
              27.879641299547405
            ],
            [
              112.77350478914123,
              27.878639484765003
            ],
            [
              112.77367570350549,
              27.878561523443448
            ],
            [
              112.77452181589182,
              27.878180503064442
            ],
            [
              112.77447499839414,
              27.877752351314374
            ],
            [
              112.77440783675026,
              27.87718082510528
            ],
            [
              112.77506609883427,
              27.876590650281102
            ],
            [
              112.77536874125347,
              27.875936484770172
            ],
            [
              112.77538175335037,
              27.87590765581377
            ],
            [
              112.77578624226493,
              27.875589827674233
            ],
            [
              112.77709171446001,
              27.875368970999332
            ],
            [
              112.77761530560821,
              27.875081703946634
            ],
            [
              112.77788577576382,
              27.874193275579064
            ],
            [
              112.7772417367057,
              27.87371003614764
            ],
            [
              112.77720330048966,
              27.873681041427314
            ],
            [
              112.7764285691341,
              27.873068790681053
            ],
            [
              112.77559042480436,
              27.87171304069485
            ],
            [
              112.77426737168084,
              27.871131379137793
            ],
            [
              112.77380695455504,
              27.870692677502156
            ],
            [
              112.77335971212115,
              27.86978006787198
            ],
            [
              112.7721803651886,
              27.868430534490496
            ],
            [
              112.77209917994479,
              27.868353847551262
            ],
            [
              112.77177791724635,
              27.867729817447778
            ],
            [
              112.77154553835372,
              27.867267474783503
            ],
            [
              112.77153180401135,
              27.867245328593917
            ],
            [
              112.7703750973189,
              27.86728766897237
            ],
            [
              112.76939249041675,
              27.866902659669016
            ],
            [
              112.76814297607736,
              27.86732508169718
            ],
            [
              112.76613457127415,
              27.86693052613832
            ],
            [
              112.76503403533809,
              27.86737599160295
            ],
            [
              112.76221908354691,
              27.867386422623344
            ],
            [
              112.76123817086737,
              27.866985504620303
            ],
            [
              112.75914355294972,
              27.86779732540752
            ],
            [
              112.758664847023,
              27.8684305170196
            ],
            [
              112.75716394274461,
              27.868818702968635
            ],
            [
              112.75663673048753,
              27.869951137448645
            ],
            [
              112.75509817691727,
              27.87052564161897
            ],
            [
              112.75461587233956,
              27.87149851787237
            ],
            [
              112.75360447083926,
              27.872118960741226
            ],
            [
              112.75404474953304,
              27.872997049491936
            ],
            [
              112.75329249761917,
              27.873445671953828
            ],
            [
              112.75261294007304,
              27.875173152084137
            ],
            [
              112.75282529372136,
              27.875852195883848
            ],
            [
              112.75343357354298,
              27.876746233460757
            ],
            [
              112.75349131724944,
              27.877827556232393
            ],
            [
              112.75242496310827,
              27.878121890289457
            ],
            [
              112.75137037150742,
              27.8790477236983
            ],
            [
              112.75169046190442,
              27.879997996310838
            ],
            [
              112.75210078088516,
              27.88079337266956
            ],
            [
              112.75117216452819,
              27.88068520199312
            ],
            [
              112.75061730482159,
              27.880185203814996
            ],
            [
              112.75009180834668,
              27.879256388140444
            ],
            [
              112.74956271232246,
              27.879020953758015
            ],
            [
              112.74942779884151,
              27.880289616777173
            ],
            [
              112.74758856117933,
              27.880283254096582
            ],
            [
              112.746701553888,
              27.879192527258976
            ],
            [
              112.74660372106536,
              27.87805343509555
            ],
            [
              112.74698409201117,
              27.87715770503283
            ],
            [
              112.74721582142186,
              27.875962946577047
            ],
            [
              112.74627389203239,
              27.87545621900443
            ],
            [
              112.74599760169203,
              27.875591100583176
            ],
            [
              112.74342268154142,
              27.876273940613796
            ],
            [
              112.74287756226745,
              27.87727472751942
            ],
            [
              112.74271917760474,
              27.87756550566893
            ],
            [
              112.74230688233038,
              27.87832243329045
            ],
            [
              112.74167179318744,
              27.878143941350704
            ],
            [
              112.73741453422387,
              27.87695677554591
            ],
            [
              112.7379844775424,
              27.878846022719472
            ],
            [
              112.73809914569179,
              27.879292191952988
            ],
            [
              112.73825369993811,
              27.87989355368774
            ],
            [
              112.73813786397886,
              27.88065677529188
            ],
            [
              112.73805733630181,
              27.881165114253758
            ],
            [
              112.73815153723578,
              27.88232243558395
            ],
            [
              112.73808430193002,
              27.883141921287717
            ],
            [
              112.73808166267972,
              27.883210803626014
            ],
            [
              112.73804836662373,
              27.883590300050997
            ],
            [
              112.73803297488963,
              27.883766936125937
            ],
            [
              112.738011985753,
              27.88400961909883
            ],
            [
              112.73724287246125,
              27.885378058246815
            ],
            [
              112.7343246296838,
              27.886136700301233
            ],
            [
              112.73372381486223,
              27.888033281785166
            ],
            [
              112.73398111032587,
              27.889265362248402
            ],
            [
              112.73346632266748,
              27.89084016112449
            ],
            [
              112.73380964529434,
              27.892433222686872
            ],
            [
              112.7348954066389,
              27.89289656787817
            ],
            [
              112.73616155328578,
              27.89276092501572
            ],
            [
              112.73808504214182,
              27.892554861392405
            ],
            [
              112.73817745093677,
              27.892544961569705
            ],
            [
              112.73838263423251,
              27.892522980133208
            ],
            [
              112.73972343447275,
              27.892379339283373
            ],
            [
              112.74229410199884,
              27.892103941771275
            ],
            [
              112.74298503491138,
              27.892425345852327
            ],
            [
              112.74307954127254,
              27.892469307172547
            ],
            [
              112.74379752605158,
              27.892803292736108
            ],
            [
              112.74574046523016,
              27.89370708770274
            ],
            [
              112.74655395709358,
              27.894085496156084
            ],
            [
              112.74833624875325,
              27.891425157079397
            ],
            [
              112.74846785194237,
              27.891228716939462
            ],
            [
              112.74908991102208,
              27.890299969789357
            ],
            [
              112.74977696680591,
              27.889156480689334
            ],
            [
              112.74979021875299,
              27.88913442154874
            ],
            [
              112.75091371293274,
              27.887264292991603
            ],
            [
              112.75193482611958,
              27.885564553755152
            ],
            [
              112.75277287163463,
              27.88583391123955
            ],
            [
              112.75432083954911,
              27.8863337094509
            ],
            [
              112.75543574044485,
              27.88669285032797
            ],
            [
              112.75686546401677,
              27.887154305767872
            ],
            [
              112.75760902922183,
              27.887399533041098
            ],
            [
              112.75862952436773,
              27.88901205727134
            ],
            [
              112.75987680280039,
              27.88944875613647
            ],
            [
              112.76147398940924,
              27.89250536306382
            ],
            [
              112.76034854408869,
              27.89288480785636
            ],
            [
              112.75933697011187,
              27.893225859085884
            ],
            [
              112.75983722662222,
              27.893825505527936
            ],
            [
              112.75952144005377,
              27.894275928909128
            ],
            [
              112.75859909214087,
              27.893924986055346
            ],
            [
              112.7580130564023,
              27.895087386364807
            ],
            [
              112.75770039597104,
              27.89606006659201
            ],
            [
              112.75722479372367,
              27.896613432949696
            ],
            [
              112.75714532965195,
              27.896705889448082
            ],
            [
              112.75605753721652,
              27.897971530029142
            ],
            [
              112.7574204970982,
              27.89847230111201
            ],
            [
              112.75744922881425,
              27.898482857751098
            ],
            [
              112.75911550036004,
              27.89909506643055
            ],
            [
              112.75844128778985,
              27.902380083870078
            ],
            [
              112.75798830512127,
              27.904587130715598
            ],
            [
              112.76148628105726,
              27.907657849356564
            ],
            [
              112.76290598571883,
              27.909263837797074
            ],
            [
              112.76567341303819,
              27.91196507532619
            ],
            [
              112.76608539569884,
              27.91153075906502
            ],
            [
              112.76644144206338,
              27.911307086216667
            ],
            [
              112.76914836874668,
              27.90966180657976
            ],
            [
              112.77093504418497,
              27.910937033405457
            ],
            [
              112.77296223276075,
              27.911756813686367
            ],
            [
              112.77337454240816,
              27.909509992974375
            ],
            [
              112.77334093643339,
              27.909225748133803
            ],
            [
              112.77313402837233,
              27.90747566915333
            ],
            [
              112.77439455246385,
              27.90633989122529
            ],
            [
              112.77488634504762,
              27.905896764382483
            ],
            [
              112.77756635730665,
              27.904682207303374
            ],
            [
              112.77880814972787,
              27.9031064182205
            ],
            [
              112.77883166762201,
              27.903094776801943
            ],
            [
              112.7813423034326,
              27.90234235458765
            ],
            [
              112.78402587571514,
              27.902161956436544
            ],
            [
              112.78473867541834,
              27.901034068002595
            ],
            [
              112.78536588184467,
              27.900916991805637
            ],
            [
              112.78709708272089,
              27.90045103965529
            ],
            [
              112.78788579815044,
              27.900657569345682
            ],
            [
              112.78945372663051,
              27.89986358851894
            ],
            [
              112.79061114838193,
              27.900196543807816
            ],
            [
              112.7918191848097,
              27.89983302887674
            ],
            [
              112.79182176297454,
              27.899216632548967
            ],
            [
              112.79256522038179,
              27.899257246386494
            ],
            [
              112.7934545246653,
              27.899305827048412
            ],
            [
              112.79426570246854,
              27.899350139655652
            ],
            [
              112.79440931703132,
              27.899407800956137
            ],
            [
              112.79524614083763,
              27.89974378797158
            ],
            [
              112.79546542858162,
              27.899831706237
            ],
            [
              112.79506790789871,
              27.900725102032474
            ],
            [
              112.79497342399547,
              27.900937845002783
            ],
            [
              112.79552403736572,
              27.902828458369644
            ],
            [
              112.79776116581667,
              27.904454427907172
            ],
            [
              112.79825181664168,
              27.90485170704947
            ],
            [
              112.79966955309443,
              27.90627961072498
            ],
            [
              112.80012597092065,
              27.908126875181118
            ],
            [
              112.80172831206261,
              27.909786967188165
            ],
            [
              112.80187077318858,
              27.90993448897463
            ],
            [
              112.80236218219169,
              27.911091041504584
            ],
            [
              112.80239087528018,
              27.911099850511317
            ],
            [
              112.80310917985946,
              27.911320661283803
            ],
            [
              112.80373879556737,
              27.911514843855638
            ],
            [
              112.80383669486534,
              27.911543502185477
            ],
            [
              112.8038143681373,
              27.91183790809668
            ],
            [
              112.8037666316631,
              27.912512848137094
            ],
            [
              112.80398496359965,
              27.912818651259872
            ],
            [
              112.80399956481627,
              27.9128423797095
            ],
            [
              112.80463034833404,
              27.91389011273829
            ],
            [
              112.80464691686113,
              27.913917515444027
            ],
            [
              112.80582033670944,
              27.914363075749854
            ],
            [
              112.80675521342563,
              27.916058747007238
            ],
            [
              112.80791282472157,
              27.91554729279341
            ],
            [
              112.80776138493435,
              27.91492961432782
            ],
            [
              112.80794434211329,
              27.914302691764572
            ],
            [
              112.808157241039,
              27.913573166891812
            ],
            [
              112.80744559656925,
              27.91260928628343
            ],
            [
              112.8069996899302,
              27.911668605049513
            ],
            [
              112.80656187172197,
              27.911034093723476
            ],
            [
              112.80541900896637,
              27.909461207322792
            ],
            [
              112.80611351986873,
              27.908816321113736
            ],
            [
              112.80599448950029,
              27.908617226197528
            ],
            [
              112.8058987335826,
              27.908459194580125
            ],
            [
              112.8056880157664,
              27.908094381695136
            ],
            [
              112.80569656862622,
              27.906960276552255
            ],
            [
              112.80648119851789,
              27.904642887122204
            ],
            [
              112.80979257909799,
              27.90354845062535
            ],
            [
              112.8103304310013,
              27.903120908069493
            ],
            [
              112.81057784948842,
              27.90295433105418
            ]
          ]
        ]
      }
    },
    {
      "type": "Feature",
      "properties": {
        "name": "建设路学校",
        "isAssistFeature": false
      },
      "geometry": {
        "type": "Polygon",
        "coordinates": [
          [
            [
              112.92924570006755,
              27.83961468221565
            ],
            [
              112.9295496603153,
              27.838776643409247
            ],
            [
              112.92971309171327,
              27.838326048069757
            ],
            [
              112.92997817736708,
              27.83759518043563
            ],
            [
              112.93015777574519,
              27.837100006210896
            ],
            [
              112.93022267093964,
              27.836872671724684
            ],
            [
              112.93077855921723,
              27.834925314302893
            ],
            [
              112.93158530832612,
              27.83174497985748
            ],
            [
              112.93160280121965,
              27.831669990026377
            ],
            [
              112.92674470138333,
              27.83117106538854
            ],
            [
              112.92659128350589,
              27.831126450030403
            ],
            [
              112.92053159804384,
              27.82790021738009
            ],
            [
              112.92049609572551,
              27.827881315541077
            ],
            [
              112.9204285513993,
              27.827845354133885
            ],
            [
              112.91852911852826,
              27.830568634167168
            ],
            [
              112.9132514299958,
              27.838135232592602
            ],
            [
              112.92312206893035,
              27.840557021221805
            ],
            [
              112.92331630086444,
              27.840300900034936
            ],
            [
              112.9237024506725,
              27.839793664170084
            ],
            [
              112.92409353582468,
              27.839867250347105
            ],
            [
              112.92432208609758,
              27.839576690384103
            ],
            [
              112.92466885466187,
              27.839120190813624
            ],
            [
              112.92483490734385,
              27.838808417359907
            ],
            [
              112.92576612252692,
              27.838978013841558
            ],
            [
              112.92579383196016,
              27.83898298725057
            ],
            [
              112.92699479954499,
              27.839202789300533
            ],
            [
              112.92924570006755,
              27.83961468221565
            ]
          ]
        ]
      }
    },
    {
      "type": "Feature",
      "properties": {
        "name": "护潭学校",
        "isAssistFeature": false
      },
      "geometry": {
        "type": "Polygon",
        "coordinates": [
          [
            [
              112.92467697004216,
              27.88080724774176
            ],
            [
              112.92362191041906,
              27.877455908009214
            ],
            [
              112.92318824242744,
              27.87607884276704
            ],
            [
              112.92303094652289,
              27.87557974445627
            ],
            [
              112.91676384006173,
              27.877169814564464
            ],
            [
              112.91667224963201,
              27.877059274739246
            ],
            [
              112.91562082369424,
              27.877002371781824
            ],
            [
              112.91459085581363,
              27.876774761241254
            ],
            [
              112.91422607512958,
              27.876585084631373
            ],
            [
              112.91386463258513,
              27.87601441145364
            ],
            [
              112.91380324441356,
              27.875913424781974
            ],
            [
              112.91321756440789,
              27.874821078475236
            ],
            [
              112.91312615723446,
              27.874099472931324
            ],
            [
              112.91346390312003,
              27.873415798893557
            ],
            [
              112.91285143804754,
              27.873077934715294
            ],
            [
              112.91223120075118,
              27.872740451445466
            ],
            [
              112.91018760624334,
              27.871857056777515
            ],
            [
              112.90779241292996,
              27.87108792929832
            ],
            [
              112.90578693034637,
              27.870443255197394
            ],
            [
              112.90573591232642,
              27.87042685509373
            ],
            [
              112.90569140439736,
              27.870412547486264
            ],
            [
              112.90650913720725,
              27.873764919869004
            ],
            [
              112.9056771957445,
              27.873599089392222
            ],
            [
              112.90490822348826,
              27.87344581092045
            ],
            [
              112.90321552530344,
              27.87294990228388
            ],
            [
              112.90306870106015,
              27.87455841475022
            ],
            [
              112.90270016811314,
              27.875228892672638
            ],
            [
              112.90167020023257,
              27.875238377185603
            ],
            [
              112.9006451164922,
              27.874082328524473
            ],
            [
              112.9011442986175,
              27.87226514101061
            ],
            [
              112.90087192044017,
              27.872174598079464
            ],
            [
              112.9006502719236,
              27.872099347149277
            ],
            [
              112.90037458255618,
              27.872004319766052
            ],
            [
              112.8987151831223,
              27.871607387009135
            ],
            [
              112.89799030646842,
              27.873001012041847
            ],
            [
              112.89782679871365,
              27.873823539766107
            ],
            [
              112.89755088027582,
              27.875155872059132
            ],
            [
              112.89738934522144,
              27.87591266485046
            ],
            [
              112.8973842643502,
              27.875952610877494
            ],
            [
              112.89737141844164,
              27.876203191758428
            ],
            [
              112.89733347989223,
              27.877036242782477
            ],
            [
              112.8974664018082,
              27.8776404804381
            ],
            [
              112.89751709014642,
              27.877879314026163
            ],
            [
              112.89804147630362,
              27.87844536628249
            ],
            [
              112.89811094122793,
              27.87851898339801
            ],
            [
              112.89969690787888,
              27.88016741401823
            ],
            [
              112.89996892134018,
              27.880912400943732
            ],
            [
              112.9001409918362,
              27.881382765494553
            ],
            [
              112.90015161980433,
              27.881411659692755
            ],
            [
              112.90018113574963,
              27.881491897051767
            ],
            [
              112.90201235145632,
              27.881024680546894
            ],
            [
              112.90303277743196,
              27.880694448609855
            ],
            [
              112.90325624234202,
              27.880622130438148
            ],
            [
              112.90330208337097,
              27.88063034798151
            ],
            [
              112.90354025909213,
              27.880673042829912
            ],
            [
              112.90603431469752,
              27.881119341905606
            ],
            [
              112.90632468882488,
              27.88117217087201
            ],
            [
              112.90594806385383,
              27.88362180042887
            ],
            [
              112.90587407770869,
              27.884093026630254
            ],
            [
              112.90580354378922,
              27.884265390875424
            ],
            [
              112.90540562245772,
              27.885237788805025
            ],
            [
              112.90526312719577,
              27.88558600223853
            ],
            [
              112.90492472194678,
              27.88621955992139
            ],
            [
              112.90464371095959,
              27.88674566307738
            ],
            [
              112.90338027542826,
              27.889111008667676
            ],
            [
              112.90459581278867,
              27.89023854656226
            ],
            [
              112.90466344155648,
              27.890301279048074
            ],
            [
              112.90497135528982,
              27.890586899530625
            ],
            [
              112.9052915238402,
              27.89050525643877
            ],
            [
              112.91700599082806,
              27.88766448328249
            ],
            [
              112.92610883340106,
              27.885454085224634
            ],
            [
              112.92613768189811,
              27.885446947102725
            ],
            [
              112.9258243144927,
              27.884451605631085
            ],
            [
              112.92487767433789,
              27.88144476306955
            ],
            [
              112.92467697004216,
              27.88080724774176
            ]
          ]
        ]
      }
    },
    {
      "type": "Feature",
      "properties": {
        "name": "昭山和平小学",
        "isAssistFeature": false
      },
      "geometry": {
        "type": "Polygon",
        "coordinates": [
          [
            [
              113.07117296444338,
              27.978776003558664
            ],
            [
              113.06941896432527,
              27.977164003506687
            ],
            [
              113.06788196394213,
              27.975163003097308
            ],
            [
              113.0676479644887,
              27.974592002807267
            ],
            [
              113.0677259643065,
              27.973579003045895
            ],
            [
              113.06897596463448,
              27.972077003195825
            ],
            [
              113.07120796460349,
              27.97183700351539
            ],
            [
              113.0728579640662,
              27.97203500293326
            ],
            [
              113.07361131461968,
              27.97182620254137
            ],
            [
              113.07373535668907,
              27.971791822527685
            ],
            [
              113.07439496444937,
              27.971609003086403
            ],
            [
              113.07484596453608,
              27.971113003439775
            ],
            [
              113.07495996433887,
              27.96914000306444
            ],
            [
              113.07548896424338,
              27.968190003574403
            ],
            [
              113.07646996405954,
              27.96741700293878
            ],
            [
              113.07767696383148,
              27.96704200337097
            ],
            [
              113.07952696420907,
              27.966964003424085
            ],
            [
              113.0818720144616,
              27.96769363514588
            ],
            [
              113.08222624622928,
              27.96779325715916
            ],
            [
              113.0842069640571,
              27.968292002944988
            ],
            [
              113.08510196365951,
              27.96825100327178
            ],
            [
              113.0854229640499,
              27.96775000323976
            ],
            [
              113.08537896366897,
              27.967072002908317
            ],
            [
              113.08503996373523,
              27.965542003175685
            ],
            [
              113.08387905113064,
              27.962148771322177
            ],
            [
              113.08369771271582,
              27.961614230908754
            ],
            [
              113.08257705092416,
              27.95826789515679
            ],
            [
              113.08213196444694,
              27.956568003091817
            ],
            [
              113.0818759751337,
              27.955824149018387
            ],
            [
              113.0814099641986,
              27.954470003401394
            ],
            [
              113.08082896441553,
              27.953248003008397
            ],
            [
              113.08008241141383,
              27.952738497498046
            ],
            [
              113.07924796454981,
              27.952169002880773
            ],
            [
              113.07689496420696,
              27.949360003068772
            ],
            [
              113.0765713847534,
              27.949227063988193
            ],
            [
              113.07632296464475,
              27.949125002956514
            ],
            [
              113.0753069637702,
              27.949051002994295
            ],
            [
              113.0745507197432,
              27.949314588100194
            ],
            [
              113.07403596442417,
              27.94949400294434
            ],
            [
              113.06337596417134,
              27.941737003271392
            ],
            [
              113.06174815309612,
              27.938377727379336
            ],
            [
              113.06097438922616,
              27.936780892585364
            ],
            [
              113.0593899640842,
              27.93351100348559
            ],
            [
              113.05865266372992,
              27.930924263060376
            ],
            [
              113.05851590421108,
              27.930409254448087
            ],
            [
              113.05682691427178,
              27.924048640101223
            ],
            [
              113.05673472017416,
              27.923701433854657
            ],
            [
              113.0558389650886,
              27.91885500278435
            ],
            [
              113.05572017007877,
              27.91702169117423
            ],
            [
              113.05552696581736,
              27.914040003175703
            ],
            [
              113.05201577656189,
              27.909128274193687
            ],
            [
              113.05177698369812,
              27.90882097537108
            ],
            [
              113.05159086983923,
              27.908573640571333
            ],
            [
              113.04969241792848,
              27.906095544381774
            ],
            [
              113.04763496600908,
              27.903553003493442
            ],
            [
              113.04625551305881,
              27.900949342164825
            ],
            [
              113.04255440737582,
              27.893963343900676
            ],
            [
              113.04213853231505,
              27.89317833244254
            ],
            [
              113.04181815176223,
              27.892573575699068
            ],
            [
              113.03987472479844,
              27.89139268398483
            ],
            [
              113.03835642284795,
              27.89150003809282
            ],
            [
              113.03774910152877,
              27.89327136907657
            ],
            [
              113.03483396243058,
              27.896169848667235
            ],
            [
              113.03015759177627,
              27.89665292118499
            ],
            [
              113.02627073874706,
              27.895525748622916
            ],
            [
              113.01971167353038,
              27.896974968332284
            ],
            [
              113.01011600531102,
              27.906421254843597
            ],
            [
              113.00511964037945,
              27.909294021674555
            ],
            [
              113.00481216053242,
              27.90863889794394
            ],
            [
              113.00240279988867,
              27.903519209061404
            ],
            [
              112.99831345671295,
              27.900851833775388
            ],
            [
              112.99065649840381,
              27.896834582125123
            ],
            [
              112.98560850819118,
              27.89292713186088
            ],
            [
              112.98027069631506,
              27.889903805161996
            ],
            [
              112.97873940921713,
              27.889495637325837
            ],
            [
              112.97528066630284,
              27.887020597029174
            ],
            [
              112.97410928652856,
              27.886190632069987
            ],
            [
              112.97395054253977,
              27.8860828272618
            ],
            [
              112.97307696146868,
              27.885495677678175
            ],
            [
              112.96755790011095,
              27.887451020272763
            ],
            [
              112.96474184339198,
              27.888300472692148
            ],
            [
              112.96452817101681,
              27.888358108119796
            ],
            [
              112.9604084953272,
              27.889469333651142
            ],
            [
              112.96034968891377,
              27.889485195730824
            ],
            [
              112.96043016987839,
              27.890072376875676
            ],
            [
              112.96180688835695,
              27.89767062230867
            ],
            [
              112.96521459079342,
              27.90934023618093
            ],
            [
              112.96633925278302,
              27.91112405801061
            ],
            [
              112.96913791182988,
              27.915562872431728
            ],
            [
              112.96936772872733,
              27.91592736483929
            ],
            [
              112.96976119351672,
              27.91640230735955
            ],
            [
              112.97136348974294,
              27.918336384567713
            ],
            [
              112.97275887970466,
              27.920020683331316
            ],
            [
              112.97944818356954,
              27.928094612862754
            ],
            [
              112.99158778365548,
              27.933580045822037
            ],
            [
              112.99399444845507,
              27.9347106289369
            ],
            [
              112.99559096132748,
              27.93546061962531
            ],
            [
              112.99751720890974,
              27.93636550178892
            ],
            [
              112.99836992930328,
              27.937390548830283
            ],
            [
              112.99928552547853,
              27.938491168726568
            ],
            [
              113.00176406717895,
              27.94182044168712
            ],
            [
              113.00279198240912,
              27.942149983913303
            ],
            [
              113.00375817170115,
              27.943380958328838
            ],
            [
              113.00472628069298,
              27.94341307140043
            ],
            [
              113.00955251818445,
              27.943573160467047
            ],
            [
              113.01190337963858,
              27.943651139223427
            ],
            [
              113.01196299902738,
              27.94371238133852
            ],
            [
              113.01324057763455,
              27.94502473520725
            ],
            [
              113.01485096768145,
              27.946146538421534
            ],
            [
              113.02137128945824,
              27.946866424735642
            ],
            [
              113.0224831818961,
              27.948155589354197
            ],
            [
              113.0232476077787,
              27.949506125804827
            ],
            [
              113.02713923086206,
              27.950120000858984
            ],
            [
              113.02807631563722,
              27.950351008934792
            ],
            [
              113.0301274416204,
              27.95085664536524
            ],
            [
              113.03242071926819,
              27.950672485106562
            ],
            [
              113.03351902289076,
              27.949618303265336
            ],
            [
              113.03318044965678,
              27.955704859596587
            ],
            [
              113.03049705254571,
              27.958865177384403
            ],
            [
              113.03273321710437,
              27.962683770870193
            ],
            [
              113.03124244043252,
              27.96531720517775
            ],
            [
              113.02766457642,
              27.967555574210355
            ],
            [
              113.02915535309187,
              27.97005722498944
            ],
            [
              113.02617379974811,
              27.972295495693647
            ],
            [
              113.02349040173874,
              27.974007082434866
            ],
            [
              113.0237885570731,
              27.97861506627545
            ],
            [
              113.0249819662331,
              27.978170003406508
            ],
            [
              113.02834196543304,
              27.978363002775886
            ],
            [
              113.02960896547944,
              27.979354003351062
            ],
            [
              113.02974867506569,
              27.979669311584686
            ],
            [
              113.03017396536897,
              27.980645002804778
            ],
            [
              113.0301559658256,
              27.982762003054315
            ],
            [
              113.0300235047454,
              27.983136371256144
            ],
            [
              113.029591965761,
              27.984356003196474
            ],
            [
              113.02947173524338,
              27.984488753043113
            ],
            [
              113.02888881126897,
              27.985327235861003
            ],
            [
              113.02763896545125,
              27.987125003444053
            ],
            [
              113.02572656719573,
              27.991779650696802
            ],
            [
              113.02432296573394,
              27.995180003045416
            ],
            [
              113.0244529663286,
              27.99657200275136
            ],
            [
              113.02476496559983,
              27.997463002702446
            ],
            [
              113.02513796586872,
              27.997973002938146
            ],
            [
              113.02737262844424,
              27.999803441153194
            ],
            [
              113.0274329997229,
              27.999855429256254
            ],
            [
              113.02760396618946,
              27.999990003332726
            ],
            [
              113.02794636355158,
              28.000401637934942
            ],
            [
              113.02987896581617,
              28.00272500276954
            ],
            [
              113.03152132331078,
              28.004168655476544
            ],
            [
              113.03177996534906,
              28.004396003313186
            ],
            [
              113.03204147570806,
              28.004825955866135
            ],
            [
              113.0331597389979,
              28.00666492501292
            ],
            [
              113.03403696543243,
              28.008113002799508
            ],
            [
              113.0359219659701,
              28.009394003474167
            ],
            [
              113.04192096574313,
              28.0107540033235
            ],
            [
              113.04268141388565,
              28.010870705886866
            ],
            [
              113.05132760866375,
              28.012198153551815
            ],
            [
              113.0623949643552,
              28.013896003019678
            ],
            [
              113.06589396437059,
              28.0140520031593
            ],
            [
              113.06851596432695,
              28.013048002781474
            ],
            [
              113.0699839642148,
              28.01175800288008
            ],
            [
              113.07054764088589,
              28.01031509745204
            ],
            [
              113.07089496460905,
              28.009426003313337
            ],
            [
              113.07438596422853,
              28.005458003109656
            ],
            [
              113.07826002794302,
              28.002210486625202
            ],
            [
              113.07847637729775,
              28.00203424479717
            ],
            [
              113.08111596447071,
              28.000002003131254
            ],
            [
              113.08190596449114,
              27.998448003428667
            ],
            [
              113.08220096404393,
              27.99687500349455
            ],
            [
              113.08306096438454,
              27.995308003367793
            ],
            [
              113.08509296433702,
              27.993030002920012
            ],
            [
              113.0851709641548,
              27.99212900343805
            ],
            [
              113.08444996373134,
              27.990534002925145
            ],
            [
              113.08097596383033,
              27.9864070031227
            ],
            [
              113.0790963684557,
              27.984539328563294
            ],
            [
              113.0784939645144,
              27.983878003076303
            ],
            [
              113.07618940672154,
              27.98216215034259
            ],
            [
              113.07359363936813,
              27.980480863342397
            ],
            [
              113.07314336242526,
              27.98016373921201
            ],
            [
              113.07117296444338,
              27.978776003558664
            ]
          ]
        ]
      }
    },
    {
      "type": "Feature",
      "properties": {
        "name": "曙光学校",
        "isAssistFeature": false
      },
      "geometry": {
        "type": "Polygon",
        "coordinates": [
          [
            [
              112.91405340725389,
              27.861821151544707
            ],
            [
              112.91050630514997,
              27.860484206232847
            ],
            [
              112.91004999152835,
              27.862155512761483
            ],
            [
              112.90972261848937,
              27.863540595785754
            ],
            [
              112.9095754969037,
              27.864165083625817
            ],
            [
              112.9095912183195,
              27.864198498025505
            ],
            [
              112.9142174009972,
              27.867121259182355
            ],
            [
              112.91562934690963,
              27.86796894050879
            ],
            [
              112.919562164037,
              27.86956178501877
            ],
            [
              112.92680027116683,
              27.872431088674123
            ],
            [
              112.92661968823516,
              27.872523549940574
            ],
            [
              112.92246582086919,
              27.874650366780042
            ],
            [
              112.92303094652289,
              27.87557974445627
            ],
            [
              112.92318824242744,
              27.87607884276704
            ],
            [
              112.92559164364759,
              27.875623580798823
            ],
            [
              112.92868154818765,
              27.875282159668757
            ],
            [
              112.9308273161776,
              27.874485505651094
            ],
            [
              112.93353098287476,
              27.87232312961316
            ],
            [
              112.93527653703255,
              27.87049297802215
            ],
            [
              112.93537634255557,
              27.870388334852137
            ],
            [
              112.9323967286745,
              27.869064881827835
            ],
            [
              112.9310106811917,
              27.868384440696712
            ],
            [
              112.93057608883366,
              27.868120995821346
            ],
            [
              112.929771451664,
              27.867633232105156
            ],
            [
              112.9271513651192,
              27.866475108987753
            ],
            [
              112.9260966387711,
              27.866077979674177
            ],
            [
              112.92484993795519,
              27.865598682751042
            ],
            [
              112.92344197876596,
              27.865308820703007
            ],
            [
              112.92226525850731,
              27.86506656359037
            ],
            [
              112.92143102274734,
              27.864836072975937
            ],
            [
              112.92088440238852,
              27.864690948445393
            ],
            [
              112.92072505652848,
              27.86462051366078
            ],
            [
              112.91876000801415,
              27.863751905284467
            ],
            [
              112.91635236135598,
              27.862687646215118
            ],
            [
              112.91405340725389,
              27.861821151544707
            ]
          ]
        ]
      }
    },
    {
      "type": "Feature",
      "properties": {
        "name": "月塘实验学校",
        "isAssistFeature": false
      },
      "geometry": {
        "type": "Polygon",
        "coordinates": [
          [
            [
              112.8750985075405,
              27.839866726876465
            ],
            [
              112.87291427638503,
              27.83657513001172
            ],
            [
              112.87274057365012,
              27.83552416096093
            ],
            [
              112.87232315079208,
              27.832998549890622
            ],
            [
              112.87246364370927,
              27.831524272175383
            ],
            [
              112.87251286869189,
              27.831007719799718
            ],
            [
              112.87274481369825,
              27.828573727007857
            ],
            [
              112.87433151876438,
              27.824694222038822
            ],
            [
              112.87484889806237,
              27.82379816391347
            ],
            [
              112.87507820381842,
              27.82340102290495
            ],
            [
              112.875482658597,
              27.82194271639494
            ],
            [
              112.87594974122224,
              27.818366760033683
            ],
            [
              112.87601337428369,
              27.81787958372678
            ],
            [
              112.87714496228419,
              27.81483107634229
            ],
            [
              112.87918358192196,
              27.81208675689853
            ],
            [
              112.8804303007042,
              27.8094715482988
            ],
            [
              112.88120835762291,
              27.808095151670145
            ],
            [
              112.88146798870632,
              27.80763585469176
            ],
            [
              112.88224625313588,
              27.80543298109992
            ],
            [
              112.88162364159223,
              27.803826690980497
            ],
            [
              112.88068320071119,
              27.803877337478365
            ],
            [
              112.88034184000489,
              27.803895721440874
            ],
            [
              112.87940535350774,
              27.803826690980497
            ],
            [
              112.8785967565643,
              27.803826690980497
            ],
            [
              112.87835180574926,
              27.803826690980497
            ],
            [
              112.87617577890728,
              27.80396437362611
            ],
            [
              112.87456736245908,
              27.80442331584242
            ],
            [
              112.8739964121291,
              27.80509671761364
            ],
            [
              112.87309850737506,
              27.806155733227364
            ],
            [
              112.87257985246934,
              27.80707042047379
            ],
            [
              112.87202502689874,
              27.808048888418174
            ],
            [
              112.87136328653796,
              27.810214549088716
            ],
            [
              112.87098733889663,
              27.811444884050378
            ],
            [
              112.86994965089447,
              27.81438187689237
            ],
            [
              112.86905578137271,
              27.816608845296102
            ],
            [
              112.86749337124341,
              27.81884370741859
            ],
            [
              112.8671478935582,
              27.819337870922382
            ],
            [
              112.86574701399175,
              27.821265140804783
            ],
            [
              112.860439362153,
              27.824437989527386
            ],
            [
              112.85928983030472,
              27.824807048459416
            ],
            [
              112.85928983030472,
              27.824996891132226
            ],
            [
              112.85947382683447,
              27.825304256155484
            ],
            [
              112.85974606217962,
              27.825437179057737
            ],
            [
              112.86035425755962,
              27.825975049802658
            ],
            [
              112.86144079504857,
              27.826935946903333
            ],
            [
              112.8633409510634,
              27.82779886414448
            ],
            [
              112.8585983368434,
              27.832212183180495
            ],
            [
              112.85881690593519,
              27.83319240897006
            ],
            [
              112.85880431424984,
              27.833550685312083
            ],
            [
              112.85887832644609,
              27.833815675857043
            ],
            [
              112.85906616507035,
              27.83459844829635
            ],
            [
              112.85903197788556,
              27.83497383166653
            ],
            [
              112.85884356703451,
              27.835570853383533
            ],
            [
              112.85990337874546,
              27.835668042414294
            ],
            [
              112.86320551476298,
              27.83822834747353
            ],
            [
              112.86341735367664,
              27.838389357125838
            ],
            [
              112.86484022939115,
              27.83948419704283
            ],
            [
              112.86533480854892,
              27.839268999588317
            ],
            [
              112.87055692100968,
              27.840987290649853
            ],
            [
              112.87399348182464,
              27.840139375310528
            ],
            [
              112.87506927725944,
              27.839873938697256
            ],
            [
              112.8750985075405,
              27.839866726876465
            ]
          ]
        ]
      }
    },
    {
      "type": "Feature",
      "properties": {
        "name": "柴山学校",
        "isAssistFeature": false
      },
      "geometry": {
        "type": "Polygon",
        "coordinates": [
          [
            [
              112.7954286578421,
              27.994978593311817
            ],
            [
              112.79634017656426,
              27.99427067223377
            ],
            [
              112.79783084992987,
              27.994381427738038
            ],
            [
              112.800557361683,
              27.994584004599176
            ],
            [
              112.80132484093927,
              27.994818293358342
            ],
            [
              112.80185326412536,
              27.99497960543791
            ],
            [
              112.80219895381299,
              27.99515525041862
            ],
            [
              112.80376267278763,
              27.995466270417904
            ],
            [
              112.80473726581916,
              27.99556083631701
            ],
            [
              112.80593140980105,
              27.9950927342656
            ],
            [
              112.8059719372951,
              27.995030604365652
            ],
            [
              112.80651526712501,
              27.994204820921414
            ],
            [
              112.80751261538101,
              27.994069335362557
            ],
            [
              112.80796988391177,
              27.992983446647138
            ],
            [
              112.8080804045395,
              27.99274600640784
            ],
            [
              112.80897028015151,
              27.991698313290883
            ],
            [
              112.81488907923428,
              27.989653634623963
            ],
            [
              112.81638603451867,
              27.98913649785789
            ],
            [
              112.81579444359842,
              27.98850962047885
            ],
            [
              112.81785727462974,
              27.9880318553308
            ],
            [
              112.81888995721914,
              27.988624592468433
            ],
            [
              112.81967704579972,
              27.98907636191751
            ],
            [
              112.81999827975204,
              27.989260742205776
            ],
            [
              112.82094795711087,
              27.98888604861893
            ],
            [
              112.82231420392816,
              27.988125054631716
            ],
            [
              112.82337161264573,
              27.98753607954567
            ],
            [
              112.82384853631491,
              27.98712896974431
            ],
            [
              112.8243357816267,
              27.985838170079106
            ],
            [
              112.82484578306126,
              27.98333774203195
            ],
            [
              112.82466830650385,
              27.981874944074026
            ],
            [
              112.82579232889299,
              27.979628465378617
            ],
            [
              112.82774457821117,
              27.979680709139444
            ],
            [
              112.82857280514018,
              27.977904391207186
            ],
            [
              112.8279504612945,
              27.976955682696495
            ],
            [
              112.83123003522533,
              27.97478342743052
            ],
            [
              112.83085735655331,
              27.97353271525713
            ],
            [
              112.82891942638075,
              27.972874440201824
            ],
            [
              112.8291860930695,
              27.972516051297916
            ],
            [
              112.82907311375283,
              27.97241933816642
            ],
            [
              112.82845524890716,
              27.97153506455286
            ],
            [
              112.82005319376537,
              27.96941780110495
            ],
            [
              112.81882072675513,
              27.967516839426633
            ],
            [
              112.81994475453416,
              27.966287705579504
            ],
            [
              112.8189813024088,
              27.964585804710133
            ],
            [
              112.81796108304566,
              27.965883310777876
            ],
            [
              112.81538303945281,
              27.96531556359083
            ],
            [
              112.8152264469291,
              27.965279482788812
            ],
            [
              112.8131228808929,
              27.966580031182232
            ],
            [
              112.81180815155884,
              27.965372379622426
            ],
            [
              112.81238663246585,
              27.9647221001078
            ],
            [
              112.8121762757724,
              27.963049935585353
            ],
            [
              112.80891574792219,
              27.963514428549747
            ],
            [
              112.80546031170651,
              27.960688212394295
            ],
            [
              112.80282888662622,
              27.960050540494187
            ],
            [
              112.801394714597,
              27.961181461458054
            ],
            [
              112.79722381337663,
              27.96579333812564
            ],
            [
              112.7963109157405,
              27.966346038898184
            ],
            [
              112.79604888974858,
              27.966504678516404
            ],
            [
              112.79513781389582,
              27.96605454892106
            ],
            [
              112.7947099831569,
              27.965843172633335
            ],
            [
              112.79465125849015,
              27.965814158971455
            ],
            [
              112.79488521033286,
              27.965381748326035
            ],
            [
              112.79523666540801,
              27.964730214463284
            ],
            [
              112.795314922144,
              27.964307053224406
            ],
            [
              112.79429596221888,
              27.963978918721605
            ],
            [
              112.79426354830849,
              27.962353278875646
            ],
            [
              112.79316099295968,
              27.96231709631609
            ],
            [
              112.79226550377543,
              27.962251568259084
            ],
            [
              112.7905099199275,
              27.964797031123233
            ],
            [
              112.78935935501663,
              27.96547407857022
            ],
            [
              112.78929633280956,
              27.965511973856483
            ],
            [
              112.7876609543264,
              27.964654574872636
            ],
            [
              112.7868583769937,
              27.96423353337795
            ],
            [
              112.78662402540068,
              27.96411092798717
            ],
            [
              112.78576082975259,
              27.96440046503594
            ],
            [
              112.78553096524445,
              27.964477567089972
            ],
            [
              112.78509051946399,
              27.964625303027933
            ],
            [
              112.78516618995027,
              27.964476530081356
            ],
            [
              112.78575926488737,
              27.96327363939792
            ],
            [
              112.78577651793073,
              27.963235732217584
            ],
            [
              112.78480313403156,
              27.96302723931389
            ],
            [
              112.78474467796109,
              27.96297244848754
            ],
            [
              112.78316118796536,
              27.961454677983067
            ],
            [
              112.78175286226355,
              27.961277520544265
            ],
            [
              112.78062956481482,
              27.96019604414681
            ],
            [
              112.77740832298694,
              27.959661417096736
            ],
            [
              112.77737548417342,
              27.959564797181013
            ],
            [
              112.77728602005595,
              27.959303494505686
            ],
            [
              112.7770610989768,
              27.95822358289464
            ],
            [
              112.77711855612068,
              27.95797574620187
            ],
            [
              112.7772044853675,
              27.957615219384074
            ],
            [
              112.77697560092132,
              27.957431917294773
            ],
            [
              112.77650994392243,
              27.95705901194217
            ],
            [
              112.77624337515007,
              27.956845601797177
            ],
            [
              112.77568018356924,
              27.956394198839824
            ],
            [
              112.77547254338118,
              27.956284230345013
            ],
            [
              112.77540277213139,
              27.956246809498065
            ],
            [
              112.77451802410299,
              27.956704464930546
            ],
            [
              112.7736810116505,
              27.957057797915972
            ],
            [
              112.77366580047781,
              27.957150182096406
            ],
            [
              112.77365907748622,
              27.957191529563758
            ],
            [
              112.77365422209209,
              27.95722394401829
            ],
            [
              112.7733658754623,
              27.95900881084664
            ],
            [
              112.77333478746529,
              27.95920468430511
            ],
            [
              112.77329614553501,
              27.959449054707775
            ],
            [
              112.77294763423909,
              27.960070323810086
            ],
            [
              112.7728395848767,
              27.960262935818477
            ],
            [
              112.77320662751866,
              27.960786639585553
            ],
            [
              112.77326490482439,
              27.96123275407702
            ],
            [
              112.77335580265306,
              27.961928568239443
            ],
            [
              112.77340725725419,
              27.962322447292276
            ],
            [
              112.77321973393863,
              27.962504569164146
            ],
            [
              112.7731955045788,
              27.962529331665774
            ],
            [
              112.77290695942133,
              27.96280116102127
            ],
            [
              112.77244428303257,
              27.963243875248498
            ],
            [
              112.77244428303257,
              27.965015831136025
            ],
            [
              112.77292087432508,
              27.965235452689452
            ],
            [
              112.77428998407318,
              27.96586635943733
            ],
            [
              112.77522932272139,
              27.96728860612783
            ],
            [
              112.77533097428231,
              27.96749925679279
            ],
            [
              112.77539307751283,
              27.96760338948535
            ],
            [
              112.77526458518955,
              27.967830362196015
            ],
            [
              112.77485171858666,
              27.968559655626468
            ],
            [
              112.77499574008628,
              27.970063564140244
            ],
            [
              112.77511068581508,
              27.97038262367173
            ],
            [
              112.77573198851336,
              27.97210718460186
            ],
            [
              112.77477854002697,
              27.974683075641373
            ],
            [
              112.77408203486469,
              27.976564771782083
            ],
            [
              112.77552984152328,
              27.977683554674535
            ],
            [
              112.7748964259417,
              27.979641396415843
            ],
            [
              112.77661569629264,
              27.98036059446604
            ],
            [
              112.77738484372038,
              27.979601441092427
            ],
            [
              112.77878740672966,
              27.98084005716835
            ],
            [
              112.7789683822251,
              27.981998750163015
            ],
            [
              112.7789683822251,
              27.98299761374293
            ],
            [
              112.77847069848971,
              27.98447591460755
            ],
            [
              112.77996374879758,
              27.98479554471225
            ],
            [
              112.78127582361,
              27.98563456853512
            ],
            [
              112.78267838661927,
              27.986953021351567
            ],
            [
              112.78362850954247,
              27.98723269161728
            ],
            [
              112.78435241332093,
              27.991028138799493
            ],
            [
              112.78317607035468,
              27.99074847837965
            ],
            [
              112.78245216657622,
              27.99122789489154
            ],
            [
              112.78184514709099,
              27.9924913416552
            ],
            [
              112.78181875189298,
              27.992546280098527
            ],
            [
              112.7831308267054,
              27.993145540410666
            ],
            [
              112.7831747201868,
              27.99313410303194
            ],
            [
              112.78480875658694,
              27.993065704800742
            ],
            [
              112.78603566661883,
              27.99547212898322
            ],
            [
              112.78542610130808,
              27.996123964965953
            ],
            [
              112.7849536449608,
              27.996629181463273
            ],
            [
              112.78498985964315,
              27.996654603203858
            ],
            [
              112.78503746226836,
              27.996694034254975
            ],
            [
              112.78550956018783,
              27.99705213975063
            ],
            [
              112.78611511811411,
              27.99750193692481
            ],
            [
              112.78621669152163,
              27.997627305088642
            ],
            [
              112.78693131929646,
              27.998538734877883
            ],
            [
              112.78726453138478,
              27.99869128949678
            ],
            [
              112.78770824972781,
              27.998894437273613
            ],
            [
              112.78938022557563,
              27.999814851649663
            ],
            [
              112.78947376984111,
              27.999739837091596
            ],
            [
              112.79160628588396,
              27.998031462685333
            ],
            [
              112.79486332018604,
              27.995419953950243
            ],
            [
              112.7954286578421,
              27.994978593311817
            ]
          ]
        ]
      }
    },
    {
      "type": "Feature",
      "properties": {
        "name": "梅花学校",
        "isAssistFeature": false
      },
      "geometry": {
        "type": "Polygon",
        "coordinates": [
          [
            [
              112.82922083271815,
              27.85665835605966
            ],
            [
              112.82874067691058,
              27.85492166871094
            ],
            [
              112.82763034125313,
              27.85491901915749
            ],
            [
              112.82753957727341,
              27.855135684271456
            ],
            [
              112.82737695974912,
              27.855580079149338
            ],
            [
              112.82634240596903,
              27.855619001767096
            ],
            [
              112.82651850001923,
              27.850987130416218
            ],
            [
              112.82695444524008,
              27.850955009764476
            ],
            [
              112.82731092459258,
              27.85092874438732
            ],
            [
              112.82731344346865,
              27.85089820588445
            ],
            [
              112.82733371305471,
              27.849846958607753
            ],
            [
              112.82810334826766,
              27.849780475988464
            ],
            [
              112.82849491581516,
              27.84683455520917
            ],
            [
              112.82839697699131,
              27.845623816362217
            ],
            [
              112.829563061197,
              27.845568658654763
            ],
            [
              112.82957386253997,
              27.845509272068384
            ],
            [
              112.829831854198,
              27.844090754144407
            ],
            [
              112.82702188536175,
              27.8439850250812
            ],
            [
              112.82598492140171,
              27.842857920872717
            ],
            [
              112.82355338584517,
              27.842803632332814
            ],
            [
              112.82076937921892,
              27.839131021725827
            ],
            [
              112.8194233983944,
              27.839803099357237
            ],
            [
              112.81830080612319,
              27.839973061269102
            ],
            [
              112.81572831591542,
              27.840024760089353
            ],
            [
              112.80824890333396,
              27.83872486614802
            ],
            [
              112.80871447678955,
              27.842421205790863
            ],
            [
              112.81264347248366,
              27.842360917513698
            ],
            [
              112.81234428318841,
              27.844064321888265
            ],
            [
              112.81241305640992,
              27.846891361217757
            ],
            [
              112.81239600638581,
              27.84767034112969
            ],
            [
              112.81239220381724,
              27.847913462377964
            ],
            [
              112.81237901834548,
              27.84926583894661
            ],
            [
              112.80838110120781,
              27.84903201373374
            ],
            [
              112.8087262599911,
              27.858352973533552
            ],
            [
              112.80913830912709,
              27.861067652294693
            ],
            [
              112.81265029339163,
              27.861975972078486
            ],
            [
              112.81681760135083,
              27.86305377081183
            ],
            [
              112.81839429289649,
              27.86308818859187
            ],
            [
              112.81964007293925,
              27.863673280444686
            ],
            [
              112.82246254542599,
              27.865290872808977
            ],
            [
              112.82343507233236,
              27.86587246089087
            ],
            [
              112.82375271841344,
              27.866060463924583
            ],
            [
              112.82564095737771,
              27.866898052052047
            ],
            [
              112.82585129520656,
              27.866991171619247
            ],
            [
              112.82679977241614,
              27.867409520162802
            ],
            [
              112.82709370297376,
              27.867539164888704
            ],
            [
              112.82792552765548,
              27.867656999843927
            ],
            [
              112.82930942277483,
              27.868024384620945
            ],
            [
              112.82971144132237,
              27.868131109116458
            ],
            [
              112.83725839194182,
              27.869350213669872
            ],
            [
              112.83737038131504,
              27.866736655095348
            ],
            [
              112.83712125962214,
              27.86637282611238
            ],
            [
              112.83678022590261,
              27.865832820866036
            ],
            [
              112.83656372473261,
              27.865662456347714
            ],
            [
              112.83474500459155,
              27.864231300115666
            ],
            [
              112.83449605357853,
              27.864114782923163
            ],
            [
              112.83398459238163,
              27.863875403578046
            ],
            [
              112.83335852501911,
              27.863789813200984
            ],
            [
              112.83289551445705,
              27.863726515002007
            ],
            [
              112.83181518073341,
              27.86357882223724
            ],
            [
              112.83074165713798,
              27.863262467647793
            ],
            [
              112.83052766226761,
              27.86239536288076
            ],
            [
              112.83047327646368,
              27.862174991554827
            ],
            [
              112.83052494755881,
              27.861080404532384
            ],
            [
              112.83058289697951,
              27.859919442829188
            ],
            [
              112.8311442281494,
              27.859406822727863
            ],
            [
              112.83065219661376,
              27.85802271140734
            ],
            [
              112.83062004501146,
              27.857991264739994
            ],
            [
              112.82922083271815,
              27.85665835605966
            ]
          ]
        ]
      }
    },
    {
      "type": "Feature",
      "properties": {
        "name": "江南学校（小学部）",
        "isAssistFeature": false
      },
      "geometry": {
        "type": "Polygon",
        "coordinates": [
          [
            [
              112.64559370008996,
              27.85248145496574
            ],
            [
              112.64567953052212,
              27.853442692356833
            ],
            [
              112.64563661530603,
              27.854277444084
            ],
            [
              112.64662366797053,
              27.85473276078794
            ],
            [
              112.6479969593763,
              27.85484659006226
            ],
            [
              112.65112977913245,
              27.85609869863267
            ],
            [
              112.65220266312741,
              27.855339846222595
            ],
            [
              112.65318971579191,
              27.854884532862403
            ],
            [
              112.65387636104562,
              27.854277444084
            ],
            [
              112.65507799068881,
              27.855529560021616
            ],
            [
              112.65533548288352,
              27.85621252647286
            ],
            [
              112.65662294295885,
              27.855377789644358
            ],
            [
              112.6586551126929,
              27.855222063797033
            ],
            [
              112.65919786400778,
              27.855301903581793
            ],
            [
              112.65992742447756,
              27.85613664099461
            ],
            [
              112.66065698584568,
              27.856591949890557
            ],
            [
              112.66022783188835,
              27.857730212970292
            ],
            [
              112.65979867882935,
              27.858071690199
            ],
            [
              112.65936952577036,
              27.858754639841106
            ],
            [
              112.65791040393246,
              27.859058171722495
            ],
            [
              112.65782457260202,
              27.860082586043735
            ],
            [
              112.65808206479674,
              27.86148639776444
            ],
            [
              112.66168695372625,
              27.862245206353396
            ],
            [
              112.66233068376391,
              27.860537878366543
            ],
            [
              112.663060245132,
              27.859247879014593
            ],
            [
              112.66357522862313,
              27.858982289030372
            ],
            [
              112.66473394305025,
              27.85955140951486
            ],
            [
              112.66481977438072,
              27.859058171722495
            ],
            [
              112.66417604344475,
              27.858564932480004
            ],
            [
              112.66400438258047,
              27.858071690199
            ],
            [
              112.66344648297496,
              27.85754050381643
            ],
            [
              112.66361814473754,
              27.85674371936234
            ],
            [
              112.66361814473754,
              27.855795158464876
            ],
            [
              112.66370397516968,
              27.855150132885814
            ],
            [
              112.66254526074258,
              27.85386006942087
            ],
            [
              112.66220193811571,
              27.853935955698358
            ],
            [
              112.66185861548885,
              27.8538221262622
            ],
            [
              112.65868287961831,
              27.852266440559195
            ],
            [
              112.65889745659699,
              27.851773169622636
            ],
            [
              112.66177278505671,
              27.85173522573368
            ],
            [
              112.66297441380156,
              27.851659337915944
            ],
            [
              112.66327482121235,
              27.851545505295523
            ],
            [
              112.66443353563946,
              27.851507561326912
            ],
            [
              112.66559225006657,
              27.85134313677996
            ],
            [
              112.66726594888313,
              27.8495597470142
            ],
            [
              112.66799550845461,
              27.848851442587137
            ],
            [
              112.66790967802247,
              27.84888938748515
            ],
            [
              112.66696554147234,
              27.848687014012782
            ],
            [
              112.66563516528265,
              27.847890164496555
            ],
            [
              112.66447645085553,
              27.84762454669002
            ],
            [
              112.66417604344475,
              27.846637960343376
            ],
            [
              112.66520601222365,
              27.845271903321166
            ],
            [
              112.66534417041937,
              27.844444898255592
            ],
            [
              112.66489823323761,
              27.843218161415624
            ],
            [
              112.66489823323761,
              27.84234191175425
            ],
            [
              112.6649485200289,
              27.84094594244777
            ],
            [
              112.66477685826631,
              27.84018698400234
            ],
            [
              112.66464811261811,
              27.839845451247655
            ],
            [
              112.66413312822867,
              27.83973160622762
            ],
            [
              112.66378980560181,
              27.83946596844203
            ],
            [
              112.66224485333179,
              27.83954186558594
            ],
            [
              112.6618157002728,
              27.84026287984752
            ],
            [
              112.66082864670994,
              27.83965571001077
            ],
            [
              112.66044240886703,
              27.839428020247322
            ],
            [
              112.66057115541354,
              27.838820845738162
            ],
            [
              112.65572172072648,
              27.836126466965396
            ],
            [
              112.65585046727298,
              27.837037250072544
            ],
            [
              112.65516382201928,
              27.838555205722596
            ],
            [
              112.65383344582959,
              27.83897264008121
            ],
            [
              112.65327554622405,
              27.83957981374083
            ],
            [
              112.65267473140248,
              27.839807503185693
            ],
            [
              112.65117269434852,
              27.839124433417513
            ],
            [
              112.64941316599813,
              27.84246384340938
            ],
            [
              112.64821153635494,
              27.842198212314038
            ],
            [
              112.64743905977079,
              27.843829935797277
            ],
            [
              112.64829736678709,
              27.843943775722053
            ],
            [
              112.64949899643027,
              27.84462681514459
            ],
            [
              112.64988523427319,
              27.84538574252683
            ],
            [
              112.64975648862499,
              27.847358928232964
            ],
            [
              112.6491556738034,
              27.84819372679394
            ],
            [
              112.6485977741979,
              27.848345508021122
            ],
            [
              112.64803987459237,
              27.84902851892903
            ],
            [
              112.64773946718158,
              27.849825360080917
            ],
            [
              112.64795404416023,
              27.85103958329851
            ],
            [
              112.64769655196551,
              27.851684633331576
            ],
            [
              112.64709573714393,
              27.85217790467093
            ],
            [
              112.6461086844794,
              27.851912297366578
            ],
            [
              112.64559370008996,
              27.85248145496574
            ]
          ]
        ]
      }
    },
    {
      "type": "Feature",
      "properties": {
        "name": "清联学校",
        "isAssistFeature": false
      },
      "geometry": {
        "type": "Polygon",
        "coordinates": [
          [
            [
              112.74655395709358,
              27.894085496156084
            ],
            [
              112.7479278350992,
              27.89189981892243
            ],
            [
              112.7483586392617,
              27.89130686604441
            ],
            [
              112.74848062329076,
              27.891139146589733
            ],
            [
              112.74908991102208,
              27.890299969789357
            ],
            [
              112.74972023999236,
              27.88917190771404
            ],
            [
              112.74973172405495,
              27.88915132379098
            ],
            [
              112.7502433819829,
              27.888234235978658
            ],
            [
              112.7511439412586,
              27.886812851909816
            ],
            [
              112.75193482611958,
              27.885564553755152
            ],
            [
              112.75277287163463,
              27.88583391123955
            ],
            [
              112.75432083954911,
              27.8863337094509
            ],
            [
              112.75543574044485,
              27.88669285032797
            ],
            [
              112.75686546401677,
              27.887154305767872
            ],
            [
              112.75760902922183,
              27.887399533041098
            ],
            [
              112.75917929062665,
              27.88637068286779
            ],
            [
              112.76134792702881,
              27.88450946066734
            ],
            [
              112.76248191712433,
              27.884649793779616
            ],
            [
              112.76370778241555,
              27.884535066815012
            ],
            [
              112.76496332624711,
              27.884809050389975
            ],
            [
              112.76569801160561,
              27.883923187882274
            ],
            [
              112.76745646377427,
              27.883019016653336
            ],
            [
              112.76787470050594,
              27.883732880635606
            ],
            [
              112.7684948443775,
              27.883070006526694
            ],
            [
              112.76947553696981,
              27.882751315652744
            ],
            [
              112.76974955367417,
              27.881400056436696
            ],
            [
              112.77067255825558,
              27.88136181245168
            ],
            [
              112.77135955385226,
              27.88039909643314
            ],
            [
              112.77305069256172,
              27.879641299547405
            ],
            [
              112.77308749474228,
              27.879639078590976
            ],
            [
              112.77350478914123,
              27.878639484765003
            ],
            [
              112.77367570350549,
              27.878561523443448
            ],
            [
              112.77452181589182,
              27.878180503064442
            ],
            [
              112.77447499839414,
              27.877752351314374
            ],
            [
              112.77440783675026,
              27.87718082510528
            ],
            [
              112.77506609883427,
              27.876590650281102
            ],
            [
              112.77509117889868,
              27.876567831830037
            ],
            [
              112.77536874125347,
              27.875936484770172
            ],
            [
              112.77578624226493,
              27.875589827674233
            ],
            [
              112.77709171446001,
              27.875368970999332
            ],
            [
              112.77761530560821,
              27.875081703946634
            ],
            [
              112.77788577576382,
              27.874193275579064
            ],
            [
              112.77788899263085,
              27.87417098072215
            ],
            [
              112.7772417367057,
              27.87371003614764
            ],
            [
              112.77720330048966,
              27.873681041427314
            ],
            [
              112.7764285691341,
              27.873068790681053
            ],
            [
              112.77559042480436,
              27.87171304069485
            ],
            [
              112.77426737168084,
              27.871131379137793
            ],
            [
              112.77380695455504,
              27.870692677502156
            ],
            [
              112.77335971212115,
              27.86978006787198
            ],
            [
              112.7721803651886,
              27.868430534490496
            ],
            [
              112.77209917994479,
              27.868353847551262
            ],
            [
              112.77177791724635,
              27.867729817447778
            ],
            [
              112.77154553835372,
              27.867267474783503
            ],
            [
              112.77153180401135,
              27.867245328593917
            ],
            [
              112.77070488952094,
              27.865049544819236
            ],
            [
              112.7705097907126,
              27.864532982944613
            ],
            [
              112.77055156237334,
              27.863979053978955
            ],
            [
              112.7706176586153,
              27.86302260276984
            ],
            [
              112.77062449209966,
              27.86289313371194
            ],
            [
              112.7712120091601,
              27.86278801702329
            ],
            [
              112.7733756024202,
              27.86265378740637
            ],
            [
              112.77341356073256,
              27.861814850519647
            ],
            [
              112.7724646155007,
              27.861244369568716
            ],
            [
              112.77230710489876,
              27.8602399830361
            ],
            [
              112.77162954520583,
              27.858861740386338
            ],
            [
              112.77185729148657,
              27.858173788710367
            ],
            [
              112.77147771375314,
              27.85743549392084
            ],
            [
              112.7716170586234,
              27.856131544473573
            ],
            [
              112.7667710258563,
              27.85504580847782
            ],
            [
              112.76588543430987,
              27.856047646029182
            ],
            [
              112.7636269466164,
              27.85502407993861
            ],
            [
              112.76230282359941,
              27.854815440310407
            ],
            [
              112.76222265255355,
              27.8548398899277
            ],
            [
              112.76062828216313,
              27.85532611640955
            ],
            [
              112.75892305786996,
              27.85526463125628
            ],
            [
              112.75799309224345,
              27.85561700746676
            ],
            [
              112.75698721089059,
              27.854207497341555
            ],
            [
              112.76074503081068,
              27.853234254600224
            ],
            [
              112.76102971411075,
              27.85175759271781
            ],
            [
              112.76268087779007,
              27.849861395218596
            ],
            [
              112.76304669243503,
              27.8497649289796
            ],
            [
              112.76399042115004,
              27.849475439200916
            ],
            [
              112.76583137279773,
              27.848502153986697
            ],
            [
              112.76543281635732,
              27.847780574156268
            ],
            [
              112.76649555118621,
              27.847387624195143
            ],
            [
              112.76752049389108,
              27.847008645936278
            ],
            [
              112.76518609136961,
              27.84519627310015
            ],
            [
              112.76408531558339,
              27.843266397060244
            ],
            [
              112.76353492769024,
              27.841923854899225
            ],
            [
              112.76164273254545,
              27.839246775393878
            ],
            [
              112.76004850588546,
              27.83711540251778
            ],
            [
              112.75852339650174,
              27.834566350594667
            ],
            [
              112.75757071427833,
              27.83342788570062
            ],
            [
              112.75603061380914,
              27.83158742631966
            ],
            [
              112.75392739631926,
              27.83037155859954
            ],
            [
              112.75014897353812,
              27.828259002148165
            ],
            [
              112.74698597308338,
              27.824423002154642
            ],
            [
              112.74621644207502,
              27.826202369778986
            ],
            [
              112.74545574330256,
              27.827971474415605
            ],
            [
              112.739986974126,
              27.833726001646426
            ],
            [
              112.73835797457966,
              27.836699001630507
            ],
            [
              112.73833097481547,
              27.83991300199014
            ],
            [
              112.73892556880371,
              27.841065621357433
            ],
            [
              112.73979397468047,
              27.84274900220824
            ],
            [
              112.74076333951702,
              27.84320864629951
            ],
            [
              112.74231851281836,
              27.843946060954917
            ],
            [
              112.74381997315392,
              27.844658001978356
            ],
            [
              112.74520530737438,
              27.84622827522813
            ],
            [
              112.74602497335874,
              27.84715100221766
            ],
            [
              112.745544973858,
              27.84849400231473
            ],
            [
              112.74223539350176,
              27.84976417839596
            ],
            [
              112.74130055541312,
              27.850122954408214
            ],
            [
              112.74062324814676,
              27.850382894257148
            ],
            [
              112.73482244187828,
              27.852609123985886
            ],
            [
              112.73410960893739,
              27.85288269110127
            ],
            [
              112.73353887869467,
              27.85310172236614
            ],
            [
              112.73179313409402,
              27.853771691298945
            ],
            [
              112.7295409741334,
              27.85463600183963
            ],
            [
              112.72917804936871,
              27.85667705433055
            ],
            [
              112.72868622354729,
              27.859442965868816
            ],
            [
              112.72831648146793,
              27.861857521810208
            ],
            [
              112.72838680607994,
              27.861896379433865
            ],
            [
              112.73117109477722,
              27.863434822153764
            ],
            [
              112.73253854623532,
              27.86419039121263
            ],
            [
              112.73380964529434,
              27.86489271707481
            ],
            [
              112.73552625932697,
              27.865423867427438
            ],
            [
              112.7376720264186,
              27.8670173028655
            ],
            [
              112.74230688233038,
              27.868610714873217
            ],
            [
              112.74310752199703,
              27.869028124064606
            ],
            [
              112.74548572008356,
              27.87026977545493
            ],
            [
              112.74565427906516,
              27.870355853066847
            ],
            [
              112.74628116748785,
              27.871926001880112
            ],
            [
              112.74668424784406,
              27.872935571980733
            ],
            [
              112.74599760169203,
              27.875591100583176
            ],
            [
              112.74342268154142,
              27.876273940613796
            ],
            [
              112.74287756226745,
              27.87727472751942
            ],
            [
              112.74271917760474,
              27.87756550566893
            ],
            [
              112.74230688233038,
              27.87832243329045
            ],
            [
              112.74167179318744,
              27.878143941350704
            ],
            [
              112.73741453422387,
              27.87695677554591
            ],
            [
              112.7379844775424,
              27.878846022719472
            ],
            [
              112.73810117947758,
              27.879232862750204
            ],
            [
              112.73825369993811,
              27.87989355368774
            ],
            [
              112.73813786397886,
              27.88065677529188
            ],
            [
              112.73805733630181,
              27.881165114253758
            ],
            [
              112.73815153723578,
              27.88232243558395
            ],
            [
              112.73808430193002,
              27.883141921287717
            ],
            [
              112.73808166267972,
              27.883210803626014
            ],
            [
              112.73804836662373,
              27.883590300050997
            ],
            [
              112.73803297488963,
              27.883766936125937
            ],
            [
              112.738011985753,
              27.88400961909883
            ],
            [
              112.73724287246125,
              27.885378058246815
            ],
            [
              112.7343246296838,
              27.886136700301233
            ],
            [
              112.73372381486223,
              27.888033281785166
            ],
            [
              112.73398111032587,
              27.889265362248402
            ],
            [
              112.73346632266748,
              27.89084016112449
            ],
            [
              112.73380964529434,
              27.892433222686872
            ],
            [
              112.7348954066389,
              27.89289656787817
            ],
            [
              112.73616155328578,
              27.89276092501572
            ],
            [
              112.73808504214182,
              27.892554861392405
            ],
            [
              112.73817745093677,
              27.892544961569705
            ],
            [
              112.73838263423251,
              27.892522980133208
            ],
            [
              112.73972343447275,
              27.892379339283373
            ],
            [
              112.74229410199884,
              27.892103941771275
            ],
            [
              112.74298503491138,
              27.892425345852327
            ],
            [
              112.74307954127254,
              27.892469307172547
            ],
            [
              112.74379752605158,
              27.892803292736108
            ],
            [
              112.74574046523016,
              27.89370708770274
            ],
            [
              112.74655395709358,
              27.894085496156084
            ]
          ]
        ]
      }
    },
    {
      "type": "Feature",
      "properties": {
        "name": "湖南师范大学附属九华步步高小学",
        "isAssistFeature": false
      },
      "geometry": {
        "type": "Polygon",
        "coordinates": [
          [
            [
              112.93236079696143,
              27.90177674641138
            ],
            [
              112.9305935466929,
              27.897775953642274
            ],
            [
              112.93068815007209,
              27.89774694710554
            ],
            [
              112.93075315396268,
              27.897727016618813
            ],
            [
              112.935693374189,
              27.896212280155375
            ],
            [
              112.93753123114057,
              27.90020424859473
            ],
            [
              112.94234790426921,
              27.898858562126716
            ],
            [
              112.94077799949554,
              27.894196525136362
            ],
            [
              112.93812114131292,
              27.885550300551557
            ],
            [
              112.93773382908492,
              27.8856400398843
            ],
            [
              112.92703897779234,
              27.8881179812105
            ],
            [
              112.92954849430207,
              27.895554709706857
            ],
            [
              112.92420517665157,
              27.896155234828555
            ],
            [
              112.92448333279279,
              27.897678962409163
            ],
            [
              112.92469653894229,
              27.89882866670235
            ],
            [
              112.9254381422268,
              27.89875187584968
            ],
            [
              112.92544350606737,
              27.898795048630426
            ],
            [
              112.92588776699282,
              27.902404063094714
            ],
            [
              112.92982566768636,
              27.902359254767386
            ],
            [
              112.93236079696143,
              27.90177674641138
            ]
          ]
        ]
      }
    },
    {
      "type": "Feature",
      "properties": {
        "name": "湖湘学校教育集团湖湘校区",
        "isAssistFeature": false
      },
      "geometry": {
        "type": "Polygon",
        "coordinates": [
          [
            [
              112.94170523154867,
              27.847864204175746
            ],
            [
              112.94183336364752,
              27.84584756452764
            ],
            [
              112.94229007073126,
              27.839598747698975
            ],
            [
              112.94445791392096,
              27.84001851340141
            ],
            [
              112.94686860317302,
              27.84060165653253
            ],
            [
              112.94663280259748,
              27.836750100677556
            ],
            [
              112.94664717743863,
              27.83516536525816
            ],
            [
              112.94666354204817,
              27.833264612620564
            ],
            [
              112.94666367499882,
              27.83321408548142
            ],
            [
              112.94264178991108,
              27.83280245742726
            ],
            [
              112.93160280121965,
              27.831669990026377
            ],
            [
              112.93158530832612,
              27.83174497985748
            ],
            [
              112.93077855921723,
              27.834925314302893
            ],
            [
              112.93022267093964,
              27.836872671724684
            ],
            [
              112.93015777574519,
              27.837100006210896
            ],
            [
              112.92997817736708,
              27.83759518043563
            ],
            [
              112.92971309171327,
              27.838326048069757
            ],
            [
              112.9295496603153,
              27.838776643409247
            ],
            [
              112.92924570006755,
              27.83961468221565
            ],
            [
              112.9286455212532,
              27.841509076217054
            ],
            [
              112.92860700508707,
              27.84162862503002
            ],
            [
              112.92975606711644,
              27.842002409724603
            ],
            [
              112.93106602100644,
              27.842428531029935
            ],
            [
              112.93188056210211,
              27.84269349592097
            ],
            [
              112.94036420762791,
              27.847213804928277
            ],
            [
              112.94120956992099,
              27.847784662330522
            ],
            [
              112.94151498903275,
              27.847990904842977
            ],
            [
              112.94170523154867,
              27.847864204175746
            ]
          ]
        ]
      }
    },
    {
      "type": "Feature",
      "properties": {
        "name": "湖湘学校教育集团青山校区",
        "isAssistFeature": false
      },
      "geometry": {
        "type": "Polygon",
        "coordinates": [
          [
            [
              112.41752291914156,
              27.776036283715158
            ],
            [
              112.41253816673166,
              27.778756968884164
            ],
            [
              112.4121307511059,
              27.779879546145732
            ],
            [
              112.41174841913782,
              27.78140325052901
            ],
            [
              112.4138662001151,
              27.782246300387996
            ],
            [
              112.41317839064477,
              27.78306183640033
            ],
            [
              112.41560450666522,
              27.786988130123714
            ],
            [
              112.42040919447135,
              27.788209845492645
            ],
            [
              112.42109761389773,
              27.7882575739095
            ],
            [
              112.42158275086356,
              27.78809945184196
            ],
            [
              112.42225412745238,
              27.78823096752702
            ],
            [
              112.42280836013494,
              27.787873562093964
            ],
            [
              112.42357952787376,
              27.788160814510142
            ],
            [
              112.424497112919,
              27.787318979545184
            ],
            [
              112.42474633342663,
              27.786827905741553
            ],
            [
              112.4252085121487,
              27.785795354074892
            ],
            [
              112.42597451816789,
              27.78430444210863
            ],
            [
              112.42612771955139,
              27.782926459095002
            ],
            [
              112.42630270058893,
              27.781672490759263
            ],
            [
              112.42638305399281,
              27.78109665223228
            ],
            [
              112.42681712442965,
              27.779402358579905
            ],
            [
              112.42679144698559,
              27.779062957817555
            ],
            [
              112.42665851608646,
              27.77893179903066
            ],
            [
              112.42655660131915,
              27.778639320343064
            ],
            [
              112.4264220256048,
              27.77818289684482
            ],
            [
              112.42634521335978,
              27.777519616189018
            ],
            [
              112.4263857803797,
              27.776568476158246
            ],
            [
              112.42652776360191,
              27.775509649965425
            ],
            [
              112.42582131678441,
              27.773257499321655
            ],
            [
              112.42482550913913,
              27.77251195995814
            ],
            [
              112.42377863406658,
              27.77305417098327
            ],
            [
              112.42291049409117,
              27.773912666180284
            ],
            [
              112.42268069246508,
              27.774861522080418
            ],
            [
              112.4218380862033,
              27.775358537891307
            ],
            [
              112.42129131672417,
              27.77536989735414
            ],
            [
              112.4207249756499,
              27.775404625892016
            ],
            [
              112.42029881847239,
              27.77552369667022
            ],
            [
              112.41999967139793,
              27.775494087552833
            ],
            [
              112.41943793418952,
              27.774929296844512
            ],
            [
              112.41890172979642,
              27.774477462166647
            ],
            [
              112.41805912353466,
              27.774748563516482
            ],
            [
              112.41752291914156,
              27.776036283715158
            ]
          ]
        ]
      }
    },
    {
      "type": "Feature",
      "properties": {
        "name": "湘机小学教育集团一完小校区",
        "isAssistFeature": false
      },
      "geometry": {
        "type": "Polygon",
        "coordinates": [
          [
            [
              112.91553474802203,
              27.809137476012193
            ],
            [
              112.91722862479648,
              27.809160226017358
            ],
            [
              112.927504961778,
              27.80929824356664
            ],
            [
              112.92761136003688,
              27.805716671841378
            ],
            [
              112.92768014134323,
              27.805625022904767
            ],
            [
              112.92811897734269,
              27.80504028464346
            ],
            [
              112.93228995941142,
              27.799975426789867
            ],
            [
              112.93242515047177,
              27.799066130246814
            ],
            [
              112.92735669034877,
              27.798334712244472
            ],
            [
              112.92646186412121,
              27.798279524150015
            ],
            [
              112.92190973675889,
              27.79799877166843
            ],
            [
              112.91854607961915,
              27.797384476622184
            ],
            [
              112.91612993938993,
              27.797102993925574
            ],
            [
              112.91580322391772,
              27.797064930796875
            ],
            [
              112.91256734044904,
              27.797064930796875
            ],
            [
              112.90360905207658,
              27.799595934935116
            ],
            [
              112.89897662970091,
              27.801132587147045
            ],
            [
              112.8951986021785,
              27.803507365133814
            ],
            [
              112.8953624773442,
              27.803607746990313
            ],
            [
              112.8955828170154,
              27.80374652487935
            ],
            [
              112.89633767045031,
              27.803985208925607
            ],
            [
              112.90114141143215,
              27.80828566478002
            ],
            [
              112.90242227607665,
              27.808527977985964
            ],
            [
              112.90360582892137,
              27.80848997289004
            ],
            [
              112.90515196786586,
              27.807983460812437
            ],
            [
              112.90623999206666,
              27.807156153335686
            ],
            [
              112.90740321513816,
              27.80592541859104
            ],
            [
              112.90995300222377,
              27.804194539061367
            ],
            [
              112.9104511000825,
              27.805631695883765
            ],
            [
              112.91139399785584,
              27.806407593364817
            ],
            [
              112.91194009539518,
              27.806671993040904
            ],
            [
              112.9114853942495,
              27.80756158716504
            ],
            [
              112.91082242409509,
              27.80771215151533
            ],
            [
              112.909738379431,
              27.810802641119903
            ],
            [
              112.91073688202215,
              27.81112809376134
            ],
            [
              112.91423241993044,
              27.811276721616945
            ],
            [
              112.91467787831016,
              27.80971164600549
            ],
            [
              112.91553474802203,
              27.809137476012193
            ]
          ]
        ]
      }
    },
    {
      "type": "Feature",
      "properties": {
        "name": "湘机小学教育集团一完小校区",
        "isAssistFeature": false
      },
      "geometry": {
        "type": "Polygon",
        "coordinates": [
          [
            [
              112.93399466268168,
              27.804783343857583
            ],
            [
              112.93365823372632,
              27.804761421701333
            ],
            [
              112.93352890956305,
              27.804797813479453
            ],
            [
              112.93347933603408,
              27.804792465043395
            ],
            [
              112.9333818185201,
              27.804781943776558
            ],
            [
              112.93315476394217,
              27.804755165038156
            ],
            [
              112.93299889186733,
              27.80486129067875
            ],
            [
              112.93306484797212,
              27.805294233970347
            ],
            [
              112.93308343591198,
              27.80571355466162
            ],
            [
              112.93436758569547,
              27.805812733059607
            ],
            [
              112.93441610370397,
              27.805656022297526
            ],
            [
              112.93448690981299,
              27.80537964086143
            ],
            [
              112.93457344632091,
              27.805192606158382
            ],
            [
              112.93455181219394,
              27.80487112143313
            ],
            [
              112.93454846956274,
              27.804821444012667
            ],
            [
              112.93399466268168,
              27.804783343857583
            ]
          ]
        ]
      }
    },
    {
      "type": "Feature",
      "properties": {
        "name": "湘机小学教育集团湘机校区",
        "isAssistFeature": false
      },
      "geometry": {
        "type": "Polygon",
        "coordinates": [
          [
            [
              112.91722862479648,
              27.809160226017358
            ],
            [
              112.91553474802203,
              27.809137476012193
            ],
            [
              112.91467787831016,
              27.80971164600549
            ],
            [
              112.91423241993044,
              27.811276721616945
            ],
            [
              112.91346985086555,
              27.81395587746776
            ],
            [
              112.91340977603092,
              27.814161342870367
            ],
            [
              112.91340431247734,
              27.814321668382252
            ],
            [
              112.91340604622584,
              27.81438581536474
            ],
            [
              112.91427026146177,
              27.81448113239055
            ],
            [
              112.91608180406374,
              27.814554239150702
            ],
            [
              112.91679427498356,
              27.814581716245428
            ],
            [
              112.91683747766055,
              27.814584734649486
            ],
            [
              112.91678867129284,
              27.815827948486366
            ],
            [
              112.9166032069159,
              27.816130116327596
            ],
            [
              112.91879207876809,
              27.817305676196046
            ],
            [
              112.9178975660526,
              27.81905045383056
            ],
            [
              112.91813262641635,
              27.819042678919203
            ],
            [
              112.92667405786943,
              27.818760173411125
            ],
            [
              112.92691210872476,
              27.818704029585533
            ],
            [
              112.92745303017139,
              27.818576454142196
            ],
            [
              112.9275404569098,
              27.816507700009797
            ],
            [
              112.9275348783719,
              27.81521550060278
            ],
            [
              112.92759948161385,
              27.812562590904086
            ],
            [
              112.92759948161385,
              27.81061916503032
            ],
            [
              112.927504961778,
              27.80929824356664
            ],
            [
              112.91722862479648,
              27.809160226017358
            ]
          ]
        ]
      }
    },
    {
      "type": "Feature",
      "properties": {
        "name": "湘潭大学附属实验学校",
        "isAssistFeature": false
      },
      "geometry": {
        "type": "Polygon",
        "coordinates": [
          [
            [
              112.8722821031735,
              27.919509315326167
            ],
            [
              112.87277737223742,
              27.918881988300917
            ],
            [
              112.87372204508173,
              27.91918691932833
            ],
            [
              112.88717769682188,
              27.904429429810875
            ],
            [
              112.88738995704541,
              27.904191123174485
            ],
            [
              112.88745828021095,
              27.904118056201973
            ],
            [
              112.88803582417512,
              27.90357513431961
            ],
            [
              112.888607275765,
              27.90301523580764
            ],
            [
              112.88926711888391,
              27.902371348778264
            ],
            [
              112.89103222487388,
              27.90349230306847
            ],
            [
              112.89353991331201,
              27.900339824174257
            ],
            [
              112.89423703561692,
              27.900009616220633
            ],
            [
              112.89558948251482,
              27.89936533023174
            ],
            [
              112.89579470803136,
              27.899889298211484
            ],
            [
              112.89908758601156,
              27.898844964854188
            ],
            [
              112.89950569518244,
              27.89750329379543
            ],
            [
              112.90129564587824,
              27.89665221776769
            ],
            [
              112.90123514524215,
              27.896633383489597
            ],
            [
              112.89393657969708,
              27.894361232403398
            ],
            [
              112.8957812755229,
              27.892636060705946
            ],
            [
              112.88995422048183,
              27.891049904867753
            ],
            [
              112.88644607561683,
              27.88919536186885
            ],
            [
              112.88775603399841,
              27.886963741387376
            ],
            [
              112.88849236866378,
              27.88570931604796
            ],
            [
              112.8887176293061,
              27.885325557669415
            ],
            [
              112.88931172023777,
              27.885061914202694
            ],
            [
              112.89250099461793,
              27.88364657624141
            ],
            [
              112.89359724828503,
              27.88306831446083
            ],
            [
              112.89288793224847,
              27.883036546335653
            ],
            [
              112.88911226100704,
              27.882649923956215
            ],
            [
              112.8879343432941,
              27.88251556252218
            ],
            [
              112.88650661667708,
              27.88235222599088
            ],
            [
              112.88647679350797,
              27.882370857894006
            ],
            [
              112.88396393796033,
              27.883882284032723
            ],
            [
              112.88316797671966,
              27.88416534169014
            ],
            [
              112.88291345435528,
              27.886018074770757
            ],
            [
              112.88216419113635,
              27.88610465438153
            ],
            [
              112.88184002687957,
              27.886688558769887
            ],
            [
              112.8810274027887,
              27.886433084114937
            ],
            [
              112.88085466125113,
              27.88637888727095
            ],
            [
              112.88038967349718,
              27.886877515791966
            ],
            [
              112.87706119618055,
              27.89046565162898
            ],
            [
              112.87638899224333,
              27.891195436323812
            ],
            [
              112.8751551032,
              27.890828667652332
            ],
            [
              112.87181793019147,
              27.889836699233175
            ],
            [
              112.87064605275049,
              27.89133955909266
            ],
            [
              112.87011755949581,
              27.891258324666108
            ],
            [
              112.86848870367993,
              27.890361082539034
            ],
            [
              112.86699255238771,
              27.889532062612833
            ],
            [
              112.86468959898599,
              27.888222356352365
            ],
            [
              112.86451236587202,
              27.887865542173103
            ],
            [
              112.86469860280006,
              27.887115758921134
            ],
            [
              112.86486771873714,
              27.88643489681621
            ],
            [
              112.86725259130627,
              27.88688965282064
            ],
            [
              112.86849587672747,
              27.883528240976652
            ],
            [
              112.8615489719717,
              27.881396919198078
            ],
            [
              112.86098628434574,
              27.881014111882774
            ],
            [
              112.86055768644559,
              27.880722526716976
            ],
            [
              112.86035911205539,
              27.88059738172515
            ],
            [
              112.86008032260193,
              27.879962303104165
            ],
            [
              112.8589404799823,
              27.877661826468515
            ],
            [
              112.85836080701092,
              27.876559383697543
            ],
            [
              112.85944426327846,
              27.87596551144394
            ],
            [
              112.86182307760932,
              27.87464707688141
            ],
            [
              112.86213889202556,
              27.873581616151323
            ],
            [
              112.86206959508618,
              27.87358139856958
            ],
            [
              112.8618565263789,
              27.873580691826014
            ],
            [
              112.8583536231836,
              27.87383744273027
            ],
            [
              112.85722802335282,
              27.873919945684513
            ],
            [
              112.85569910601062,
              27.873694690299995
            ],
            [
              112.85444943626266,
              27.873390902420464
            ],
            [
              112.85400030916333,
              27.87328172140798
            ],
            [
              112.85281115172954,
              27.873431892024094
            ],
            [
              112.85247139271941,
              27.87448308130259
            ],
            [
              112.85111235488228,
              27.87448308130259
            ],
            [
              112.85026295645865,
              27.87328172140798
            ],
            [
              112.84139005654723,
              27.87284415689474
            ],
            [
              112.84138954181255,
              27.872904776831042
            ],
            [
              112.84138046253999,
              27.873973454727974
            ],
            [
              112.84106193790655,
              27.875118494595696
            ],
            [
              112.84315074731757,
              27.87557967140098
            ],
            [
              112.84318181914492,
              27.875563777903437
            ],
            [
              112.84375877830581,
              27.875268662665682
            ],
            [
              112.84495611939185,
              27.87687423123071
            ],
            [
              112.8450541112163,
              27.878647392776656
            ],
            [
              112.84587533128608,
              27.87847346641227
            ],
            [
              112.8459019447747,
              27.878467830188107
            ],
            [
              112.84766601141388,
              27.882551571704585
            ],
            [
              112.84718369875132,
              27.883293905279984
            ],
            [
              112.84781465564397,
              27.883658982011028
            ],
            [
              112.84763913292227,
              27.886496955018703
            ],
            [
              112.84722843395417,
              27.88719501623485
            ],
            [
              112.84706200218316,
              27.888257421175243
            ],
            [
              112.84654609612221,
              27.889547785737395
            ],
            [
              112.84736307883882,
              27.890307009138922
            ],
            [
              112.84763655745235,
              27.89312119421236
            ],
            [
              112.84766036819728,
              27.893366216627953
            ],
            [
              112.84853050512754,
              27.893861281498726
            ],
            [
              112.84909577091841,
              27.893602487604277
            ],
            [
              112.84976714301567,
              27.893680084790553
            ],
            [
              112.850379467951,
              27.892982353594206
            ],
            [
              112.8503969303018,
              27.892953161575925
            ],
            [
              112.85048665582899,
              27.89164720371038
            ],
            [
              112.85050631276405,
              27.891619854911028
            ],
            [
              112.8508436633909,
              27.891150908389125
            ],
            [
              112.85086737532114,
              27.891076645633422
            ],
            [
              112.85093510110705,
              27.89086816514376
            ],
            [
              112.85093510110705,
              27.890216873512525
            ],
            [
              112.85093510110705,
              27.8899661138598
            ],
            [
              112.85095775931345,
              27.89000355448064
            ],
            [
              112.85166189207082,
              27.891039007686224
            ],
            [
              112.85262836972207,
              27.891729207193176
            ],
            [
              112.8527830066134,
              27.89205038769662
            ],
            [
              112.85311184121136,
              27.89251227523714
            ],
            [
              112.85314548940693,
              27.89255956954418
            ],
            [
              112.85371329204014,
              27.892493289387165
            ],
            [
              112.85427038855181,
              27.892779471762655
            ],
            [
              112.85484940305808,
              27.8929249683415
            ],
            [
              112.855179898641,
              27.89292791946131
            ],
            [
              112.85541138730319,
              27.892929986118478
            ],
            [
              112.8554355564759,
              27.892948460586837
            ],
            [
              112.85553889956452,
              27.893027454802336
            ],
            [
              112.85562142150145,
              27.89309053342245
            ],
            [
              112.85596201863974,
              27.893677534634268
            ],
            [
              112.85598821171682,
              27.893806114996057
            ],
            [
              112.85599717061513,
              27.893836770819604
            ],
            [
              112.85624853360468,
              27.895098645967575
            ],
            [
              112.85604869618318,
              27.895437822889697
            ],
            [
              112.85602412726017,
              27.895469672326968
            ],
            [
              112.85585957027317,
              27.895746638817407
            ],
            [
              112.85575055971346,
              27.895764012416322
            ],
            [
              112.85555036476248,
              27.895797877548397
            ],
            [
              112.85531333708823,
              27.895910436263417
            ],
            [
              112.85490076692939,
              27.896104624264403
            ],
            [
              112.8545625134957,
              27.896945719434495
            ],
            [
              112.85451229587468,
              27.897367348665384
            ],
            [
              112.8544351036423,
              27.89801544781323
            ],
            [
              112.85443470119706,
              27.899230942702218
            ],
            [
              112.85443623012965,
              27.89925365475741
            ],
            [
              112.85482060217176,
              27.900064695407913
            ],
            [
              112.85472400273599,
              27.900968503569615
            ],
            [
              112.85465018277922,
              27.90177283731106
            ],
            [
              112.85464745279904,
              27.901806330611528
            ],
            [
              112.85695244537648,
              27.90548720012695
            ],
            [
              112.85785393171356,
              27.90692675944406
            ],
            [
              112.8581692475648,
              27.908120355368542
            ],
            [
              112.85789640226356,
              27.909309955468853
            ],
            [
              112.85829986620035,
              27.909779082090793
            ],
            [
              112.85853345063212,
              27.911786921455903
            ],
            [
              112.86033094537967,
              27.91279679936306
            ],
            [
              112.8602676006774,
              27.913701725199417
            ],
            [
              112.86038373218238,
              27.91422415284345
            ],
            [
              112.86127055442077,
              27.914718591237133
            ],
            [
              112.8613128282397,
              27.915486522895293
            ],
            [
              112.86183428499079,
              27.916064607502026
            ],
            [
              112.86220941247029,
              27.915988745702492
            ],
            [
              112.86257090711703,
              27.916499830308716
            ],
            [
              112.86357394081047,
              27.916877987593416
            ],
            [
              112.8639123146184,
              27.917002637391256
            ],
            [
              112.86586050444981,
              27.917713648254374
            ],
            [
              112.86643889552528,
              27.918576088815453
            ],
            [
              112.86763182588322,
              27.91838443595188
            ],
            [
              112.86900550446286,
              27.919725999656794
            ],
            [
              112.86965619374902,
              27.919885708683015
            ],
            [
              112.86987921848464,
              27.92034047334017
            ],
            [
              112.87007446282006,
              27.920738591069057
            ],
            [
              112.87012613661015,
              27.920843957092384
            ],
            [
              112.87160826250582,
              27.921418901585227
            ],
            [
              112.87222251253083,
              27.920858278672185
            ],
            [
              112.87247700794575,
              27.920626001829174
            ],
            [
              112.87234080358574,
              27.920528380207728
            ],
            [
              112.8717895083942,
              27.920133250976455
            ],
            [
              112.8722821031735,
              27.919509315326167
            ]
          ]
        ]
      }
    },
    {
      "type": "Feature",
      "properties": {
        "name": "湘潭市和平小学",
        "isAssistFeature": false
      },
      "geometry": {
        "type": "Polygon",
        "coordinates": [
          [
            [
              112.90615219701898,
              27.867873344872443
            ],
            [
              112.9070609085059,
              27.86691236012358
            ],
            [
              112.90935502607847,
              27.86440705209065
            ],
            [
              112.9095754969037,
              27.864165083625817
            ],
            [
              112.90972261848937,
              27.863540595785754
            ],
            [
              112.91019776169763,
              27.86354375418984
            ],
            [
              112.9122929725034,
              27.8640098151339
            ],
            [
              112.91469908483907,
              27.863352548672218
            ],
            [
              112.91540199409104,
              27.862432369088253
            ],
            [
              112.91405340725389,
              27.861821151544707
            ],
            [
              112.91326623153674,
              27.861464379845266
            ],
            [
              112.91050630514997,
              27.860484206232847
            ],
            [
              112.91078642500837,
              27.859651210611972
            ],
            [
              112.90662308580606,
              27.85757808192504
            ],
            [
              112.90446234918856,
              27.856591117549655
            ],
            [
              112.90143862263716,
              27.862562224665435
            ],
            [
              112.90002676475962,
              27.86653401316237
            ],
            [
              112.90092071872306,
              27.866739604546424
            ],
            [
              112.90332532907559,
              27.86730441976686
            ],
            [
              112.90344663846986,
              27.867338504246593
            ],
            [
              112.90389358715461,
              27.867465781729944
            ],
            [
              112.90521036554588,
              27.86784024767197
            ],
            [
              112.9052029508515,
              27.867804259805474
            ],
            [
              112.90603842987983,
              27.867929295691887
            ],
            [
              112.9060936178793,
              27.867935488359034
            ],
            [
              112.90615219701898,
              27.867873344872443
            ]
          ]
        ]
      }
    },
    {
      "type": "Feature",
      "properties": {
        "name": "湘纺小学教育集团纺小校区",
        "isAssistFeature": false
      },
      "geometry": {
        "type": "Polygon",
        "coordinates": [
          [
            [
              112.95689573851156,
              27.86926828774146
            ],
            [
              112.95772882173299,
              27.869707186527886
            ],
            [
              112.95801966478095,
              27.869586642665634
            ],
            [
              112.95824066291728,
              27.86949541375543
            ],
            [
              112.95826823400996,
              27.869256113796546
            ],
            [
              112.9583008257868,
              27.86905418255407
            ],
            [
              112.95757278346984,
              27.8681342896225
            ],
            [
              112.95725346831894,
              27.867586742491554
            ],
            [
              112.95655103247914,
              27.866413661130114
            ],
            [
              112.9563882128339,
              27.865870853530442
            ],
            [
              112.95482088173351,
              27.860645552142547
            ],
            [
              112.95403024390923,
              27.858013798805633
            ],
            [
              112.95393492008117,
              27.858023955136964
            ],
            [
              112.95073327050966,
              27.858370143461002
            ],
            [
              112.94833471570047,
              27.85873096307171
            ],
            [
              112.94495479725745,
              27.859328599777303
            ],
            [
              112.9448439747958,
              27.859370730403576
            ],
            [
              112.94191913389255,
              27.86048263770779
            ],
            [
              112.94063720115118,
              27.861454068970655
            ],
            [
              112.93915667964659,
              27.862575977387223
            ],
            [
              112.93831251121455,
              27.863695428952585
            ],
            [
              112.941868627014,
              27.865490271362468
            ],
            [
              112.94430388339245,
              27.86687921974588
            ],
            [
              112.94859831643912,
              27.869795951894456
            ],
            [
              112.94992972928465,
              27.87105531907656
            ],
            [
              112.95127772503034,
              27.872321286499794
            ],
            [
              112.95329756898035,
              27.8717414165381
            ],
            [
              112.95338068021213,
              27.871662647408783
            ],
            [
              112.9537032257048,
              27.87133877554709
            ],
            [
              112.95588654147696,
              27.870819488077068
            ],
            [
              112.95591075556545,
              27.870812564195557
            ],
            [
              112.95620470408934,
              27.870335459332107
            ],
            [
              112.95689573851156,
              27.86926828774146
            ]
          ]
        ]
      }
    },
    {
      "type": "Feature",
      "properties": {
        "name": "湘钢一校教育集团葩金校区",
        "isAssistFeature": false
      },
      "geometry": {
        "type": "Polygon",
        "coordinates": [
          [
            [
              112.9204285513993,
              27.827845354133885
            ],
            [
              112.92296411815394,
              27.824703856357388
            ],
            [
              112.92369362741977,
              27.823804635572394
            ],
            [
              112.92373647885545,
              27.823749633609275
            ],
            [
              112.92379689055831,
              27.823672062616726
            ],
            [
              112.92368405856534,
              27.82362107499198
            ],
            [
              112.92362213948945,
              27.823593095702474
            ],
            [
              112.91979119131533,
              27.821865379275216
            ],
            [
              112.9193860340542,
              27.82168444989173
            ],
            [
              112.91893691863294,
              27.822384567510426
            ],
            [
              112.9188038386135,
              27.82250893756804
            ],
            [
              112.91874475551894,
              27.822568938154994
            ],
            [
              112.91833002940342,
              27.823032060089943
            ],
            [
              112.91795322746421,
              27.82369339385073
            ],
            [
              112.91794129065075,
              27.823722082566345
            ],
            [
              112.9177245163929,
              27.82461732541697
            ],
            [
              112.91768685901617,
              27.82475418884551
            ],
            [
              112.91734626187788,
              27.825880014566025
            ],
            [
              112.91732177739648,
              27.826096297563325
            ],
            [
              112.91725765026162,
              27.82624265110433
            ],
            [
              112.91685092633865,
              27.827510063308452
            ],
            [
              112.91678337841918,
              27.828270194019314
            ],
            [
              112.91632246721993,
              27.82952214385731
            ],
            [
              112.91852911852826,
              27.830568634167168
            ],
            [
              112.9204285513993,
              27.827845354133885
            ]
          ]
        ]
      }
    },
    {
      "type": "Feature",
      "properties": {
        "name": "湘钢一校教育集团钢一校区",
        "isAssistFeature": false
      },
      "geometry": {
        "type": "Polygon",
        "coordinates": [
          [
            [
              112.91667410555138,
              27.820382948305667
            ],
            [
              112.91581530985157,
              27.821232146961997
            ],
            [
              112.91575502301453,
              27.82128023984023
            ],
            [
              112.9147954120853,
              27.821887070760248
            ],
            [
              112.91431544043236,
              27.822204087867803
            ],
            [
              112.91417305296827,
              27.822298287362667
            ],
            [
              112.91277969948726,
              27.823246059914734
            ],
            [
              112.91287473854938,
              27.823328463923893
            ],
            [
              112.91301997636788,
              27.82346603525315
            ],
            [
              112.91428026240587,
              27.824742605741633
            ],
            [
              112.9139803212207,
              27.82508365533815
            ],
            [
              112.91404402165581,
              27.825558123940922
            ],
            [
              112.91399103363045,
              27.825917328766366
            ],
            [
              112.91386289973497,
              27.826133900071557
            ],
            [
              112.9134768496399,
              27.82641942353462
            ],
            [
              112.91352684627536,
              27.827006086007337
            ],
            [
              112.91340957301165,
              27.827605308436553
            ],
            [
              112.91347472422598,
              27.82795101312663
            ],
            [
              112.91342260307485,
              27.828177640991573
            ],
            [
              112.91310778399195,
              27.828460678885776
            ],
            [
              112.91567284423402,
              27.829214063884177
            ],
            [
              112.91632246721993,
              27.82952214385731
            ],
            [
              112.91678337841918,
              27.828270194019314
            ],
            [
              112.91685092633865,
              27.827510063308452
            ],
            [
              112.91725765026162,
              27.82624265110433
            ],
            [
              112.91732177739648,
              27.826096297563325
            ],
            [
              112.91734626187788,
              27.825880014566025
            ],
            [
              112.91768685901617,
              27.82475418884551
            ],
            [
              112.9177245163929,
              27.82461732541697
            ],
            [
              112.91794129065075,
              27.823722082566345
            ],
            [
              112.91795322746421,
              27.82369339385073
            ],
            [
              112.91833002940342,
              27.823032060089943
            ],
            [
              112.91874475551894,
              27.822568938154994
            ],
            [
              112.9188038386135,
              27.82250893756804
            ],
            [
              112.91893691863294,
              27.822384567510426
            ],
            [
              112.9193860340542,
              27.82168444989173
            ],
            [
              112.91763974507447,
              27.820850777326115
            ],
            [
              112.91670355681799,
              27.82039721643414
            ],
            [
              112.91667410555138,
              27.820382948305667
            ]
          ]
        ]
      }
    },
    {
      "type": "Feature",
      "properties": {
        "name": "湘钢一校教育集团钢一校区",
        "isAssistFeature": false
      },
      "geometry": {
        "type": "Polygon",
        "coordinates": [
          [
            [
              112.92296411815394,
              27.824703856357388
            ],
            [
              112.9204285513993,
              27.827845354133885
            ],
            [
              112.92049609572551,
              27.827881315541077
            ],
            [
              112.92053159804384,
              27.82790021738009
            ],
            [
              112.92659128350589,
              27.831126450030403
            ],
            [
              112.92674470138333,
              27.83117106538854
            ],
            [
              112.92676953081782,
              27.83110740973238
            ],
            [
              112.92726010438771,
              27.829554819797224
            ],
            [
              112.9273193123481,
              27.829368040426637
            ],
            [
              112.92529491304126,
              27.82708622222972
            ],
            [
              112.92526010871391,
              27.82704874477761
            ],
            [
              112.92413807788974,
              27.825895723886457
            ],
            [
              112.92296411815394,
              27.824703856357388
            ]
          ]
        ]
      }
    },
    {
      "type": "Feature",
      "properties": {
        "name": "湘钢三校教育集团东坪校区",
        "isAssistFeature": false
      },
      "geometry": {
        "type": "Polygon",
        "coordinates": [
          [
            [
              112.9132514299958,
              27.838135232592602
            ],
            [
              112.90912117574538,
              27.837136796247346
            ],
            [
              112.90868108839275,
              27.83702274979461
            ],
            [
              112.90848733076915,
              27.83697456539047
            ],
            [
              112.9086798909385,
              27.834986641784845
            ],
            [
              112.90881854590259,
              27.83360975354076
            ],
            [
              112.90914502421957,
              27.832715235465784
            ],
            [
              112.90896468383299,
              27.830443536131202
            ],
            [
              112.9079643720349,
              27.8301205834051
            ],
            [
              112.90743022837707,
              27.829948133845598
            ],
            [
              112.90666879029109,
              27.829246109148446
            ],
            [
              112.90628547556612,
              27.828892702697544
            ],
            [
              112.90499001599319,
              27.827346085402517
            ],
            [
              112.90482408907538,
              27.827147987902496
            ],
            [
              112.90429799701744,
              27.826824331827616
            ],
            [
              112.90426389068107,
              27.826803349172003
            ],
            [
              112.90299735596197,
              27.826781809612225
            ],
            [
              112.90251022743116,
              27.826458710141733
            ],
            [
              112.90153596947125,
              27.826458710141733
            ],
            [
              112.90014765194572,
              27.82676026925376
            ],
            [
              112.89980666224365,
              27.827147987902496
            ],
            [
              112.89962984594797,
              27.82905059300931
            ],
            [
              112.89931107787108,
              27.829571887832078
            ],
            [
              112.8990516120777,
              27.829991211704193
            ],
            [
              112.89788250324445,
              27.83007736895892
            ],
            [
              112.89581220541645,
              27.829495807353965
            ],
            [
              112.89403418524594,
              27.831865114574285
            ],
            [
              112.88600687040977,
              27.830854319939665
            ],
            [
              112.88533187989857,
              27.830939510511193
            ],
            [
              112.8850541324908,
              27.830967784220597
            ],
            [
              112.88695378904235,
              27.838330900767133
            ],
            [
              112.88778847755322,
              27.84027943782188
            ],
            [
              112.888973734502,
              27.842316506925883
            ],
            [
              112.89107714872293,
              27.84430925588848
            ],
            [
              112.89277991342883,
              27.845932949050045
            ],
            [
              112.89521720269475,
              27.847645182188774
            ],
            [
              112.8966862545098,
              27.848663651961164
            ],
            [
              112.8973247725222,
              27.84891861758916
            ],
            [
              112.89772126822734,
              27.84907694182102
            ],
            [
              112.89887475895105,
              27.849511085262446
            ],
            [
              112.90019194517744,
              27.85000683745265
            ],
            [
              112.90167187379393,
              27.85043017915897
            ],
            [
              112.9035974736909,
              27.8509810058813
            ],
            [
              112.90606922143283,
              27.85189864257352
            ],
            [
              112.90696511665557,
              27.852259222414112
            ],
            [
              112.90698967300216,
              27.852216232822194
            ],
            [
              112.90930531420895,
              27.848162329698305
            ],
            [
              112.9131607765089,
              27.838352657275898
            ],
            [
              112.9132514299958,
              27.838135232592602
            ]
          ]
        ]
      }
    },
    {
      "type": "Feature",
      "properties": {
        "name": "湘钢三校教育集团霞光校区",
        "isAssistFeature": false
      },
      "geometry": {
        "type": "Polygon",
        "coordinates": [
          [
            [
              112.91852911852826,
              27.830568634167168
            ],
            [
              112.91632246721993,
              27.82952214385731
            ],
            [
              112.91567284423402,
              27.829214063884177
            ],
            [
              112.91310778399195,
              27.828460678885776
            ],
            [
              112.91342260307485,
              27.828177640991573
            ],
            [
              112.91347472422598,
              27.82795101312663
            ],
            [
              112.91340957301165,
              27.827605308436553
            ],
            [
              112.91352684627536,
              27.827006086007337
            ],
            [
              112.9134768496399,
              27.82641942353462
            ],
            [
              112.91386289973497,
              27.826133900071557
            ],
            [
              112.91399103363045,
              27.825917328766366
            ],
            [
              112.91404402165581,
              27.825558123940922
            ],
            [
              112.9139803212207,
              27.82508365533815
            ],
            [
              112.91428026240587,
              27.824742605741633
            ],
            [
              112.91301997636788,
              27.82346603525315
            ],
            [
              112.91287473854938,
              27.823328463923893
            ],
            [
              112.91277969948726,
              27.823246059914734
            ],
            [
              112.91130398486776,
              27.822096146327553
            ],
            [
              112.90850148372641,
              27.82155372944603
            ],
            [
              112.90589490245364,
              27.821485927343936
            ],
            [
              112.90590101009924,
              27.823265581447096
            ],
            [
              112.90545082029291,
              27.823874505789465
            ],
            [
              112.90472257136346,
              27.823933055736735
            ],
            [
              112.90436506793152,
              27.824296066611627
            ],
            [
              112.90423265895359,
              27.825818357010522
            ],
            [
              112.90426389068107,
              27.826803349172003
            ],
            [
              112.90429799701744,
              27.826824331827616
            ],
            [
              112.90482408907538,
              27.827147987902496
            ],
            [
              112.90499001599319,
              27.827346085402517
            ],
            [
              112.90628547556612,
              27.828892702697544
            ],
            [
              112.90666879029109,
              27.829246109148446
            ],
            [
              112.90743022837707,
              27.829948133845598
            ],
            [
              112.9079643720349,
              27.8301205834051
            ],
            [
              112.90896468383299,
              27.830443536131202
            ],
            [
              112.90914502421957,
              27.832715235465784
            ],
            [
              112.90881854590259,
              27.83360975354076
            ],
            [
              112.9086798909385,
              27.834986641784845
            ],
            [
              112.90848733076915,
              27.83697456539047
            ],
            [
              112.90868108839275,
              27.83702274979461
            ],
            [
              112.90912117574538,
              27.837136796247346
            ],
            [
              112.9132514299958,
              27.838135232592602
            ],
            [
              112.91852911852826,
              27.830568634167168
            ]
          ]
        ]
      }
    },
    {
      "type": "Feature",
      "properties": {
        "name": "湘钢二校",
        "isAssistFeature": false
      },
      "geometry": {
        "type": "Polygon",
        "coordinates": [
          [
            [
              112.91581530985157,
              27.821232146961997
            ],
            [
              112.91667410555138,
              27.820382948305667
            ],
            [
              112.91670355681799,
              27.82039721643414
            ],
            [
              112.91763974507447,
              27.820850777326115
            ],
            [
              112.9193860340542,
              27.82168444989173
            ],
            [
              112.91979119131533,
              27.821865379275216
            ],
            [
              112.92149973937501,
              27.822615455807156
            ],
            [
              112.9236973159023,
              27.822211325490965
            ],
            [
              112.92455562291863,
              27.822211325490965
            ],
            [
              112.92466416455775,
              27.822163328361604
            ],
            [
              112.92474884334973,
              27.822125883372188
            ],
            [
              112.92507060640978,
              27.821983599127073
            ],
            [
              112.92567144458755,
              27.821210104981546
            ],
            [
              112.92751145659747,
              27.81886671042343
            ],
            [
              112.92751522233515,
              27.818560367171152
            ],
            [
              112.9275404569098,
              27.816507700009797
            ],
            [
              112.9275034984224,
              27.816504068295988
            ],
            [
              112.9253280986045,
              27.816290287975498
            ],
            [
              112.92459853813472,
              27.81591072280838
            ],
            [
              112.92459853813472,
              27.814885891343046
            ],
            [
              112.9210794796373,
              27.814772020936367
            ],
            [
              112.91879207876809,
              27.817305676196046
            ],
            [
              112.9166032069159,
              27.816130116327596
            ],
            [
              112.91678867129284,
              27.815827948486366
            ],
            [
              112.91683747766055,
              27.814584734649486
            ],
            [
              112.91679427498356,
              27.814581716245428
            ],
            [
              112.91608180406374,
              27.814554239150702
            ],
            [
              112.91427026146177,
              27.81448113239055
            ],
            [
              112.91340604622584,
              27.81438581536474
            ],
            [
              112.91340431247734,
              27.814321668382252
            ],
            [
              112.91340977603092,
              27.814161342870367
            ],
            [
              112.91346985086555,
              27.81395587746776
            ],
            [
              112.91423241993044,
              27.811276721616945
            ],
            [
              112.91073688202215,
              27.81112809376134
            ],
            [
              112.91073688202215,
              27.81219091841644
            ],
            [
              112.91022189763271,
              27.812760284375873
            ],
            [
              112.90957816759504,
              27.813063944947523
            ],
            [
              112.90850528449839,
              27.814468365140353
            ],
            [
              112.90756114615164,
              27.815075675883357
            ],
            [
              112.90730365485521,
              27.816176418246865
            ],
            [
              112.90811904575715,
              27.818909247656425
            ],
            [
              112.90811904575715,
              27.819820176038913
            ],
            [
              112.907604062266,
              27.820693141238944
            ],
            [
              112.90713199309265,
              27.821224508062485
            ],
            [
              112.90589490245364,
              27.821485927343936
            ],
            [
              112.90850148372641,
              27.82155372944603
            ],
            [
              112.91130398486776,
              27.822096146327553
            ],
            [
              112.91277969948726,
              27.823246059914734
            ],
            [
              112.91417305296827,
              27.822298287362667
            ],
            [
              112.91431544043236,
              27.822204087867803
            ],
            [
              112.9147954120853,
              27.821887070760248
            ],
            [
              112.91575502301453,
              27.82128023984023
            ],
            [
              112.91581530985157,
              27.821232146961997
            ]
          ]
        ]
      }
    },
    {
      "type": "Feature",
      "properties": {
        "name": "湘锰小学",
        "isAssistFeature": false
      },
      "geometry": {
        "type": "Polygon",
        "coordinates": [
          [
            [
              112.87613071492105,
              27.997038644465942
            ],
            [
              112.87687997005513,
              27.99640700312713
            ],
            [
              112.87763061937454,
              27.996421482048618
            ],
            [
              112.8790423883189,
              27.996484305982264
            ],
            [
              112.88068097019432,
              27.996819002798343
            ],
            [
              112.88193996984481,
              27.997461003085597
            ],
            [
              112.88291996983602,
              27.998723003006162
            ],
            [
              112.88387496971289,
              27.999314003005793
            ],
            [
              112.88496896950693,
              27.999526002959303
            ],
            [
              112.8862699698885,
              27.9993930027454
            ],
            [
              112.88663374895103,
              27.99916085994204
            ],
            [
              112.887380969401,
              27.99886200281982
            ],
            [
              112.88791781878443,
              27.997910793001004
            ],
            [
              112.88817996964224,
              27.99724500300073
            ],
            [
              112.88808244314512,
              27.996137416739558
            ],
            [
              112.88808396938275,
              27.995662003120806
            ],
            [
              112.88735809649722,
              27.99401514093268
            ],
            [
              112.88660487889442,
              27.992442695805746
            ],
            [
              112.88640096940976,
              27.99201700263722
            ],
            [
              112.88542559574226,
              27.99042245975065
            ],
            [
              112.8851769699194,
              27.990016002578997
            ],
            [
              112.88387496971289,
              27.988523002603486
            ],
            [
              112.8813497982627,
              27.98623100992211
            ],
            [
              112.87837297005734,
              27.98266100263521
            ],
            [
              112.87826410322806,
              27.981981505454485
            ],
            [
              112.8782664262714,
              27.9819550854578
            ],
            [
              112.87915374617644,
              27.97933539768037
            ],
            [
              112.87977966980853,
              27.978261980783774
            ],
            [
              112.88027745774849,
              27.97778689055511
            ],
            [
              112.88030493092481,
              27.97776718347354
            ],
            [
              112.88056364482836,
              27.977523473351717
            ],
            [
              112.88086585336129,
              27.977462470170423
            ],
            [
              112.88196792990803,
              27.977240005607435
            ],
            [
              112.88239291837739,
              27.977154217739468
            ],
            [
              112.88390096965215,
              27.977914003167534
            ],
            [
              112.88520296985867,
              27.979178002605817
            ],
            [
              112.8861139693546,
              27.98066500288429
            ],
            [
              112.88699096941365,
              27.981416003146013
            ],
            [
              112.88906497009721,
              27.982416002568623
            ],
            [
              112.89306596935464,
              27.982267002680132
            ],
            [
              112.89350911367417,
              27.98210880748096
            ],
            [
              112.89486996970147,
              27.98162300322196
            ],
            [
              112.89312711857434,
              27.979436287769822
            ],
            [
              112.89234780042095,
              27.97848049090049
            ],
            [
              112.89227027132036,
              27.978385404671457
            ],
            [
              112.88668011639274,
              27.971529091234274
            ],
            [
              112.8862684113115,
              27.971025026528203
            ],
            [
              112.8817120528842,
              27.964836017605247
            ],
            [
              112.88109494621659,
              27.963997759515845
            ],
            [
              112.88104449413531,
              27.964051398555103
            ],
            [
              112.88054729459185,
              27.964580000006535
            ],
            [
              112.88108210479963,
              27.965672337211
            ],
            [
              112.87864203255295,
              27.967089407888484
            ],
            [
              112.87794009437981,
              27.969628278621386
            ],
            [
              112.87708021800668,
              27.96987258971968
            ],
            [
              112.8760835264192,
              27.970155772164112
            ],
            [
              112.87565073697992,
              27.970091963372653
            ],
            [
              112.87567762265805,
              27.970316603854098
            ],
            [
              112.87530621330555,
              27.97322193108401
            ],
            [
              112.86899225521074,
              27.97312821194406
            ],
            [
              112.86755967679288,
              27.970832071153115
            ],
            [
              112.86039678290685,
              27.96820784950421
            ],
            [
              112.85938867193542,
              27.966708266187194
            ],
            [
              112.86004391657839,
              27.962892254916138
            ],
            [
              112.86034372481288,
              27.96202193212261
            ],
            [
              112.85928255484923,
              27.957101063261973
            ],
            [
              112.85339306420093,
              27.95686673065341
            ],
            [
              112.85383411005597,
              27.955016182488535
            ],
            [
              112.85466646743868,
              27.95217997008014
            ],
            [
              112.85457660626585,
              27.944835704381056
            ],
            [
              112.8548418985322,
              27.943007688603615
            ],
            [
              112.85562226861279,
              27.94077535540312
            ],
            [
              112.85595612658979,
              27.93982030417251
            ],
            [
              112.85611530176995,
              27.938273451421576
            ],
            [
              112.85261344241701,
              27.938695322694432
            ],
            [
              112.8448957139772,
              27.933135578213342
            ],
            [
              112.84486601657221,
              27.933124975749752
            ],
            [
              112.84317213889945,
              27.93284475969596
            ],
            [
              112.83864558657325,
              27.93208263952942
            ],
            [
              112.83539642690297,
              27.931206353189488
            ],
            [
              112.83476797181842,
              27.930966027722512
            ],
            [
              112.83436930219025,
              27.931389949003293
            ],
            [
              112.83313742357655,
              27.932699846975023
            ],
            [
              112.83215464150288,
              27.93431700313011
            ],
            [
              112.83205623375845,
              27.935403774361355
            ],
            [
              112.83099834623881,
              27.9362731831589
            ],
            [
              112.8286298930765,
              27.936970964462486
            ],
            [
              112.82844791326455,
              27.93853848578505
            ],
            [
              112.82562722483199,
              27.93853848578505
            ],
            [
              112.82555619683909,
              27.938598328477728
            ],
            [
              112.82408517591693,
              27.93983768656365
            ],
            [
              112.82543828756816,
              27.942076309305904
            ],
            [
              112.82644613443487,
              27.943361487006918
            ],
            [
              112.82615174573648,
              27.944640886494074
            ],
            [
              112.82659458283219,
              27.94590141973529
            ],
            [
              112.82511846127588,
              27.947009807526065
            ],
            [
              112.82283047201014,
              27.946488214455147
            ],
            [
              112.8219940030384,
              27.947792192012365
            ],
            [
              112.81957783316479,
              27.947469140795075
            ],
            [
              112.81967754616133,
              27.948041687582755
            ],
            [
              112.81984701783125,
              27.949021722950608
            ],
            [
              112.81949632003592,
              27.950642761920232
            ],
            [
              112.81853684026073,
              27.95231613196156
            ],
            [
              112.81654407602491,
              27.953924280990154
            ],
            [
              112.81509328156972,
              27.954108906249846
            ],
            [
              112.81420688333615,
              27.955206437313652
            ],
            [
              112.81297678159005,
              27.955010854955038
            ],
            [
              112.81324740356098,
              27.953880818375435
            ],
            [
              112.81189429190975,
              27.95451103290831
            ],
            [
              112.81182048632603,
              27.956075686719796
            ],
            [
              112.8104673746748,
              27.957140507981737
            ],
            [
              112.80931107941076,
              27.95874858514943
            ],
            [
              112.80869602808856,
              27.96007414510873
            ],
            [
              112.80795675054233,
              27.96014293401522
            ],
            [
              112.80799126022227,
              27.96083594241103
            ],
            [
              112.80546031170651,
              27.960688212394295
            ],
            [
              112.80891574792219,
              27.963514428549747
            ],
            [
              112.8121762757724,
              27.963049935585353
            ],
            [
              112.81238663246585,
              27.9647221001078
            ],
            [
              112.81180815155884,
              27.965372379622426
            ],
            [
              112.8131228808929,
              27.966580031182232
            ],
            [
              112.8152264469291,
              27.965279482788812
            ],
            [
              112.81538303945281,
              27.96531556359083
            ],
            [
              112.81796108304566,
              27.965883310777876
            ],
            [
              112.8189813024088,
              27.964585804710133
            ],
            [
              112.81994475453416,
              27.966287705579504
            ],
            [
              112.81882072675513,
              27.967516839426633
            ],
            [
              112.82005319376537,
              27.96941780110495
            ],
            [
              112.82845524890716,
              27.97153506455286
            ],
            [
              112.82907311375283,
              27.97241933816642
            ],
            [
              112.8291860930695,
              27.972516051297916
            ],
            [
              112.83063374881111,
              27.970570444290153
            ],
            [
              112.82735417488027,
              27.967410598573256
            ],
            [
              112.82735144759505,
              27.967386686928677
            ],
            [
              112.82720510395043,
              27.966093969740054
            ],
            [
              112.82839767588058,
              27.965830641410946
            ],
            [
              112.829515712795,
              27.967213105589753
            ],
            [
              112.83272075081179,
              27.96806890775897
            ],
            [
              112.83331703722602,
              27.967015611451398
            ],
            [
              112.83510589557041,
              27.967081442871013
            ],
            [
              112.83801279082921,
              27.971228733403766
            ],
            [
              112.841590507518,
              27.974454294220997
            ],
            [
              112.84539183194904,
              27.97511255963585
            ],
            [
              112.84702868277095,
              27.975822574790403
            ],
            [
              112.84814609625455,
              27.97612802418666
            ],
            [
              112.84875044954005,
              27.976293226208664
            ],
            [
              112.84911939930534,
              27.97868265813902
            ],
            [
              112.84997919572838,
              27.97973310836462
            ],
            [
              112.85252193822552,
              27.980529001318438
            ],
            [
              112.85254773514555,
              27.980575808101772
            ],
            [
              112.85432569423058,
              27.98378717599169
            ],
            [
              112.85658038923694,
              27.985235221672706
            ],
            [
              112.8563344224273,
              27.989796440203044
            ],
            [
              112.85750897145792,
              27.9898780027376
            ],
            [
              112.86046014467709,
              27.990458617812212
            ],
            [
              112.86072733059204,
              27.990511183931968
            ],
            [
              112.86449597071976,
              27.991481003142827
            ],
            [
              112.8663879709301,
              27.992535002886697
            ],
            [
              112.86762897103725,
              27.993799003061923
            ],
            [
              112.86884474465457,
              27.995953225096184
            ],
            [
              112.86894586980276,
              27.996174380355008
            ],
            [
              112.86945097092745,
              27.997279002895905
            ],
            [
              112.86994197119712,
              27.999810003021643
            ],
            [
              112.86977197041949,
              28.000781002858805
            ],
            [
              112.86912197103945,
              28.00161900282491
            ],
            [
              112.8689919704448,
              28.00182500280864
            ],
            [
              112.86892048610777,
              28.001864155951136
            ],
            [
              112.86802797124544,
              28.00235300272424
            ],
            [
              112.86689897129129,
              28.002817002821434
            ],
            [
              112.86508597072364,
              28.00288100322504
            ],
            [
              112.8639919709296,
              28.00345800291655
            ],
            [
              112.86362797088152,
              28.004138003198065
            ],
            [
              112.86388797117253,
              28.00488200316149
            ],
            [
              112.86452997105494,
              28.00543700274017
            ],
            [
              112.86639697115096,
              28.005747003246707
            ],
            [
              112.86742097062479,
              28.00607000290231
            ],
            [
              112.86793197098595,
              28.006663002499113
            ],
            [
              112.8685507682829,
              28.007786029453587
            ],
            [
              112.86858397091412,
              28.007891002798026
            ],
            [
              112.86960797128626,
              28.008177003229402
            ],
            [
              112.87217897118897,
              28.007723002728575
            ],
            [
              112.87460202844586,
              28.00563486590502
            ],
            [
              112.8756039167873,
              28.004771448800465
            ],
            [
              112.87705261098138,
              28.002038866484153
            ],
            [
              112.87721270873132,
              28.00093628911365
            ],
            [
              112.87738185970268,
              27.99977135279379
            ],
            [
              112.87728400621879,
              27.999661119180814
            ],
            [
              112.87547221747846,
              27.997620077606882
            ],
            [
              112.87552436917227,
              27.997574029367566
            ],
            [
              112.87613071492105,
              27.997038644465942
            ]
          ]
        ]
      }
    },
    {
      "type": "Feature",
      "properties": {
        "name": "源湘学校",
        "isAssistFeature": false
      },
      "geometry": {
        "type": "Polygon",
        "coordinates": [
          [
            [
              112.85078922278974,
              27.846289438256242
            ],
            [
              112.84995737744676,
              27.843762674240626
            ],
            [
              112.8496060265762,
              27.842694034470064
            ],
            [
              112.85170610355584,
              27.841529495233214
            ],
            [
              112.85174798840427,
              27.841506269058776
            ],
            [
              112.85243721092456,
              27.84112407703694
            ],
            [
              112.85264401567939,
              27.840377258104642
            ],
            [
              112.85265294852655,
              27.840344999273313
            ],
            [
              112.85306602623356,
              27.838853265481074
            ],
            [
              112.85224005407589,
              27.836803877499342
            ],
            [
              112.85481349110796,
              27.83559875809194
            ],
            [
              112.8560443177945,
              27.835230173555054
            ],
            [
              112.85819320293847,
              27.834586662881872
            ],
            [
              112.85906616507035,
              27.83459844829635
            ],
            [
              112.85887832644609,
              27.833815675857043
            ],
            [
              112.85880431424984,
              27.833550685312083
            ],
            [
              112.85881690593519,
              27.83319240897006
            ],
            [
              112.8585983368434,
              27.832212183180495
            ],
            [
              112.8633409510634,
              27.82779886414448
            ],
            [
              112.86144079504857,
              27.826935946903333
            ],
            [
              112.86035425755962,
              27.825975049802658
            ],
            [
              112.85974606217962,
              27.825437179057737
            ],
            [
              112.85947382683447,
              27.825304256155484
            ],
            [
              112.85928983030472,
              27.824996891132226
            ],
            [
              112.85928983030472,
              27.824807048459416
            ],
            [
              112.85784906014976,
              27.825329626039014
            ],
            [
              112.85666213413117,
              27.825623537781016
            ],
            [
              112.85307537769563,
              27.826267343110857
            ],
            [
              112.85019267945732,
              27.826790604820456
            ],
            [
              112.84697457724137,
              27.827128075412286
            ],
            [
              112.84513088483374,
              27.82713507358251
            ],
            [
              112.84346918840767,
              27.826904145643237
            ],
            [
              112.8394811159072,
              27.825112690066092
            ],
            [
              112.83708497127792,
              27.82449500269782
            ],
            [
              112.83568295264769,
              27.82430092708647
            ],
            [
              112.83337240309194,
              27.82465082588598
            ],
            [
              112.83079714517476,
              27.825238883434274
            ],
            [
              112.82856831805536,
              27.82687448061228
            ],
            [
              112.82745494878716,
              27.829783759237994
            ],
            [
              112.82688546091445,
              27.831271822849867
            ],
            [
              112.82589988058871,
              27.83429935527478
            ],
            [
              112.82298225675045,
              27.83766815088844
            ],
            [
              112.82163679245724,
              27.838695582458513
            ],
            [
              112.82076937921892,
              27.839131021725827
            ],
            [
              112.82355338584517,
              27.842803632332814
            ],
            [
              112.82598492140171,
              27.842857920872717
            ],
            [
              112.82702188536175,
              27.8439850250812
            ],
            [
              112.829831854198,
              27.844090754144407
            ],
            [
              112.82957386253997,
              27.845509272068384
            ],
            [
              112.829563061197,
              27.845568658654763
            ],
            [
              112.82839697699131,
              27.845623816362217
            ],
            [
              112.82849491581516,
              27.84683455520917
            ],
            [
              112.83253365599262,
              27.846918806298053
            ],
            [
              112.83325702617176,
              27.848243173885027
            ],
            [
              112.83996695355894,
              27.848487895113138
            ],
            [
              112.84092848149298,
              27.850103157331503
            ],
            [
              112.84139010236127,
              27.850878621016744
            ],
            [
              112.84170777629018,
              27.850270053921914
            ],
            [
              112.84256980053512,
              27.850279120453266
            ],
            [
              112.84501019258204,
              27.84959788943753
            ],
            [
              112.84550921840047,
              27.84945858636736
            ],
            [
              112.8473999277318,
              27.8489307946126
            ],
            [
              112.84796188323082,
              27.84877392448614
            ],
            [
              112.8489785802997,
              27.84884543151297
            ],
            [
              112.85078922278974,
              27.846289438256242
            ]
          ]
        ]
      }
    },
    {
      "type": "Feature",
      "properties": {
        "name": "滴水湖学校教育集团南天校区",
        "isAssistFeature": false
      },
      "geometry": {
        "type": "Polygon",
        "coordinates": [
          [
            [
              113.07117296444338,
              27.978776003558664
            ],
            [
              113.06941896432527,
              27.977164003506687
            ],
            [
              113.06788196394213,
              27.975163003097308
            ],
            [
              113.0676479644887,
              27.974592002807267
            ],
            [
              113.0677259643065,
              27.973579003045895
            ],
            [
              113.06897596463448,
              27.972077003195825
            ],
            [
              113.07120796460349,
              27.97183700351539
            ],
            [
              113.0728579640662,
              27.97203500293326
            ],
            [
              113.07361131461968,
              27.97182620254137
            ],
            [
              113.07373535668907,
              27.971791822527685
            ],
            [
              113.07439496444937,
              27.971609003086403
            ],
            [
              113.07484596453608,
              27.971113003439775
            ],
            [
              113.07495996433887,
              27.96914000306444
            ],
            [
              113.07548896424338,
              27.968190003574403
            ],
            [
              113.07646996405954,
              27.96741700293878
            ],
            [
              113.07767696383148,
              27.96704200337097
            ],
            [
              113.07952696420907,
              27.966964003424085
            ],
            [
              113.0818720144616,
              27.96769363514588
            ],
            [
              113.08222624622928,
              27.96779325715916
            ],
            [
              113.0842069640571,
              27.968292002944988
            ],
            [
              113.08510196365951,
              27.96825100327178
            ],
            [
              113.0854229640499,
              27.96775000323976
            ],
            [
              113.08537896366897,
              27.967072002908317
            ],
            [
              113.08503996373523,
              27.965542003175685
            ],
            [
              113.08387905113064,
              27.962148771322177
            ],
            [
              113.08369771271582,
              27.961614230908754
            ],
            [
              113.08265196413063,
              27.958554003426237
            ],
            [
              113.08257705092416,
              27.95826789515679
            ],
            [
              113.08213196444694,
              27.956568003091817
            ],
            [
              113.0818759751337,
              27.955824149018387
            ],
            [
              113.0814099641986,
              27.954470003401394
            ],
            [
              113.08082896441553,
              27.953248003008397
            ],
            [
              113.08008241141383,
              27.952738497498046
            ],
            [
              113.07924796454981,
              27.952169002880773
            ],
            [
              113.07689496420696,
              27.949360003068772
            ],
            [
              113.0765713847534,
              27.949227063988193
            ],
            [
              113.07632296464475,
              27.949125002956514
            ],
            [
              113.0753069637702,
              27.949051002994295
            ],
            [
              113.0745507197432,
              27.949314588100194
            ],
            [
              113.07403596442417,
              27.94949400294434
            ],
            [
              113.07159202942174,
              27.950703206542805
            ],
            [
              113.0676619117318,
              27.9521135645873
            ],
            [
              113.06594248597234,
              27.95352390421011
            ],
            [
              113.06152110480637,
              27.95167961041108
            ],
            [
              113.05894196526887,
              27.95016075586978
            ],
            [
              113.05538029788093,
              27.949184338267585
            ],
            [
              113.05292397511076,
              27.94723147737078
            ],
            [
              113.04911667418817,
              27.947882434397766
            ],
            [
              113.04702879992334,
              27.947339970348825
            ],
            [
              113.04236178612102,
              27.947882434397766
            ],
            [
              113.03855448519843,
              27.94701449029415
            ],
            [
              113.03560689715556,
              27.9490758471424
            ],
            [
              113.03351902289076,
              27.949618303265336
            ],
            [
              113.03242071926819,
              27.950672485106562
            ],
            [
              113.0301274416204,
              27.95085664536524
            ],
            [
              113.02807631563722,
              27.950351008934792
            ],
            [
              113.02713923086206,
              27.950120000858984
            ],
            [
              113.0232476077787,
              27.949506125804827
            ],
            [
              113.0224831818961,
              27.948155589354197
            ],
            [
              113.02137128945824,
              27.946866424735642
            ],
            [
              113.01485096768145,
              27.946146538421534
            ],
            [
              113.01324057763455,
              27.94502473520725
            ],
            [
              113.01196299902738,
              27.94371238133852
            ],
            [
              113.01190337963858,
              27.943651139223427
            ],
            [
              113.00955251818445,
              27.943573160467047
            ],
            [
              113.00472628069298,
              27.94341307140043
            ],
            [
              113.00375817170115,
              27.943380958328838
            ],
            [
              113.00494917607114,
              27.944470809505013
            ],
            [
              113.00760268353775,
              27.94731301098317
            ],
            [
              113.0077361336631,
              27.947620959814866
            ],
            [
              113.00922795597397,
              27.951063430303652
            ],
            [
              113.00916206275124,
              27.95287989902772
            ],
            [
              113.0085977482763,
              27.955341092501122
            ],
            [
              113.00740366987138,
              27.958768960631495
            ],
            [
              113.00605149695966,
              27.960931950230332
            ],
            [
              113.0061041499134,
              27.96242013271207
            ],
            [
              113.00352418931571,
              27.965814972223672
            ],
            [
              113.00115483783809,
              27.967512351931887
            ],
            [
              112.99962496648506,
              27.969658002927243
            ],
            [
              113.00011070622043,
              27.969823087915405
            ],
            [
              113.00049296632326,
              27.969953003425555
            ],
            [
              113.00275796590427,
              27.971715003380563
            ],
            [
              113.00286752174134,
              27.97184735464614
            ],
            [
              113.00558896609795,
              27.975135003460615
            ],
            [
              113.00668196606709,
              27.97589100300046
            ],
            [
              113.00830596648885,
              27.976010002753902
            ],
            [
              113.01060521703496,
              27.97592854079735
            ],
            [
              113.0136739321141,
              27.975927715721234
            ],
            [
              113.01506796561978,
              27.97697000318338
            ],
            [
              113.01796692785634,
              27.980005334666288
            ],
            [
              113.01819296643968,
              27.980242003307712
            ],
            [
              113.01870496572747,
              27.981534002797265
            ],
            [
              113.01872296616911,
              27.982638003484784
            ],
            [
              113.01846485503516,
              27.984057104232566
            ],
            [
              113.01791896590501,
              27.98665700278727
            ],
            [
              113.0172572956128,
              27.988268964062172
            ],
            [
              113.0171509656259,
              27.988528003249968
            ],
            [
              113.01718222969271,
              27.98853712165539
            ],
            [
              113.01744066511849,
              27.988612498592985
            ],
            [
              113.01856696563519,
              27.98894100317814
            ],
            [
              113.02041596618785,
              27.98891200286797
            ],
            [
              113.02067470254924,
              27.988781966615573
            ],
            [
              113.02199073713544,
              27.988120548163
            ],
            [
              113.02274450271055,
              27.987741715372408
            ],
            [
              113.02421796615197,
              27.986838003156745
            ],
            [
              113.02469596600287,
              27.986302003296974
            ],
            [
              113.02452196592559,
              27.985439003250345
            ],
            [
              113.02348167101248,
              27.984688106367276
            ],
            [
              113.02287740216863,
              27.984251935065462
            ],
            [
              113.02264696633196,
              27.984071003336737
            ],
            [
              113.02224439532054,
              27.9834504959528
            ],
            [
              113.02214859718201,
              27.983302834977554
            ],
            [
              113.02209096576496,
              27.983214003323198
            ],
            [
              113.02206496582569,
              27.981725003377665
            ],
            [
              113.0226299657152,
              27.980178002947845
            ],
            [
              113.02358496559205,
              27.978912003368503
            ],
            [
              113.02428244093484,
              27.978541548245317
            ],
            [
              113.0249819662331,
              27.978170003406508
            ],
            [
              113.02655745493462,
              27.978213151602592
            ],
            [
              113.02834196543304,
              27.978363002775886
            ],
            [
              113.02960896547944,
              27.979354003351062
            ],
            [
              113.02974867506569,
              27.979669311584686
            ],
            [
              113.03017396536897,
              27.980645002804778
            ],
            [
              113.0301559658256,
              27.982762003054315
            ],
            [
              113.0300235047454,
              27.983136371256144
            ],
            [
              113.029591965761,
              27.984356003196474
            ],
            [
              113.02885667134476,
              27.985398525721706
            ],
            [
              113.02763896545125,
              27.987125003444053
            ],
            [
              113.02634738300712,
              27.990498442988237
            ],
            [
              113.02494576772044,
              27.99373976605144
            ],
            [
              113.02432296573394,
              27.995180003045416
            ],
            [
              113.0244529663286,
              27.99657200275136
            ],
            [
              113.02476496559983,
              27.997463002702446
            ],
            [
              113.02513796586872,
              27.997973002938146
            ],
            [
              113.02737262844424,
              27.999803441153194
            ],
            [
              113.0274329997229,
              27.999855429256254
            ],
            [
              113.02760396618946,
              27.999990003332726
            ],
            [
              113.02794636355158,
              28.000401637934942
            ],
            [
              113.02987896581617,
              28.00272500276954
            ],
            [
              113.03152132331078,
              28.004168655476544
            ],
            [
              113.03177996534906,
              28.004396003313186
            ],
            [
              113.03204147570806,
              28.004825955866135
            ],
            [
              113.0331597389979,
              28.00666492501292
            ],
            [
              113.03403696543243,
              28.008113002799508
            ],
            [
              113.0359219659701,
              28.009394003474167
            ],
            [
              113.04268141388565,
              28.010870705886866
            ],
            [
              113.04727443166136,
              28.01187410716794
            ],
            [
              113.05132760866375,
              28.012198153551815
            ],
            [
              113.0623949643552,
              28.013896003019678
            ],
            [
              113.06589396437059,
              28.0140520031593
            ],
            [
              113.06851596432695,
              28.013048002781474
            ],
            [
              113.0699839642148,
              28.01175800288008
            ],
            [
              113.07054764088589,
              28.01031509745204
            ],
            [
              113.07089496460905,
              28.009426003313337
            ],
            [
              113.07438596422853,
              28.005458003109656
            ],
            [
              113.07826002794302,
              28.002210486625202
            ],
            [
              113.07847637729775,
              28.00203424479717
            ],
            [
              113.08111596447071,
              28.000002003131254
            ],
            [
              113.08190596449114,
              27.998448003428667
            ],
            [
              113.08220096404393,
              27.99687500349455
            ],
            [
              113.08306096438454,
              27.995308003367793
            ],
            [
              113.08509296433702,
              27.993030002920012
            ],
            [
              113.0851709641548,
              27.99212900343805
            ],
            [
              113.08444996373134,
              27.990534002925145
            ],
            [
              113.08097596383033,
              27.9864070031227
            ],
            [
              113.0784939645144,
              27.983878003076303
            ],
            [
              113.0764269644018,
              27.982318002862137
            ],
            [
              113.07618940672154,
              27.98216215034259
            ],
            [
              113.07314336242526,
              27.98016373921201
            ],
            [
              113.07265438067,
              27.979842930793946
            ],
            [
              113.07117296444338,
              27.978776003558664
            ]
          ]
        ]
      }
    },
    {
      "type": "Feature",
      "properties": {
        "name": "滴水湖学校教育集团江滨学校小学部",
        "isAssistFeature": false
      },
      "geometry": {
        "type": "Polygon",
        "coordinates": [
          [
            [
              112.96034968891377,
              27.889485195730824
            ],
            [
              112.9604084953272,
              27.889469333651142
            ],
            [
              112.96452817101681,
              27.888358108119796
            ],
            [
              112.96474184339198,
              27.888300472692148
            ],
            [
              112.96755790011095,
              27.887451020272763
            ],
            [
              112.97307696146868,
              27.885495677678175
            ],
            [
              112.97293445452863,
              27.885400927246113
            ],
            [
              112.97274757620345,
              27.885274290955287
            ],
            [
              112.97279121635994,
              27.885239695219294
            ],
            [
              112.97303902561424,
              27.88504324306207
            ],
            [
              112.97040898304115,
              27.882058635527542
            ],
            [
              112.96929139169113,
              27.880790352931477
            ],
            [
              112.96851794223149,
              27.879912606064998
            ],
            [
              112.96989008109874,
              27.879940171420287
            ],
            [
              112.97010697034095,
              27.87786051539123
            ],
            [
              112.96913593284131,
              27.87646025566434
            ],
            [
              112.96898861093135,
              27.876293891725513
            ],
            [
              112.96833725599357,
              27.87562651492046
            ],
            [
              112.96926105917723,
              27.87417963629829
            ],
            [
              112.96927802835295,
              27.873587363802866
            ],
            [
              112.96848147871582,
              27.871090010666336
            ],
            [
              112.96727736343422,
              27.87035975218395
            ],
            [
              112.9664490592501,
              27.869860219346712
            ],
            [
              112.96506359297732,
              27.86900305505168
            ],
            [
              112.96453622800661,
              27.868454594294757
            ],
            [
              112.9608358427725,
              27.86853066968187
            ],
            [
              112.9603750573374,
              27.868540142869275
            ],
            [
              112.95905991208335,
              27.86692135776099
            ],
            [
              112.95725346831894,
              27.867586742491554
            ],
            [
              112.95757278346984,
              27.8681342896225
            ],
            [
              112.9583008257868,
              27.86905418255407
            ],
            [
              112.95826823400996,
              27.869256113796546
            ],
            [
              112.95824066291728,
              27.86949541375543
            ],
            [
              112.95801966478095,
              27.869586642665634
            ],
            [
              112.95772882173299,
              27.869707186527886
            ],
            [
              112.95689573851156,
              27.86926828774146
            ],
            [
              112.95620470408934,
              27.870335459332107
            ],
            [
              112.95591075556545,
              27.870812564195557
            ],
            [
              112.95588654147696,
              27.870819488077068
            ],
            [
              112.9537032257048,
              27.87133877554709
            ],
            [
              112.95338068021213,
              27.871662647408783
            ],
            [
              112.95329756898035,
              27.8717414165381
            ],
            [
              112.95127772503034,
              27.872321286499794
            ],
            [
              112.95422838710809,
              27.87615698692463
            ],
            [
              112.95695345347193,
              27.87969930405264
            ],
            [
              112.9582729259107,
              27.88199473977292
            ],
            [
              112.95880936745904,
              27.884251754451007
            ],
            [
              112.95953902045528,
              27.886519749145787
            ],
            [
              112.96011318316071,
              27.88830439736483
            ],
            [
              112.96010522318896,
              27.888979720017677
            ],
            [
              112.96009985845009,
              27.889401701045642
            ],
            [
              112.96018032504166,
              27.889534458835275
            ],
            [
              112.96034968891377,
              27.889485195730824
            ]
          ]
        ]
      }
    },
    {
      "type": "Feature",
      "properties": {
        "name": "滴水湖学校教育集团滴水湖校区",
        "isAssistFeature": false
      },
      "geometry": {
        "type": "Polygon",
        "coordinates": [
          [
            [
              112.95403024390923,
              27.858013798805633
            ],
            [
              112.95401450722208,
              27.857964326784455
            ],
            [
              112.95355402002767,
              27.85662587413028
            ],
            [
              112.95294510509717,
              27.854855976286093
            ],
            [
              112.95304999328806,
              27.854807203336012
            ],
            [
              112.95313266434533,
              27.85476876173128
            ],
            [
              112.95321734223897,
              27.854729386096015
            ],
            [
              112.9531750378773,
              27.85470415890042
            ],
            [
              112.95294578063027,
              27.854567447619395
            ],
            [
              112.9526846772081,
              27.854411744435172
            ],
            [
              112.94468775507292,
              27.84964285700383
            ],
            [
              112.94170523154867,
              27.847864204175746
            ],
            [
              112.94151498903275,
              27.847990904842977
            ],
            [
              112.94169266591446,
              27.848110886543402
            ],
            [
              112.94061394646342,
              27.849669927287064
            ],
            [
              112.93989926658631,
              27.848861089057863
            ],
            [
              112.9395968649156,
              27.848821343527796
            ],
            [
              112.93891690851748,
              27.848735505365
            ],
            [
              112.93884154076343,
              27.848722068597827
            ],
            [
              112.93858497563008,
              27.848750217737514
            ],
            [
              112.936882304349,
              27.848944626108295
            ],
            [
              112.93704052192504,
              27.85118648459282
            ],
            [
              112.9370423410135,
              27.85121198106598
            ],
            [
              112.936754676205,
              27.851413964611982
            ],
            [
              112.9336321493454,
              27.850186777617267
            ],
            [
              112.93316060119488,
              27.851205397462753
            ],
            [
              112.93305709461289,
              27.851422795153585
            ],
            [
              112.93302439773316,
              27.85250142872564
            ],
            [
              112.93301906533367,
              27.852532654595876
            ],
            [
              112.93283695257107,
              27.85387329984367
            ],
            [
              112.9340828089706,
              27.854476712787857
            ],
            [
              112.9339359434048,
              27.855117842708022
            ],
            [
              112.93384068964535,
              27.855533662994052
            ],
            [
              112.93381941753941,
              27.855626523876857
            ],
            [
              112.93547649752323,
              27.856256793175888
            ],
            [
              112.93597738105765,
              27.85647821457816
            ],
            [
              112.93504033311342,
              27.857859581771052
            ],
            [
              112.93433757567676,
              27.858882681102596
            ],
            [
              112.93258702419104,
              27.861431173472745
            ],
            [
              112.93831251121455,
              27.863695428952585
            ],
            [
              112.93915667964659,
              27.862575977387223
            ],
            [
              112.94063720115118,
              27.861454068970655
            ],
            [
              112.94191913389255,
              27.86048263770779
            ],
            [
              112.9448439747958,
              27.859370730403576
            ],
            [
              112.94495479725745,
              27.859328599777303
            ],
            [
              112.94833471570047,
              27.85873096307171
            ],
            [
              112.95073327050966,
              27.858370143461002
            ],
            [
              112.95393492008117,
              27.858023955136964
            ],
            [
              112.95403024390923,
              27.858013798805633
            ]
          ]
        ]
      }
    },
    {
      "type": "Feature",
      "properties": {
        "name": "火炬学校教育集团火炬校区",
        "isAssistFeature": false
      },
      "geometry": {
        "type": "Polygon",
        "coordinates": [
          [
            [
              112.95115052987431,
              27.841218200536
            ],
            [
              112.95120328433767,
              27.833108241753038
            ],
            [
              112.95122081855371,
              27.830412488999556
            ],
            [
              112.95122844794543,
              27.827959458691744
            ],
            [
              112.94299478829184,
              27.82743942721576
            ],
            [
              112.94264394676607,
              27.83276882124975
            ],
            [
              112.94264178991108,
              27.83280245742726
            ],
            [
              112.94666367499882,
              27.83321408548142
            ],
            [
              112.94666354204817,
              27.833264612620564
            ],
            [
              112.94664717743863,
              27.83516536525816
            ],
            [
              112.94663280259748,
              27.836750100677556
            ],
            [
              112.94686860317302,
              27.84060165653253
            ],
            [
              112.94445791392096,
              27.84001851340141
            ],
            [
              112.94229007073126,
              27.839598747698975
            ],
            [
              112.94183336364752,
              27.84584756452764
            ],
            [
              112.94170523154867,
              27.847864204175746
            ],
            [
              112.94468775507292,
              27.84964285700383
            ],
            [
              112.9526846772081,
              27.854411744435172
            ],
            [
              112.95294578063027,
              27.854567447619395
            ],
            [
              112.9531750378773,
              27.85470415890042
            ],
            [
              112.95321734223897,
              27.854729386096015
            ],
            [
              112.95320779674074,
              27.85465492363866
            ],
            [
              112.95313613813056,
              27.854128948973596
            ],
            [
              112.95162630369991,
              27.84431744123592
            ],
            [
              112.95153525854755,
              27.843724369313946
            ],
            [
              112.9513704518289,
              27.84265080596757
            ],
            [
              112.95115052987431,
              27.841218200536
            ]
          ]
        ]
      }
    },
    {
      "type": "Feature",
      "properties": {
        "name": "火炬学校教育集团红旗校区",
        "isAssistFeature": false
      },
      "geometry": {
        "type": "Polygon",
        "coordinates": [
          [
            [
              112.93858497563008,
              27.848750217737514
            ],
            [
              112.93884154076343,
              27.848722068597827
            ],
            [
              112.93891690851748,
              27.848735505365
            ],
            [
              112.9395968649156,
              27.848821343527796
            ],
            [
              112.93989926658631,
              27.848861089057863
            ],
            [
              112.94061394646342,
              27.849669927287064
            ],
            [
              112.94169266591446,
              27.848110886543402
            ],
            [
              112.94151498903275,
              27.847990904842977
            ],
            [
              112.94120956992099,
              27.847784662330522
            ],
            [
              112.94036420762791,
              27.847213804928277
            ],
            [
              112.93188056210211,
              27.84269349592097
            ],
            [
              112.93106602100644,
              27.842428531029935
            ],
            [
              112.92975606711644,
              27.842002409724603
            ],
            [
              112.92860700508707,
              27.84162862503002
            ],
            [
              112.9286455212532,
              27.841509076217054
            ],
            [
              112.92924570006755,
              27.83961468221565
            ],
            [
              112.92699479954499,
              27.839202789300533
            ],
            [
              112.92579383196016,
              27.83898298725057
            ],
            [
              112.92576612252692,
              27.838978013841558
            ],
            [
              112.92483490734385,
              27.838808417359907
            ],
            [
              112.92466885466187,
              27.839120190813624
            ],
            [
              112.92432208609758,
              27.839576690384103
            ],
            [
              112.92409353582468,
              27.839867250347105
            ],
            [
              112.9237024506725,
              27.839793664170084
            ],
            [
              112.92331630086444,
              27.840300900034936
            ],
            [
              112.92312206893035,
              27.840557021221805
            ],
            [
              112.92305704168358,
              27.8406440216149
            ],
            [
              112.92296517996262,
              27.84076692347199
            ],
            [
              112.92247954083854,
              27.84141665760164
            ],
            [
              112.92198038925598,
              27.842520080589928
            ],
            [
              112.92169826076459,
              27.844467833878703
            ],
            [
              112.92153549322161,
              27.845974200829925
            ],
            [
              112.9235403119502,
              27.846556837752175
            ],
            [
              112.92724282798817,
              27.847676841547752
            ],
            [
              112.92727154263622,
              27.84768696866459
            ],
            [
              112.9336321493454,
              27.850186777617267
            ],
            [
              112.936754676205,
              27.851413964611982
            ],
            [
              112.9370423410135,
              27.85121198106598
            ],
            [
              112.93704052192504,
              27.85118648459282
            ],
            [
              112.936882304349,
              27.848944626108295
            ],
            [
              112.93858497563008,
              27.848750217737514
            ]
          ]
        ]
      }
    },
    {
      "type": "Feature",
      "properties": {
        "name": "火炬学校教育集团红旗校区",
        "isAssistFeature": false
      },
      "geometry": {
        "type": "Polygon",
        "coordinates": [
          [
            [
              112.93323044700485,
              27.856069896961483
            ],
            [
              112.93269773077,
              27.855722618763505
            ],
            [
              112.93236401742172,
              27.856252235142243
            ],
            [
              112.93219657055447,
              27.85652890322664
            ],
            [
              112.93188897841803,
              27.85702568201973
            ],
            [
              112.93238491223525,
              27.85712938741794
            ],
            [
              112.93311077164606,
              27.85752748907249
            ],
            [
              112.93359216353547,
              27.857266031137108
            ],
            [
              112.93323044700485,
              27.856069896961483
            ]
          ]
        ]
      }
    },
    {
      "type": "Feature",
      "properties": {
        "name": "烧汤河学校",
        "isAssistFeature": false
      },
      "geometry": {
        "type": "Polygon",
        "coordinates": [
          [
            [
              112.77744597317714,
              28.037298001872276
            ],
            [
              112.77882597320145,
              28.03728100229619
            ],
            [
              112.781907972567,
              28.03790000159279
            ],
            [
              112.7831669731158,
              28.037036001950792
            ],
            [
              112.7842395418021,
              28.03589329738552
            ],
            [
              112.78493797295236,
              28.035131002076525
            ],
            [
              112.78476397287507,
              28.030993002341585
            ],
            [
              112.78493897277725,
              28.02863900175181
            ],
            [
              112.78544180924911,
              28.02805360552597
            ],
            [
              112.78608397262492,
              28.02730600223166
            ],
            [
              112.78692597252386,
              28.02710600219165
            ],
            [
              112.7896959726182,
              28.02754300232923
            ],
            [
              112.79225797319843,
              28.02854400180591
            ],
            [
              112.79531954128117,
              28.028504479329687
            ],
            [
              112.79723997227195,
              28.028575002381743
            ],
            [
              112.7987339729974,
              28.02902400263555
            ],
            [
              112.79881072415697,
              28.028876120235914
            ],
            [
              112.8005304822931,
              28.02580344821546
            ],
            [
              112.79961613208114,
              28.02504844664064
            ],
            [
              112.79882814249032,
              28.024397163931514
            ],
            [
              112.79876663035124,
              28.024346085333637
            ],
            [
              112.79671405179225,
              28.0239578188419
            ],
            [
              112.79662186038958,
              28.023927799449794
            ],
            [
              112.79651607298511,
              28.023891126868474
            ],
            [
              112.79538414092987,
              28.023495499767463
            ],
            [
              112.7951999952798,
              28.023430874839814
            ],
            [
              112.79512903735551,
              28.023406411009606
            ],
            [
              112.79511106745656,
              28.02320756942587
            ],
            [
              112.7950304553379,
              28.022313113193473
            ],
            [
              112.79493067227277,
              28.021569377172927
            ],
            [
              112.79512903735551,
              28.02134009575328
            ],
            [
              112.7949254952818,
              28.019722951974064
            ],
            [
              112.79350070166416,
              28.020441685893775
            ],
            [
              112.79289007544304,
              28.022058818877422
            ],
            [
              112.7883103814796,
              28.022193578532534
            ],
            [
              112.7883103814796,
              28.021205335029848
            ],
            [
              112.78866657965942,
              28.01855499991453
            ],
            [
              112.78439219790822,
              28.01693781430421
            ],
            [
              112.78352714454412,
              28.016084289862533
            ],
            [
              112.78347625947487,
              28.014152603802593
            ],
            [
              112.78312006039671,
              28.012580276483273
            ],
            [
              112.78194969392204,
              28.010244203962177
            ],
            [
              112.77965984694035,
              28.009705102925118
            ],
            [
              112.77777708320771,
              28.009210925000737
            ],
            [
              112.77731911399103,
              28.008042858931827
            ],
            [
              112.77594520544267,
              28.00786315521346
            ],
            [
              112.77482572493558,
              28.006021175212528
            ],
            [
              112.77487661000487,
              28.003505250247866
            ],
            [
              112.77396067157149,
              28.002876259430014
            ],
            [
              112.77421509871448,
              28.00139362408467
            ],
            [
              112.77319738924426,
              28.000809550254225
            ],
            [
              112.77250658479076,
              27.998849013013427
            ],
            [
              112.7724849919863,
              27.998787731595865
            ],
            [
              112.77143004914419,
              27.999115423896555
            ],
            [
              112.7707745107521,
              27.999737107009945
            ],
            [
              112.77101730291551,
              28.001173397218928
            ],
            [
              112.76846798654714,
              28.00173075887425
            ],
            [
              112.76764249408983,
              28.002502484844204
            ],
            [
              112.7664042554039,
              28.00243817488828
            ],
            [
              112.76634475279609,
              28.00265680256658
            ],
            [
              112.76576810714722,
              28.004987855742833
            ],
            [
              112.76479568444546,
              28.00577161623031
            ],
            [
              112.76305372624368,
              28.007175597082544
            ],
            [
              112.76175820558535,
              28.007479488016664
            ],
            [
              112.76163076878251,
              28.007431277212685
            ],
            [
              112.76147797343751,
              28.00736100203775
            ],
            [
              112.76150141317824,
              28.007385075337158
            ],
            [
              112.76247797352023,
              28.00838800229556
            ],
            [
              112.76315497356276,
              28.009752001727833
            ],
            [
              112.76344097289468,
              28.015457002215722
            ],
            [
              112.76378897304924,
              28.017550001848935
            ],
            [
              112.7641862970011,
              28.01916847961757
            ],
            [
              112.76457897306967,
              28.02076800226773
            ],
            [
              112.76769497277043,
              28.022465002122484
            ],
            [
              112.769556469787,
              28.02267593195925
            ],
            [
              112.76986597264005,
              28.022711002305396
            ],
            [
              112.7700212042161,
              28.022793145774017
            ],
            [
              112.77177236206464,
              28.02371980058041
            ],
            [
              112.77391197300165,
              28.024852002103618
            ],
            [
              112.77486697287851,
              28.026302001738348
            ],
            [
              112.77482022814438,
              28.0267748695097
            ],
            [
              112.77468497330364,
              28.028040002318086
            ],
            [
              112.77356697322014,
              28.028428001925192
            ],
            [
              112.77064138941016,
              28.030981782281415
            ],
            [
              112.76872234721478,
              28.032656989334807
            ],
            [
              112.76686197309229,
              28.034384002192592
            ],
            [
              112.7665808381376,
              28.03549556880468
            ],
            [
              112.76607197307187,
              28.037051001890866
            ],
            [
              112.7662359731034,
              28.03869000193418
            ],
            [
              112.76704497339041,
              28.039546001673223
            ],
            [
              112.76860004069053,
              28.039795111309527
            ],
            [
              112.77145497290172,
              28.040309002275666
            ],
            [
              112.77292197296465,
              28.039520001744407
            ],
            [
              112.77428497327054,
              28.038467001724896
            ],
            [
              112.77744597317714,
              28.037298001872276
            ]
          ]
        ]
      }
    },
    {
      "type": "Feature",
      "properties": {
        "name": "熙春路逸夫小学",
        "isAssistFeature": false
      },
      "geometry": {
        "type": "Polygon",
        "coordinates": [
          [
            [
              112.91562934690963,
              27.86796894050879
            ],
            [
              112.9142174009972,
              27.867121259182355
            ],
            [
              112.9095912183195,
              27.864198498025505
            ],
            [
              112.9095754969037,
              27.864165083625817
            ],
            [
              112.90935502607847,
              27.86440705209065
            ],
            [
              112.9070609085059,
              27.86691236012358
            ],
            [
              112.90615219701898,
              27.867873344872443
            ],
            [
              112.9060936178793,
              27.867935488359034
            ],
            [
              112.90603842987983,
              27.867929295691887
            ],
            [
              112.9052029508515,
              27.867804259805474
            ],
            [
              112.90521036554588,
              27.86784024767197
            ],
            [
              112.90569140439736,
              27.870412547486264
            ],
            [
              112.90573591232642,
              27.87042685509373
            ],
            [
              112.90578693034637,
              27.870443255197394
            ],
            [
              112.90779241292996,
              27.87108792929832
            ],
            [
              112.91018760624334,
              27.871857056777515
            ],
            [
              112.91223120075118,
              27.872740451445466
            ],
            [
              112.91285143804754,
              27.873077934715294
            ],
            [
              112.91346390312003,
              27.873415798893557
            ],
            [
              112.91312615723446,
              27.874099472931324
            ],
            [
              112.91321756440789,
              27.874821078475236
            ],
            [
              112.91380324441356,
              27.875913424781974
            ],
            [
              112.91386463258513,
              27.87601441145364
            ],
            [
              112.91422607512958,
              27.876585084631373
            ],
            [
              112.91459085581363,
              27.876774761241254
            ],
            [
              112.91562082369424,
              27.877002371781824
            ],
            [
              112.91667224963201,
              27.877059274739246
            ],
            [
              112.91676384006173,
              27.877169814564464
            ],
            [
              112.92303094652289,
              27.87557974445627
            ],
            [
              112.92246582086919,
              27.874650366780042
            ],
            [
              112.92661968823516,
              27.872523549940574
            ],
            [
              112.92680027116683,
              27.872431088674123
            ],
            [
              112.919562164037,
              27.86956178501877
            ],
            [
              112.91562934690963,
              27.86796894050879
            ]
          ]
        ]
      }
    },
    {
      "type": "Feature",
      "properties": {
        "name": "碑头富利学校",
        "isAssistFeature": false
      },
      "geometry": {
        "type": "Polygon",
        "coordinates": [
          [
            [
              112.78882797278001,
              28.073853001640686
            ],
            [
              112.79661597283123,
              28.072765001671105
            ],
            [
              112.79986593829031,
              28.073311863617125
            ],
            [
              112.80035797252086,
              28.07343500260327
            ],
            [
              112.8018239727589,
              28.073508002468937
            ],
            [
              112.80284122318999,
              28.073297674042582
            ],
            [
              112.80336197296693,
              28.073190002995485
            ],
            [
              112.804957972003,
              28.07270100240211
            ],
            [
              112.80622497204939,
              28.07294300302908
            ],
            [
              112.80775397203661,
              28.073356002519024
            ],
            [
              112.8101409718163,
              28.07513600254498
            ],
            [
              112.81129597170971,
              28.0749210024738
            ],
            [
              112.81290197168983,
              28.073815002588017
            ],
            [
              112.81310997120396,
              28.072632003184673
            ],
            [
              112.81245097160313,
              28.07059100260255
            ],
            [
              112.81107797125152,
              28.06820500253191
            ],
            [
              112.81060097122553,
              28.066337002869137
            ],
            [
              112.81043597136909,
              28.064921003001732
            ],
            [
              112.81058397150709,
              28.063738003171174
            ],
            [
              112.81117397151097,
              28.062504002766413
            ],
            [
              112.8154504409469,
              28.05703078627829
            ],
            [
              112.81663397133373,
              28.05551600294538
            ],
            [
              112.81809580518546,
              28.052096104844
            ],
            [
              112.82008897186651,
              28.047433003101787
            ],
            [
              112.82148481098591,
              28.046596105750577
            ],
            [
              112.82374248660237,
              28.045306086903377
            ],
            [
              112.82402361706548,
              28.045168134911396
            ],
            [
              112.82554461216519,
              28.044421770807023
            ],
            [
              112.82650397156613,
              28.043951003122736
            ],
            [
              112.82739300725338,
              28.042684965627778
            ],
            [
              112.82749367965062,
              28.042461324353674
            ],
            [
              112.82808397160696,
              28.041150002451634
            ],
            [
              112.82816297124967,
              28.039909002584828
            ],
            [
              112.8278759711945,
              28.03781700302874
            ],
            [
              112.82779057734362,
              28.037395118242237
            ],
            [
              112.82734613046689,
              28.035199320471772
            ],
            [
              112.82705197173722,
              28.033746002620468
            ],
            [
              112.82684491096256,
              28.033027247317847
            ],
            [
              112.82651297178695,
              28.031875002457454
            ],
            [
              112.82633097131378,
              28.030800002870716
            ],
            [
              112.82647797162687,
              28.029728002570263
            ],
            [
              112.82713797105261,
              28.028608002780288
            ],
            [
              112.82401859997462,
              28.026139671599644
            ],
            [
              112.82122541795603,
              28.026700041837092
            ],
            [
              112.81855919932815,
              28.026363820203297
            ],
            [
              112.81957490196201,
              28.023113623334748
            ],
            [
              112.81640083156803,
              28.022889467963186
            ],
            [
              112.81640083156803,
              28.020087489214305
            ],
            [
              112.81373461294015,
              28.019751246927417
            ],
            [
              112.81411550131556,
              28.017957937260668
            ],
            [
              112.8130997986817,
              28.015604171857085
            ],
            [
              112.81017965417075,
              28.0150437446572
            ],
            [
              112.80852913817674,
              28.01246573927691
            ],
            [
              112.80675165879204,
              28.012353650169366
            ],
            [
              112.80429041145747,
              28.009852237599507
            ],
            [
              112.80353609970666,
              28.011232193554576
            ],
            [
              112.80265858221802,
              28.012049613577982
            ],
            [
              112.80169350863353,
              28.01290189949877
            ],
            [
              112.80191211725118,
              28.015948018942087
            ],
            [
              112.80147197240638,
              28.016442557718307
            ],
            [
              112.80106820573731,
              28.016896220902282
            ],
            [
              112.79877946548002,
              28.017785215306663
            ],
            [
              112.79700208940159,
              28.01960532165274
            ],
            [
              112.79718377815935,
              28.02076816007718
            ],
            [
              112.79730896647906,
              28.02156937796595
            ],
            [
              112.79521513728221,
              28.021569377172927
            ],
            [
              112.79493067227277,
              28.021569377172927
            ],
            [
              112.7950304553379,
              28.022313113193473
            ],
            [
              112.79511106745656,
              28.02320756942587
            ],
            [
              112.79512903735551,
              28.023406411009606
            ],
            [
              112.7951999952798,
              28.023430874839814
            ],
            [
              112.79538414092987,
              28.023495499767463
            ],
            [
              112.79651607298511,
              28.023891126868474
            ],
            [
              112.79662186038958,
              28.023927799449794
            ],
            [
              112.79671405179225,
              28.0239578188419
            ],
            [
              112.79876663035124,
              28.024346085333637
            ],
            [
              112.79882814249032,
              28.024397163931514
            ],
            [
              112.79961613208114,
              28.02504844664064
            ],
            [
              112.8005304822931,
              28.02580344821546
            ],
            [
              112.79881072415697,
              28.028876120235914
            ],
            [
              112.7987339729974,
              28.02902400263555
            ],
            [
              112.79991511925546,
              28.031249720963476
            ],
            [
              112.8006371482499,
              28.0326102701947
            ],
            [
              112.80125852550833,
              28.033891718425785
            ],
            [
              112.80190976815675,
              28.035249930069067
            ],
            [
              112.80246697246623,
              28.036412002431398
            ],
            [
              112.80316197295042,
              28.04026000299606
            ],
            [
              112.80181597236297,
              28.041972002392043
            ],
            [
              112.7988819722371,
              28.043605002537795
            ],
            [
              112.79679797240611,
              28.046073002056705
            ],
            [
              112.79499197240943,
              28.047743001603525
            ],
            [
              112.78887997265853,
              28.051618001816927
            ],
            [
              112.78708297288271,
              28.05233000209534
            ],
            [
              112.78626397254999,
              28.053138001821885
            ],
            [
              112.78202997276573,
              28.05362000169109
            ],
            [
              112.78050297332666,
              28.053657001859833
            ],
            [
              112.7791469726935,
              28.05448800158833
            ],
            [
              112.77701997320477,
              28.05615300215951
            ],
            [
              112.7715939728189,
              28.064495001886204
            ],
            [
              112.77149897328265,
              28.06658100189543
            ],
            [
              112.77190697281335,
              28.068732002258596
            ],
            [
              112.77326997311921,
              28.070949001760315
            ],
            [
              112.77350397257264,
              28.072308001683254
            ],
            [
              112.77339429995453,
              28.073106304833495
            ],
            [
              112.77308797264604,
              28.07422300205974
            ],
            [
              112.7730089730033,
              28.0751800019904
            ],
            [
              112.77332197299775,
              28.07569400203076
            ],
            [
              112.7741979732319,
              28.076549001742713
            ],
            [
              112.77534497272937,
              28.07679000215903
            ],
            [
              112.77718497306122,
              28.076927002082247
            ],
            [
              112.782611973272,
              28.075923001936747
            ],
            [
              112.78544197274252,
              28.074605002196385
            ],
            [
              112.78882797278001,
              28.073853001640686
            ]
          ]
        ]
      }
    },
    {
      "type": "Feature",
      "properties": {
        "name": "立云中心小学",
        "isAssistFeature": false
      },
      "geometry": {
        "type": "Polygon",
        "coordinates": [
          [
            [
              112.870512710423,
              27.87081835249383
            ],
            [
              112.87257808997478,
              27.870638048723706
            ],
            [
              112.87253974628517,
              27.86990363473718
            ],
            [
              112.87471277185577,
              27.869328276760832
            ],
            [
              112.87493208026103,
              27.869267981208992
            ],
            [
              112.87519820706228,
              27.868924526934737
            ],
            [
              112.87450000677907,
              27.866896489178814
            ],
            [
              112.8748628767465,
              27.866762281327468
            ],
            [
              112.87589640824383,
              27.86638002664064
            ],
            [
              112.87638185602673,
              27.86508284776436
            ],
            [
              112.87663735575816,
              27.864402329214208
            ],
            [
              112.87670860114335,
              27.862147458211528
            ],
            [
              112.87632387785996,
              27.8614546113975
            ],
            [
              112.87674057847249,
              27.861108669591435
            ],
            [
              112.87668751049709,
              27.861054595088206
            ],
            [
              112.87286795116414,
              27.8572175277155
            ],
            [
              112.87260291851092,
              27.856951910518866
            ],
            [
              112.87218258780632,
              27.856532885439986
            ],
            [
              112.87064822397853,
              27.855000336433353
            ],
            [
              112.8702166472649,
              27.852868980038966
            ],
            [
              112.8700529598471,
              27.851711178103137
            ],
            [
              112.87003076337474,
              27.8515541793581
            ],
            [
              112.86998692379223,
              27.851466283058553
            ],
            [
              112.86933744184185,
              27.85016409101439
            ],
            [
              112.86900716814279,
              27.849501894760706
            ],
            [
              112.87741484314498,
              27.845342047253883
            ],
            [
              112.87888592874582,
              27.844614184883408
            ],
            [
              112.87826326240496,
              27.844035795029242
            ],
            [
              112.87600916567659,
              27.841444433713868
            ],
            [
              112.87518124956468,
              27.84001007751252
            ],
            [
              112.8750985075405,
              27.839866726876465
            ],
            [
              112.87506927725944,
              27.839873938697256
            ],
            [
              112.87399348182464,
              27.840139375310528
            ],
            [
              112.87055692100968,
              27.840987290649853
            ],
            [
              112.86533480854892,
              27.839268999588317
            ],
            [
              112.86484022939115,
              27.83948419704283
            ],
            [
              112.86341735367664,
              27.838389357125838
            ],
            [
              112.86320551476298,
              27.83822834747353
            ],
            [
              112.85990337874546,
              27.835668042414294
            ],
            [
              112.85884356703451,
              27.835570853383533
            ],
            [
              112.85903197788556,
              27.83497383166653
            ],
            [
              112.85906616507035,
              27.83459844829635
            ],
            [
              112.85819320293847,
              27.834586662881872
            ],
            [
              112.8560443177945,
              27.835230173555054
            ],
            [
              112.85481349110796,
              27.83559875809194
            ],
            [
              112.85224005407589,
              27.836803877499342
            ],
            [
              112.85306602623356,
              27.838853265481074
            ],
            [
              112.85265294852655,
              27.840344999273313
            ],
            [
              112.85264401567939,
              27.840377258104642
            ],
            [
              112.85243721092456,
              27.84112407703694
            ],
            [
              112.85174798840427,
              27.841506269058776
            ],
            [
              112.85170610355584,
              27.841529495233214
            ],
            [
              112.8496060265762,
              27.842694034470064
            ],
            [
              112.84995737744676,
              27.843762674240626
            ],
            [
              112.85078922278974,
              27.846289438256242
            ],
            [
              112.85299519497171,
              27.853162663100687
            ],
            [
              112.85307543159456,
              27.853984396254845
            ],
            [
              112.85328570923627,
              27.857217682587216
            ],
            [
              112.8537404481112,
              27.859278628805143
            ],
            [
              112.85405192725787,
              27.860651109080777
            ],
            [
              112.85475744970897,
              27.86430560192753
            ],
            [
              112.85488460174587,
              27.865823354589285
            ],
            [
              112.85504091040194,
              27.86584253094619
            ],
            [
              112.85766947524635,
              27.866165013593946
            ],
            [
              112.85833790625938,
              27.868036248197654
            ],
            [
              112.86285021220347,
              27.866028559776755
            ],
            [
              112.86531844663432,
              27.865658724627675
            ],
            [
              112.86538200783058,
              27.86564920036261
            ],
            [
              112.86568139745015,
              27.86560434029267
            ],
            [
              112.86721896467022,
              27.87110588893799
            ],
            [
              112.870512710423,
              27.87081835249383
            ]
          ]
        ]
      }
    },
    {
      "type": "Feature",
      "properties": {
        "name": "立新学校",
        "isAssistFeature": false
      },
      "geometry": {
        "type": "Polygon",
        "coordinates": [
          [
            [
              112.83456379104254,
              28.024781574149113
            ],
            [
              112.83589197174969,
              28.024654002959863
            ],
            [
              112.83744097093005,
              28.024837002842027
            ],
            [
              112.83794369151924,
              28.02495417227572
            ],
            [
              112.8380800162535,
              28.02498369259635
            ],
            [
              112.84005076098506,
              28.02546288302057
            ],
            [
              112.84040667889052,
              28.025546277293312
            ],
            [
              112.84296197085217,
              28.026145002755857
            ],
            [
              112.84403797110288,
              28.026046003229226
            ],
            [
              112.84632997134632,
              28.022460003050984
            ],
            [
              112.84714031820795,
              28.021184704894086
            ],
            [
              112.84805805417018,
              28.018405518659094
            ],
            [
              112.84813214272323,
              28.01822446266614
            ],
            [
              112.84925719727667,
              28.01541459060537
            ],
            [
              112.85023597106752,
              28.012970002805805
            ],
            [
              112.85080204983369,
              28.012285996146034
            ],
            [
              112.85130800974778,
              28.011674629650642
            ],
            [
              112.85199414475844,
              28.01084554446007
            ],
            [
              112.85217997115643,
              28.010621002694457
            ],
            [
              112.85335740377909,
              28.008996553703057
            ],
            [
              112.85385617357767,
              28.008305485389403
            ],
            [
              112.85432297143697,
              28.007654003063177
            ],
            [
              112.85488961434517,
              28.00592827215174
            ],
            [
              112.85515601872582,
              28.005191017821787
            ],
            [
              112.85546897110953,
              28.004168002726743
            ],
            [
              112.85544297117028,
              28.001515002914537
            ],
            [
              112.85585097070096,
              28.00001300274713
            ],
            [
              112.85513165551696,
              27.998275619016916
            ],
            [
              112.85460884769971,
              27.996891539883354
            ],
            [
              112.85458880089585,
              27.99683380290584
            ],
            [
              112.85392381043036,
              27.994583842785296
            ],
            [
              112.85380412429178,
              27.99416415869359
            ],
            [
              112.85355679294125,
              27.993322667725156
            ],
            [
              112.85329897106482,
              27.992337003030112
            ],
            [
              112.85314297142921,
              27.991261002715042
            ],
            [
              112.85322097124701,
              27.99081000313139
            ],
            [
              112.85393297144964,
              27.990204003182253
            ],
            [
              112.85531064034575,
              27.99001358082092
            ],
            [
              112.8557199711797,
              27.989957003047795
            ],
            [
              112.8563344224273,
              27.989796440203044
            ],
            [
              112.85658038923694,
              27.985235221672706
            ],
            [
              112.85432569423058,
              27.98378717599169
            ],
            [
              112.85254773514555,
              27.980575808101772
            ],
            [
              112.85252193822552,
              27.980529001318438
            ],
            [
              112.84997919572838,
              27.97973310836462
            ],
            [
              112.84911939930534,
              27.97868265813902
            ],
            [
              112.84875044954005,
              27.976293226208664
            ],
            [
              112.84814609625455,
              27.97612802418666
            ],
            [
              112.84702868277095,
              27.975822574790403
            ],
            [
              112.84539183194904,
              27.97511255963585
            ],
            [
              112.841590507518,
              27.974454294220997
            ],
            [
              112.83801279082921,
              27.971228733403766
            ],
            [
              112.83510589557041,
              27.967081442871013
            ],
            [
              112.83331703722602,
              27.967015611451398
            ],
            [
              112.83272075081179,
              27.96806890775897
            ],
            [
              112.829515712795,
              27.967213105589753
            ],
            [
              112.82839767588058,
              27.965830641410946
            ],
            [
              112.82720510395043,
              27.966093969740054
            ],
            [
              112.82735144759505,
              27.967386686928677
            ],
            [
              112.82735417488027,
              27.967410598573256
            ],
            [
              112.83063374881111,
              27.970570444290153
            ],
            [
              112.8291860930695,
              27.972516051297916
            ],
            [
              112.82891942638075,
              27.972874440201824
            ],
            [
              112.83085735655331,
              27.97353271525713
            ],
            [
              112.83123003522533,
              27.97478342743052
            ],
            [
              112.8279504612945,
              27.976955682696495
            ],
            [
              112.82857280514018,
              27.977904391207186
            ],
            [
              112.82774457821117,
              27.979680709139444
            ],
            [
              112.82579232889299,
              27.979628465378617
            ],
            [
              112.82466830650385,
              27.981874944074026
            ],
            [
              112.82484578306126,
              27.98333774203195
            ],
            [
              112.8243357816267,
              27.985838170079106
            ],
            [
              112.82384853631491,
              27.98712896974431
            ],
            [
              112.82337161264573,
              27.98753607954567
            ],
            [
              112.82231420392816,
              27.988125054631716
            ],
            [
              112.82094795711087,
              27.98888604861893
            ],
            [
              112.81999827975204,
              27.989260742205776
            ],
            [
              112.81967704579972,
              27.98907636191751
            ],
            [
              112.81888995721914,
              27.988624592468433
            ],
            [
              112.81785727462974,
              27.9880318553308
            ],
            [
              112.81579444359842,
              27.98850962047885
            ],
            [
              112.81638603451867,
              27.98913649785789
            ],
            [
              112.81488907923428,
              27.989653634623963
            ],
            [
              112.81467042120929,
              27.990860391656437
            ],
            [
              112.81360555737318,
              27.991905162744686
            ],
            [
              112.8139013528333,
              27.993629013060673
            ],
            [
              112.81679275395008,
              27.99360155998269
            ],
            [
              112.81940314767297,
              27.993576775264884
            ],
            [
              112.82005389804458,
              27.994046911342725
            ],
            [
              112.82046801150906,
              27.99577072740566
            ],
            [
              112.82165119334958,
              27.995614017849526
            ],
            [
              112.8241453531595,
              27.99789906899653
            ],
            [
              112.82584849875106,
              27.998269303733412
            ],
            [
              112.8260881243531,
              27.998225811392263
            ],
            [
              112.82774457821117,
              28.00057637066833
            ],
            [
              112.82508241996838,
              28.001829981422905
            ],
            [
              112.82401755613226,
              28.003501440005564
            ],
            [
              112.82141455644248,
              28.00418046287115
            ],
            [
              112.82129623843811,
              28.00522510483313
            ],
            [
              112.81969894313309,
              28.005642958147234
            ],
            [
              112.81845660273956,
              28.00559072696815
            ],
            [
              112.81810164782809,
              28.00642642993257
            ],
            [
              112.82064548806649,
              28.00773220357946
            ],
            [
              112.8217103519026,
              28.01013478525841
            ],
            [
              112.82295269229613,
              28.010395932263595
            ],
            [
              112.82342596521201,
              28.01217171479016
            ],
            [
              112.8244908290481,
              28.01144051395276
            ],
            [
              112.82585148744604,
              28.011492742295427
            ],
            [
              112.82620644235752,
              28.01217171479016
            ],
            [
              112.82591064689738,
              28.013425190617333
            ],
            [
              112.82768541965812,
              28.013999695958432
            ],
            [
              112.82957850952495,
              28.016663269639384
            ],
            [
              112.82940103296754,
              28.017603338271762
            ],
            [
              112.82851364658714,
              28.017446661264984
            ],
            [
              112.82744878275105,
              28.016454363767505
            ],
            [
              112.82644307836628,
              28.016036552394038
            ],
            [
              112.82626560091053,
              28.016663269639384
            ],
            [
              112.8252598965258,
              28.019692351703224
            ],
            [
              112.82407671558362,
              28.02026682360859
            ],
            [
              112.82437251104373,
              28.022094666567195
            ],
            [
              112.8251415785214,
              28.022825795061422
            ],
            [
              112.82478662450822,
              28.025959148011506
            ],
            [
              112.82401859997462,
              28.026139671599644
            ],
            [
              112.82713797105261,
              28.028608002780288
            ],
            [
              112.82912544241476,
              28.027275486584568
            ],
            [
              112.82944987886111,
              28.027050172633274
            ],
            [
              112.83028897181178,
              28.026445002976086
            ],
            [
              112.83195719809164,
              28.025592945577504
            ],
            [
              112.833309971078,
              28.02490200279898
            ],
            [
              112.83456379104254,
              28.024781574149113
            ]
          ]
        ]
      }
    },
    {
      "type": "Feature",
      "properties": {
        "name": "红霞学校",
        "isAssistFeature": false
      },
      "geometry": {
        "type": "Polygon",
        "coordinates": [
          [
            [
              112.95131190233363,
              27.818310016952655
            ],
            [
              112.9514639502803,
              27.817797630831972
            ],
            [
              112.9514765105246,
              27.817750665399632
            ],
            [
              112.95289237309169,
              27.81405589133669
            ],
            [
              112.95339298263997,
              27.81272864343338
            ],
            [
              112.9556624010338,
              27.806711618928638
            ],
            [
              112.9558084087085,
              27.806324490787677
            ],
            [
              112.9557196066494,
              27.80629052380468
            ],
            [
              112.95530786563553,
              27.806133033446624
            ],
            [
              112.95240019962225,
              27.80502084565128
            ],
            [
              112.9478878909832,
              27.802954159153344
            ],
            [
              112.94573852613888,
              27.802283437851063
            ],
            [
              112.94398714460979,
              27.801734504667664
            ],
            [
              112.93565520028099,
              27.799729412967473
            ],
            [
              112.9356553413165,
              27.799803189201572
            ],
            [
              112.93566685682012,
              27.804870112294942
            ],
            [
              112.93569427160598,
              27.812532818664295
            ],
            [
              112.93543093227706,
              27.814913166544873
            ],
            [
              112.93540127978787,
              27.814965868867123
            ],
            [
              112.9351581327899,
              27.816155829201545
            ],
            [
              112.93482786178579,
              27.81623094257098
            ],
            [
              112.93459078739917,
              27.816284860653923
            ],
            [
              112.93460699749846,
              27.8172024102257
            ],
            [
              112.93500099409049,
              27.817313285974546
            ],
            [
              112.93513607375978,
              27.817351299106225
            ],
            [
              112.93535601817224,
              27.81752157187201
            ],
            [
              112.93554744736268,
              27.818216093661388
            ],
            [
              112.936220939484,
              27.81827486435279
            ],
            [
              112.9362513267951,
              27.818275736712625
            ],
            [
              112.93783907750023,
              27.818225974055082
            ],
            [
              112.94321895478616,
              27.818057357338436
            ],
            [
              112.94932664172538,
              27.81786592941744
            ],
            [
              112.9492976144636,
              27.82211471549612
            ],
            [
              112.95123463374446,
              27.822090514322632
            ],
            [
              112.95127504266091,
              27.822090084513814
            ],
            [
              112.95127913089377,
              27.821670839756933
            ],
            [
              112.95128400694911,
              27.821170755300216
            ],
            [
              112.95131190233363,
              27.818310016952655
            ]
          ]
        ]
      }
    },
    {
      "type": "Feature",
      "properties": {
        "name": "育才学校教育集团清水校区",
        "isAssistFeature": false
      },
      "geometry": {
        "type": "Polygon",
        "coordinates": [
          [
            [
              113.0002264200088,
              27.919744279842266
            ],
            [
              113.00049742466203,
              27.917408937709826
            ],
            [
              113.0015524591323,
              27.916663131976215
            ],
            [
              113.0016820788413,
              27.91657150377411
            ],
            [
              113.00288175824197,
              27.915723440925564
            ],
            [
              113.00220051994796,
              27.912894155689226
            ],
            [
              113.0053342173581,
              27.912954353916785
            ],
            [
              113.00628795150875,
              27.910185196008577
            ],
            [
              113.01010288811125,
              27.9098239960995
            ],
            [
              113.01453093926823,
              27.9100045958079
            ],
            [
              113.0173921408218,
              27.908439385936084
            ],
            [
              113.01841399871198,
              27.9100045958079
            ],
            [
              113.02052583913027,
              27.910305595445628
            ],
            [
              113.0234551644234,
              27.911328986837265
            ],
            [
              113.02842820639526,
              27.910124995445972
            ],
            [
              113.02890507347055,
              27.90693435420053
            ],
            [
              113.03169815218287,
              27.907897576478895
            ],
            [
              113.03360562048414,
              27.90741596641178
            ],
            [
              113.03489997333263,
              27.906512941657603
            ],
            [
              113.03612620333986,
              27.907235362381506
            ],
            [
              113.03837429033895,
              27.906753749366217
            ],
            [
              113.03925990075,
              27.904646666718666
            ],
            [
              113.04239359816017,
              27.905850719084327
            ],
            [
              113.04789863681634,
              27.904084176208446
            ],
            [
              113.0449194137024,
              27.898881067049984
            ],
            [
              113.0447868412311,
              27.89864952739222
            ],
            [
              113.04256412984213,
              27.89406587622103
            ],
            [
              113.04255440737582,
              27.893963343900676
            ],
            [
              113.04226253036697,
              27.890885183828466
            ],
            [
              113.04194670966251,
              27.887342836396886
            ],
            [
              113.04177153638548,
              27.885620924200218
            ],
            [
              113.04058696574954,
              27.87959800319661
            ],
            [
              113.04014896608165,
              27.878801002950024
            ],
            [
              113.03981921610043,
              27.87851362827265
            ],
            [
              113.03678396596055,
              27.8758610029944
            ],
            [
              113.0353719778273,
              27.874302210299486
            ],
            [
              113.03449496609015,
              27.87333400309469
            ],
            [
              113.03357196600032,
              27.871904002758203
            ],
            [
              113.03321296597512,
              27.871053003444707
            ],
            [
              113.03273480712242,
              27.86973075686944
            ],
            [
              113.03260792637676,
              27.86979307082104
            ],
            [
              113.03206799397525,
              27.87005824122385
            ],
            [
              113.03190252340158,
              27.8707471021656
            ],
            [
              113.03026512820061,
              27.87180480376001
            ],
            [
              113.02897319721015,
              27.872071973560235
            ],
            [
              113.02665939665137,
              27.873049212201373
            ],
            [
              113.02609705936833,
              27.87302270044867
            ],
            [
              113.02480713701084,
              27.87296188602421
            ],
            [
              113.02330063263497,
              27.875079532923934
            ],
            [
              113.0217694317753,
              27.875603481070886
            ],
            [
              113.02085565019695,
              27.875297845158343
            ],
            [
              113.0182327097045,
              27.873963573058678
            ],
            [
              113.01569675487762,
              27.87535261055129
            ],
            [
              113.01691027911349,
              27.878281908473987
            ],
            [
              113.01519932356885,
              27.87820599795209
            ],
            [
              113.01495915718101,
              27.878191254638914
            ],
            [
              113.01144404318603,
              27.877866761486988
            ],
            [
              113.00868009504175,
              27.87568267613728
            ],
            [
              113.00945799565362,
              27.872560763920376
            ],
            [
              113.00657976473721,
              27.872230688822395
            ],
            [
              113.00597300217012,
              27.873564736889918
            ],
            [
              113.00179384363567,
              27.873792396262267
            ],
            [
              113.00041879602352,
              27.873867302174713
            ],
            [
              112.99940521251541,
              27.87357879155925
            ],
            [
              112.99927105900922,
              27.873540605163765
            ],
            [
              112.99710873776353,
              27.872925110524715
            ],
            [
              112.99559250642974,
              27.87249352018798
            ],
            [
              112.99495793651305,
              27.872409479559103
            ],
            [
              112.99159654133118,
              27.87248473900899
            ],
            [
              112.98921616662672,
              27.872581010327476
            ],
            [
              112.98935618882669,
              27.87189335299939
            ],
            [
              112.98943397843871,
              27.871054404259034
            ],
            [
              112.98906058650434,
              27.869018896305207
            ],
            [
              112.98783215562466,
              27.86864523333123
            ],
            [
              112.98779350471123,
              27.868633476234635
            ],
            [
              112.98761369163577,
              27.868578781299256
            ],
            [
              112.98660015663667,
              27.865327005252094
            ],
            [
              112.98558588142579,
              27.864131440496852
            ],
            [
              112.98515161066463,
              27.864820351028833
            ],
            [
              112.9832797273267,
              27.867700967248275
            ],
            [
              112.98319968743489,
              27.86782413703402
            ],
            [
              112.98306795668499,
              27.86802685279138
            ],
            [
              112.98303797002252,
              27.868018351579938
            ],
            [
              112.98217348619032,
              27.867773272604552
            ],
            [
              112.98211595628287,
              27.867815949490474
            ],
            [
              112.98037732005109,
              27.86904046797837
            ],
            [
              112.98011642863132,
              27.869224525857522
            ],
            [
              112.97939064288234,
              27.870507731912443
            ],
            [
              112.97769069349657,
              27.869754712354997
            ],
            [
              112.9776776239075,
              27.869803887551843
            ],
            [
              112.97754451514196,
              27.870357752596007
            ],
            [
              112.97751519952098,
              27.870357752596007
            ],
            [
              112.97627763906306,
              27.870357752596007
            ],
            [
              112.97508431434468,
              27.872646374369097
            ],
            [
              112.97369516138598,
              27.87345904768754
            ],
            [
              112.97174569954011,
              27.87243251170551
            ],
            [
              112.96927802835295,
              27.873587363802866
            ],
            [
              112.96926105917723,
              27.87417963629829
            ],
            [
              112.96833725599357,
              27.87562651492046
            ],
            [
              112.96898861093135,
              27.876293891725513
            ],
            [
              112.96913593284131,
              27.87646025566434
            ],
            [
              112.97010697034095,
              27.87786051539123
            ],
            [
              112.96989008109874,
              27.879940171420287
            ],
            [
              112.96851794223149,
              27.879912606064998
            ],
            [
              112.96929139169113,
              27.880790352931477
            ],
            [
              112.97040898304115,
              27.882058635527542
            ],
            [
              112.97303902561424,
              27.88504324306207
            ],
            [
              112.97279121635994,
              27.885239695219294
            ],
            [
              112.97274757620345,
              27.885274290955287
            ],
            [
              112.97293445452863,
              27.885400927246113
            ],
            [
              112.97307696146868,
              27.885495677678175
            ],
            [
              112.97395054253977,
              27.8860828272618
            ],
            [
              112.97410928652856,
              27.886190632069987
            ],
            [
              112.97528066630284,
              27.887020597029174
            ],
            [
              112.97873940921713,
              27.889495637325837
            ],
            [
              112.98027069631506,
              27.889903805161996
            ],
            [
              112.98026463717846,
              27.88995615187041
            ],
            [
              112.9806733805142,
              27.892304359633624
            ],
            [
              112.97992401848062,
              27.893689176271945
            ],
            [
              112.97583658602149,
              27.894411682612738
            ],
            [
              112.97440598569386,
              27.89525460031687
            ],
            [
              112.97093166868753,
              27.894833142285343
            ],
            [
              112.96950106746158,
              27.895375016369023
            ],
            [
              112.9679342187565,
              27.894893350562626
            ],
            [
              112.96268868092805,
              27.89645875639769
            ],
            [
              112.96302986556455,
              27.897463185819845
            ],
            [
              112.96275822041252,
              27.898603543316668
            ],
            [
              112.96301288740568,
              27.90019402079762
            ],
            [
              112.96370031688862,
              27.9006533212116
            ],
            [
              112.96712152369876,
              27.900944238225254
            ],
            [
              112.9686155729332,
              27.902084558245694
            ],
            [
              112.96807228173083,
              27.9031198387168
            ],
            [
              112.96528791757508,
              27.9035849616847
            ],
            [
              112.9658991196163,
              27.905400421677374
            ],
            [
              112.96956919120116,
              27.906874152622578
            ],
            [
              112.97263476487176,
              27.90705475725588
            ],
            [
              112.97038667787264,
              27.909763796129706
            ],
            [
              112.96677611248884,
              27.909643395295745
            ],
            [
              112.96655839679657,
              27.91038130961124
            ],
            [
              112.96633925278302,
              27.91112405801061
            ],
            [
              112.96913791182988,
              27.915562872431728
            ],
            [
              112.96966502976386,
              27.91621977277652
            ],
            [
              112.97136348974294,
              27.918336384567713
            ],
            [
              112.97392911861857,
              27.916987565976715
            ],
            [
              112.97597283439895,
              27.91379712717183
            ],
            [
              112.9822402292193,
              27.917830307800987
            ],
            [
              112.98646390915752,
              27.919575966286974
            ],
            [
              112.99177756982726,
              27.918492457030265
            ],
            [
              112.99348066690978,
              27.9190342134127
            ],
            [
              112.99511563935445,
              27.917770112287595
            ],
            [
              112.99763622221016,
              27.920478881976546
            ],
            [
              112.99906682343608,
              27.920779852462065
            ],
            [
              113.0002264200088,
              27.919744279842266
            ]
          ]
        ]
      }
    },
    {
      "type": "Feature",
      "properties": {
        "name": "育才学校教育集团育才校区",
        "isAssistFeature": false
      },
      "geometry": {
        "type": "Polygon",
        "coordinates": [
          [
            [
              112.96927802835295,
              27.873587363802866
            ],
            [
              112.97174569954011,
              27.87243251170551
            ],
            [
              112.97369516138598,
              27.87345904768754
            ],
            [
              112.97508431434468,
              27.872646374369097
            ],
            [
              112.97627763906306,
              27.870357752596007
            ],
            [
              112.97751519952098,
              27.870357752596007
            ],
            [
              112.97754451514196,
              27.870357752596007
            ],
            [
              112.9776776239075,
              27.869803887551843
            ],
            [
              112.97769069349657,
              27.869754712354997
            ],
            [
              112.97939064288234,
              27.870507731912443
            ],
            [
              112.98011642863132,
              27.869224525857522
            ],
            [
              112.98037732005109,
              27.86904046797837
            ],
            [
              112.98211595628287,
              27.867815949490474
            ],
            [
              112.98217348619032,
              27.867773272604552
            ],
            [
              112.98303797002252,
              27.868018351579938
            ],
            [
              112.98306795668499,
              27.86802685279138
            ],
            [
              112.98319968743489,
              27.86782413703402
            ],
            [
              112.9832797273267,
              27.867700967248275
            ],
            [
              112.98515161066463,
              27.864820351028833
            ],
            [
              112.98558588142579,
              27.864131440496852
            ],
            [
              112.98568078574061,
              27.864005997587206
            ],
            [
              112.98576856012704,
              27.863105861273503
            ],
            [
              112.98581053211205,
              27.86267543182223
            ],
            [
              112.98620300336474,
              27.858668576046252
            ],
            [
              112.9864065714896,
              27.856562744887356
            ],
            [
              112.9833076784068,
              27.857237245660322
            ],
            [
              112.9815330152405,
              27.857623513972012
            ],
            [
              112.97184676539946,
              27.85973177461782
            ],
            [
              112.96419752811018,
              27.86139664000995
            ],
            [
              112.96318142842098,
              27.84291545417688
            ],
            [
              112.95688958954344,
              27.84209619725658
            ],
            [
              112.95699150970063,
              27.834299727839785
            ],
            [
              112.95137077612071,
              27.83367368020362
            ],
            [
              112.95120328433767,
              27.833108241753038
            ],
            [
              112.95115052987431,
              27.841218200536
            ],
            [
              112.9513704518289,
              27.84265080596757
            ],
            [
              112.95153525854755,
              27.843724369313946
            ],
            [
              112.95162630369991,
              27.84431744123592
            ],
            [
              112.95313613813056,
              27.854128948973596
            ],
            [
              112.95320779674074,
              27.85465492363866
            ],
            [
              112.95321734223897,
              27.854729386096015
            ],
            [
              112.95313266434533,
              27.85476876173128
            ],
            [
              112.95304999328806,
              27.854807203336012
            ],
            [
              112.95294510509717,
              27.854855976286093
            ],
            [
              112.95355402002767,
              27.85662587413028
            ],
            [
              112.95401450722208,
              27.857964326784455
            ],
            [
              112.95403024390923,
              27.858013798805633
            ],
            [
              112.95482088173351,
              27.860645552142547
            ],
            [
              112.9563882128339,
              27.865870853530442
            ],
            [
              112.95655103247914,
              27.866413661130114
            ],
            [
              112.95725346831894,
              27.867586742491554
            ],
            [
              112.95905991208335,
              27.86692135776099
            ],
            [
              112.9603750573374,
              27.868540142869275
            ],
            [
              112.9608358427725,
              27.86853066968187
            ],
            [
              112.96453622800661,
              27.868454594294757
            ],
            [
              112.96506359297732,
              27.86900305505168
            ],
            [
              112.9664490592501,
              27.869860219346712
            ],
            [
              112.96727736343422,
              27.87035975218395
            ],
            [
              112.96848147871582,
              27.871090010666336
            ],
            [
              112.96927802835295,
              27.873587363802866
            ]
          ]
        ]
      }
    },
    {
      "type": "Feature",
      "properties": {
        "name": "进军学校",
        "isAssistFeature": false
      },
      "geometry": {
        "type": "Polygon",
        "coordinates": [
          [
            [
              112.73380964529434,
              27.892433222686872
            ],
            [
              112.73346632266748,
              27.89084016112449
            ],
            [
              112.73398111032587,
              27.889265362248402
            ],
            [
              112.73372381486223,
              27.888033281785166
            ],
            [
              112.7343246296838,
              27.886136700301233
            ],
            [
              112.73724287246125,
              27.885378058246815
            ],
            [
              112.738011985753,
              27.88400961909883
            ],
            [
              112.73803297488963,
              27.883766936125937
            ],
            [
              112.73804836662373,
              27.883590300050997
            ],
            [
              112.73808166267972,
              27.883210803626014
            ],
            [
              112.73808430193002,
              27.883141921287717
            ],
            [
              112.73815153723578,
              27.88232243558395
            ],
            [
              112.73805733630181,
              27.881165114253758
            ],
            [
              112.73813786397886,
              27.88065677529188
            ],
            [
              112.73825369993811,
              27.87989355368774
            ],
            [
              112.73809914569179,
              27.879292191952988
            ],
            [
              112.7379844775424,
              27.878846022719472
            ],
            [
              112.73741453422387,
              27.87695677554591
            ],
            [
              112.74167179318744,
              27.878143941350704
            ],
            [
              112.74230688233038,
              27.87832243329045
            ],
            [
              112.74271917760474,
              27.87756550566893
            ],
            [
              112.74287756226745,
              27.87727472751942
            ],
            [
              112.74342268154142,
              27.876273940613796
            ],
            [
              112.74599760169203,
              27.875591100583176
            ],
            [
              112.74668424784406,
              27.872935571980733
            ],
            [
              112.74628116748785,
              27.871926001880112
            ],
            [
              112.74565427906516,
              27.870355853066847
            ],
            [
              112.74548572008356,
              27.87026977545493
            ],
            [
              112.74310752199703,
              27.869028124064606
            ],
            [
              112.74230688233038,
              27.868610714873217
            ],
            [
              112.7376720264186,
              27.8670173028655
            ],
            [
              112.73552625932697,
              27.865423867427438
            ],
            [
              112.73380964529434,
              27.86489271707481
            ],
            [
              112.73253854623532,
              27.86419039121263
            ],
            [
              112.73117109477722,
              27.863434822153764
            ],
            [
              112.72838680607994,
              27.861896379433865
            ],
            [
              112.72831648146793,
              27.861857521810208
            ],
            [
              112.72556989955476,
              27.86436156411897
            ],
            [
              112.7202483965926,
              27.870431727795722
            ],
            [
              112.71893459881147,
              27.873062637218066
            ],
            [
              112.71604269284148,
              27.878853517807332
            ],
            [
              112.71596073684319,
              27.882222091606245
            ],
            [
              112.7158710310789,
              27.88590910816362
            ],
            [
              112.71904676694942,
              27.893343533507313
            ],
            [
              112.71934119966528,
              27.89345331595606
            ],
            [
              112.72427751581334,
              27.895293861188662
            ],
            [
              112.72454896153937,
              27.895377937252537
            ],
            [
              112.72968977197539,
              27.896908841724393
            ],
            [
              112.7298974292314,
              27.896537098620232
            ],
            [
              112.73037598334281,
              27.89575696151266
            ],
            [
              112.73380964529434,
              27.892433222686872
            ]
          ]
        ]
      }
    },
    {
      "type": "Feature",
      "properties": {
        "name": "金庭学校",
        "isAssistFeature": false
      },
      "geometry": {
        "type": "Polygon",
        "coordinates": [
          [
            [
              112.90446234918856,
              27.856591117549655
            ],
            [
              112.90398878971014,
              27.85645155660609
            ],
            [
              112.90080015403213,
              27.8548884579515
            ],
            [
              112.89865334938635,
              27.853995248715616
            ],
            [
              112.8978009416065,
              27.853213684498698
            ],
            [
              112.8959382731868,
              27.852180894230663
            ],
            [
              112.89460863451397,
              27.851584314988898
            ],
            [
              112.89382303983167,
              27.851231835126832
            ],
            [
              112.89284434958415,
              27.850896871527436
            ],
            [
              112.89202940244996,
              27.850505366502723
            ],
            [
              112.89188891761765,
              27.85134150140509
            ],
            [
              112.89176649610904,
              27.851479887073683
            ],
            [
              112.8910539551206,
              27.85225786742335
            ],
            [
              112.89035026792764,
              27.853018292564197
            ],
            [
              112.89026612902317,
              27.853037328222527
            ],
            [
              112.88959257222314,
              27.853185770819444
            ],
            [
              112.88829817625553,
              27.855028020907252
            ],
            [
              112.88870859405097,
              27.85553044717229
            ],
            [
              112.88883487651867,
              27.85636781963603
            ],
            [
              112.88885850670222,
              27.856396198703084
            ],
            [
              112.88943471936311,
              27.857093537365067
            ],
            [
              112.88934000728777,
              27.85742848182086
            ],
            [
              112.8897809821759,
              27.858500623384284
            ],
            [
              112.88984513805684,
              27.85865660422664
            ],
            [
              112.89086920041275,
              27.859153672682748
            ],
            [
              112.89145524064287,
              27.8594381292058
            ],
            [
              112.89171273822747,
              27.859409672309486
            ],
            [
              112.89221293634735,
              27.859354394542667
            ],
            [
              112.89269066041544,
              27.85967648113133
            ],
            [
              112.89355552513334,
              27.85953851096509
            ],
            [
              112.89442852679105,
              27.859388761080346
            ],
            [
              112.89470701800388,
              27.858963632455545
            ],
            [
              112.8949253301775,
              27.859079214852628
            ],
            [
              112.89651858216541,
              27.859928303651625
            ],
            [
              112.9000903097862,
              27.861917838163002
            ],
            [
              112.90143862263716,
              27.862562224665435
            ],
            [
              112.90446234918856,
              27.856591117549655
            ]
          ]
        ]
      }
    },
    {
      "type": "Feature",
      "properties": {
        "name": "金庭宝庆路学校",
        "isAssistFeature": false
      },
      "geometry": {
        "type": "Polygon",
        "coordinates": [
          [
            [
              112.87652256453958,
              27.82789997746268
            ],
            [
              112.87600758015012,
              27.82550895330562
            ],
            [
              112.87502678155661,
              27.82745309144313
            ],
            [
              112.87476303529087,
              27.827975881901953
            ],
            [
              112.87424805090144,
              27.830290948950562
            ],
            [
              112.87424144019927,
              27.830688469105425
            ],
            [
              112.87419016975272,
              27.833771550133246
            ],
            [
              112.87416222046929,
              27.83545223207829
            ],
            [
              112.87430429711634,
              27.835780820886406
            ],
            [
              112.87462801131714,
              27.836529491349705
            ],
            [
              112.87527801878201,
              27.838032780791377
            ],
            [
              112.87849666986858,
              27.842586541447197
            ],
            [
              112.87936602975617,
              27.84328134211492
            ],
            [
              112.88295986491612,
              27.846153520986928
            ],
            [
              112.88295986491612,
              27.84586943152478
            ],
            [
              112.88295986491612,
              27.845546384121466
            ],
            [
              112.88235905009452,
              27.844104419452297
            ],
            [
              112.88102768396139,
              27.84201763217289
            ],
            [
              112.88100412384645,
              27.84195967025107
            ],
            [
              112.8796553842957,
              27.838791754306992
            ],
            [
              112.87914220282504,
              27.837189301900672
            ],
            [
              112.87828209288993,
              27.834503484955203
            ],
            [
              112.87675668706217,
              27.83019344448903
            ],
            [
              112.87652256453958,
              27.82953191597583
            ],
            [
              112.87652256453958,
              27.82789997746268
            ]
          ]
        ]
      }
    },
    {
      "type": "Feature",
      "properties": {
        "name": "金庭宝庆路学校",
        "isAssistFeature": false
      },
      "geometry": {
        "type": "Polygon",
        "coordinates": [
          [
            [
              112.88477812062818,
              27.85572707118748
            ],
            [
              112.88506830880429,
              27.855681739212365
            ],
            [
              112.88489280494727,
              27.857156119085236
            ],
            [
              112.88607094274742,
              27.857474814566856
            ],
            [
              112.88938250119396,
              27.858416644176007
            ],
            [
              112.88949941962312,
              27.858448319450936
            ],
            [
              112.88956400849206,
              27.858464950892536
            ],
            [
              112.8897550343389,
              27.85850474848199
            ],
            [
              112.8897809821759,
              27.858500623384284
            ],
            [
              112.88934000728777,
              27.85742848182086
            ],
            [
              112.88943471936311,
              27.857093537365067
            ],
            [
              112.88885850670222,
              27.856396198703084
            ],
            [
              112.88883487651867,
              27.85636781963603
            ],
            [
              112.88870859405097,
              27.85553044717229
            ],
            [
              112.88829817625553,
              27.855028020907252
            ],
            [
              112.88959257222314,
              27.853185770819444
            ],
            [
              112.89026612902317,
              27.853037328222527
            ],
            [
              112.89035026792764,
              27.853018292564197
            ],
            [
              112.8910539551206,
              27.85225786742335
            ],
            [
              112.89176649610904,
              27.851479887073683
            ],
            [
              112.89188891761765,
              27.85134150140509
            ],
            [
              112.89202940244996,
              27.850505366502723
            ],
            [
              112.89136941200735,
              27.850108773585813
            ],
            [
              112.8912427854849,
              27.85010430425152
            ],
            [
              112.89082450922737,
              27.850089539641143
            ],
            [
              112.88958673676706,
              27.85017503996365
            ],
            [
              112.8887429150847,
              27.850208446761727
            ],
            [
              112.88829094302088,
              27.85022633996593
            ],
            [
              112.88655032510555,
              27.849867238645974
            ],
            [
              112.8848677275778,
              27.84911483104102
            ],
            [
              112.88354393154754,
              27.84824683392518
            ],
            [
              112.88314645039051,
              27.84798620905121
            ],
            [
              112.87912149935266,
              27.844800631408678
            ],
            [
              112.87888592874582,
              27.844614184883408
            ],
            [
              112.87741484314498,
              27.845342047253883
            ],
            [
              112.86900716814279,
              27.849501894760706
            ],
            [
              112.86933744184185,
              27.85016409101439
            ],
            [
              112.86998692379223,
              27.851466283058553
            ],
            [
              112.87003076337474,
              27.8515541793581
            ],
            [
              112.8700529598471,
              27.851711178103137
            ],
            [
              112.8702166472649,
              27.852868980038966
            ],
            [
              112.87064822397853,
              27.855000336433353
            ],
            [
              112.87218258780632,
              27.856532885439986
            ],
            [
              112.87260291851092,
              27.856951910518866
            ],
            [
              112.87286795116414,
              27.8572175277155
            ],
            [
              112.87668751049709,
              27.861054595088206
            ],
            [
              112.87674057847249,
              27.861108669591435
            ],
            [
              112.87632387785996,
              27.8614546113975
            ],
            [
              112.87890911336501,
              27.86177719684427
            ],
            [
              112.88106879356373,
              27.862046680190776
            ],
            [
              112.8810785717256,
              27.861953990791
            ],
            [
              112.8812924632897,
              27.859910804380416
            ],
            [
              112.88130683543594,
              27.859820552920432
            ],
            [
              112.88139686639032,
              27.859400404815382
            ],
            [
              112.88165808569516,
              27.858245678699298
            ],
            [
              112.88241737321437,
              27.857747996920665
            ],
            [
              112.88323477364756,
              27.85708754501474
            ],
            [
              112.88477812062818,
              27.85572707118748
            ]
          ]
        ]
      }
    },
    {
      "type": "Feature",
      "properties": {
        "name": "金陵学校",
        "isAssistFeature": false
      },
      "geometry": {
        "type": "Polygon",
        "coordinates": [
          [
            [
              112.79559679641213,
              27.88801242689568
            ],
            [
              112.79700094854117,
              27.886753507771314
            ],
            [
              112.79973048582019,
              27.884306246939367
            ],
            [
              112.80027095451591,
              27.882959134468635
            ],
            [
              112.80136781724079,
              27.88232751896278
            ],
            [
              112.80290025238563,
              27.88143558083384
            ],
            [
              112.80449867417799,
              27.881852444339824
            ],
            [
              112.8067160801169,
              27.88210152355651
            ],
            [
              112.80987395478462,
              27.88303646375709
            ],
            [
              112.81082327910553,
              27.883792265336563
            ],
            [
              112.81222671258233,
              27.884023137245133
            ],
            [
              112.81354376046814,
              27.88524739948287
            ],
            [
              112.81579988738903,
              27.884869650131787
            ],
            [
              112.81903587326566,
              27.884446421512163
            ],
            [
              112.8199502513254,
              27.88355914188691
            ],
            [
              112.81948160473324,
              27.881953916980287
            ],
            [
              112.81923824573289,
              27.88197643494639
            ],
            [
              112.81902191793773,
              27.88149555755727
            ],
            [
              112.81899944298765,
              27.881445597601648
            ],
            [
              112.81800402790614,
              27.87923285322159
            ],
            [
              112.8175865439627,
              27.87830479961738
            ],
            [
              112.81851083403326,
              27.87732014336839
            ],
            [
              112.81979694214405,
              27.875950023776127
            ],
            [
              112.81774788857425,
              27.87447196328576
            ],
            [
              112.81732905176796,
              27.87416983802723
            ],
            [
              112.817315264425,
              27.872532779783807
            ],
            [
              112.82089095181956,
              27.8705278024094
            ],
            [
              112.82177434429019,
              27.870156908967317
            ],
            [
              112.82186200279392,
              27.870120597075463
            ],
            [
              112.82249796869256,
              27.86986349668476
            ],
            [
              112.82282814537356,
              27.869240817347936
            ],
            [
              112.82280205739939,
              27.86773088953243
            ],
            [
              112.82334449340563,
              27.866780896852738
            ],
            [
              112.82375271841344,
              27.866060463924583
            ],
            [
              112.82343507233236,
              27.86587246089087
            ],
            [
              112.82246254542599,
              27.865290872808977
            ],
            [
              112.81964007293925,
              27.863673280444686
            ],
            [
              112.81839429289649,
              27.86308818859187
            ],
            [
              112.81681760135083,
              27.86305377081183
            ],
            [
              112.81265029339163,
              27.861975972078486
            ],
            [
              112.80913830912709,
              27.861067652294693
            ],
            [
              112.8087262599911,
              27.858352973533552
            ],
            [
              112.80838110120781,
              27.84903201373374
            ],
            [
              112.81237901834548,
              27.84926583894661
            ],
            [
              112.81239220381724,
              27.847913462377964
            ],
            [
              112.81239600638581,
              27.84767034112969
            ],
            [
              112.81241305640992,
              27.846891361217757
            ],
            [
              112.81234428318841,
              27.844064321888265
            ],
            [
              112.81264347248366,
              27.842360917513698
            ],
            [
              112.80871447678955,
              27.842421205790863
            ],
            [
              112.80824890333396,
              27.83872486614802
            ],
            [
              112.80547320612408,
              27.839430211048345
            ],
            [
              112.78858542136508,
              27.843718458039024
            ],
            [
              112.78709039476361,
              27.844681170287956
            ],
            [
              112.78475035441538,
              27.845715716688023
            ],
            [
              112.78299399621964,
              27.84630695640612
            ],
            [
              112.7817056584903,
              27.846740643893398
            ],
            [
              112.77907311321081,
              27.84786138050202
            ],
            [
              112.777879644762,
              27.848092216977943
            ],
            [
              112.77647306808002,
              27.848364272062142
            ],
            [
              112.7754980510437,
              27.84845048144666
            ],
            [
              112.77455553505432,
              27.84857979618918
            ],
            [
              112.77200424149402,
              27.84845048144666
            ],
            [
              112.7711917269976,
              27.848349903560003
            ],
            [
              112.7693066950189,
              27.848105642703214
            ],
            [
              112.76753541400964,
              27.847645854947267
            ],
            [
              112.76752049389108,
              27.847008645936278
            ],
            [
              112.76649555118621,
              27.847387624195143
            ],
            [
              112.76543281635732,
              27.847780574156268
            ],
            [
              112.76583137279773,
              27.848502153986697
            ],
            [
              112.76399042115004,
              27.849475439200916
            ],
            [
              112.76304669243503,
              27.8497649289796
            ],
            [
              112.76268087779007,
              27.849861395218596
            ],
            [
              112.76102971411075,
              27.85175759271781
            ],
            [
              112.76074503081068,
              27.853234254600224
            ],
            [
              112.75698721089059,
              27.854207497341555
            ],
            [
              112.75799309224345,
              27.85561700746676
            ],
            [
              112.75892305786996,
              27.85526463125628
            ],
            [
              112.76062828216313,
              27.85532611640955
            ],
            [
              112.76222265255355,
              27.8548398899277
            ],
            [
              112.76230282359941,
              27.854815440310407
            ],
            [
              112.7636269466164,
              27.85502407993861
            ],
            [
              112.76588543430987,
              27.856047646029182
            ],
            [
              112.7667710258563,
              27.85504580847782
            ],
            [
              112.7716170586234,
              27.856131544473573
            ],
            [
              112.77147771375314,
              27.85743549392084
            ],
            [
              112.77185729148657,
              27.858173788710367
            ],
            [
              112.77162954520583,
              27.858861740386338
            ],
            [
              112.77230710489876,
              27.8602399830361
            ],
            [
              112.7724646155007,
              27.861244369568716
            ],
            [
              112.77341356073256,
              27.861814850519647
            ],
            [
              112.7733756024202,
              27.86265378740637
            ],
            [
              112.7712120091601,
              27.86278801702329
            ],
            [
              112.77062449209966,
              27.86289313371194
            ],
            [
              112.7706176586153,
              27.86302260276984
            ],
            [
              112.77055156237334,
              27.863979053978955
            ],
            [
              112.7705097907126,
              27.864532982944613
            ],
            [
              112.77070488952094,
              27.865049544819236
            ],
            [
              112.77153180401135,
              27.867245328593917
            ],
            [
              112.77154553835372,
              27.867267474783503
            ],
            [
              112.77177791724635,
              27.867729817447778
            ],
            [
              112.77209917994479,
              27.868353847551262
            ],
            [
              112.7721803651886,
              27.868430534490496
            ],
            [
              112.77335971212115,
              27.86978006787198
            ],
            [
              112.77380695455504,
              27.870692677502156
            ],
            [
              112.77426737168084,
              27.871131379137793
            ],
            [
              112.77559042480436,
              27.87171304069485
            ],
            [
              112.7764285691341,
              27.873068790681053
            ],
            [
              112.77788899263085,
              27.87417098072215
            ],
            [
              112.77788577576382,
              27.874193275579064
            ],
            [
              112.77761530560821,
              27.875081703946634
            ],
            [
              112.77709171446001,
              27.875368970999332
            ],
            [
              112.77578624226493,
              27.875589827674233
            ],
            [
              112.77538175335037,
              27.87590765581377
            ],
            [
              112.77536874125347,
              27.875936484770172
            ],
            [
              112.77506609883427,
              27.876590650281102
            ],
            [
              112.77440783675026,
              27.87718082510528
            ],
            [
              112.77447499839414,
              27.877752351314374
            ],
            [
              112.77452181589182,
              27.878180503064442
            ],
            [
              112.77367570350549,
              27.878561523443448
            ],
            [
              112.77350478914123,
              27.878639484765003
            ],
            [
              112.77308749474228,
              27.879639078590976
            ],
            [
              112.77715497561894,
              27.880774141788
            ],
            [
              112.77766177006794,
              27.882299814465856
            ],
            [
              112.77839605926941,
              27.88271941800819
            ],
            [
              112.78017764754819,
              27.883737484360463
            ],
            [
              112.7820491005931,
              27.884806893060432
            ],
            [
              112.78389614192012,
              27.884402227463873
            ],
            [
              112.78437850129507,
              27.885549223085178
            ],
            [
              112.78460783759387,
              27.88609455308644
            ],
            [
              112.78490471911718,
              27.88720792816606
            ],
            [
              112.78517295246775,
              27.888213858313836
            ],
            [
              112.78885357476558,
              27.888008057579047
            ],
            [
              112.79131159535164,
              27.89185431470681
            ],
            [
              112.7933378047638,
              27.890037738210285
            ],
            [
              112.79559679641213,
              27.88801242689568
            ]
          ]
        ]
      }
    },
    {
      "type": "Feature",
      "properties": {
        "name": "长城中学（小学部）",
        "isAssistFeature": false
      },
      "geometry": {
        "type": "Polygon",
        "coordinates": [
          [
            [
              112.84766601141388,
              27.882551571704585
            ],
            [
              112.8459019447747,
              27.878467830188107
            ],
            [
              112.84587533128608,
              27.87847346641227
            ],
            [
              112.8450541112163,
              27.878647392776656
            ],
            [
              112.84495611939185,
              27.87687423123071
            ],
            [
              112.84375877830581,
              27.875268662665682
            ],
            [
              112.84318181914492,
              27.875563777903437
            ],
            [
              112.84315074731757,
              27.87557967140098
            ],
            [
              112.84106193790655,
              27.875118494595696
            ],
            [
              112.84138046253999,
              27.873973454727974
            ],
            [
              112.84138954181255,
              27.872904776831042
            ],
            [
              112.84139005654723,
              27.87284415689474
            ],
            [
              112.85026295645865,
              27.87328172140798
            ],
            [
              112.85111235488228,
              27.87448308130259
            ],
            [
              112.85247139271941,
              27.87448308130259
            ],
            [
              112.85281115172954,
              27.873431892024094
            ],
            [
              112.85400030916333,
              27.87328172140798
            ],
            [
              112.85444943626266,
              27.873390902420464
            ],
            [
              112.85569910601062,
              27.873694690299995
            ],
            [
              112.85722802335282,
              27.873919945684513
            ],
            [
              112.8583536231836,
              27.87383744273027
            ],
            [
              112.85833549518118,
              27.873189734864354
            ],
            [
              112.85833790625938,
              27.868036248197654
            ],
            [
              112.85766947524635,
              27.866165013593946
            ],
            [
              112.85504091040194,
              27.86584253094619
            ],
            [
              112.85488460174587,
              27.865823354589285
            ],
            [
              112.85475744970897,
              27.86430560192753
            ],
            [
              112.85433873237861,
              27.86427644903481
            ],
            [
              112.85367834847392,
              27.864230108871986
            ],
            [
              112.85106545024803,
              27.864371534815884
            ],
            [
              112.84993668205924,
              27.86443263042985
            ],
            [
              112.84801981558347,
              27.86448693752507
            ],
            [
              112.84790240847079,
              27.86448929618193
            ],
            [
              112.84629965410382,
              27.864521498593014
            ],
            [
              112.84569609403071,
              27.864533625420247
            ],
            [
              112.84568675694165,
              27.86455884079841
            ],
            [
              112.84358192248425,
              27.87021810137844
            ],
            [
              112.84265785789083,
              27.870351469537873
            ],
            [
              112.84189115118573,
              27.86971664611236
            ],
            [
              112.84186907059605,
              27.86969836303458
            ],
            [
              112.84190985860153,
              27.86955127876609
            ],
            [
              112.84202314693864,
              27.869142746747503
            ],
            [
              112.84196480405589,
              27.869084472939445
            ],
            [
              112.84080953736284,
              27.86791557541483
            ],
            [
              112.84027330332533,
              27.86790816851337
            ],
            [
              112.83973805294308,
              27.86790077511173
            ],
            [
              112.8397425022987,
              27.86794719629497
            ],
            [
              112.83978619815076,
              27.868278336668403
            ],
            [
              112.83987576647279,
              27.86897390739331
            ],
            [
              112.83771384048582,
              27.869427714675506
            ],
            [
              112.83767405769515,
              27.869419575694735
            ],
            [
              112.83725839194182,
              27.869350213669872
            ],
            [
              112.82971144132237,
              27.868131109116458
            ],
            [
              112.82930942277483,
              27.868024384620945
            ],
            [
              112.82792552765548,
              27.867656999843927
            ],
            [
              112.82709370297376,
              27.867539164888704
            ],
            [
              112.82679977241614,
              27.867409520162802
            ],
            [
              112.82585129520656,
              27.866991171619247
            ],
            [
              112.82564095737771,
              27.866898052052047
            ],
            [
              112.82375271841344,
              27.866060463924583
            ],
            [
              112.82334449340563,
              27.866780896852738
            ],
            [
              112.82280205739939,
              27.86773088953243
            ],
            [
              112.82282814537356,
              27.869240817347936
            ],
            [
              112.82249796869256,
              27.86986349668476
            ],
            [
              112.82186200279392,
              27.870120597075463
            ],
            [
              112.82177434429019,
              27.870156908967317
            ],
            [
              112.82089095181956,
              27.8705278024094
            ],
            [
              112.817315264425,
              27.872532779783807
            ],
            [
              112.81732905176796,
              27.87416983802723
            ],
            [
              112.81774788857425,
              27.87447196328576
            ],
            [
              112.81979694214405,
              27.875950023776127
            ],
            [
              112.81851083403326,
              27.87732014336839
            ],
            [
              112.8175865439627,
              27.87830479961738
            ],
            [
              112.81800402790614,
              27.87923285322159
            ],
            [
              112.81899944298765,
              27.881445597601648
            ],
            [
              112.81902191793773,
              27.88149555755727
            ],
            [
              112.81923824573289,
              27.88197643494639
            ],
            [
              112.81948160473324,
              27.881953916980287
            ],
            [
              112.82131187810718,
              27.881784561620073
            ],
            [
              112.82269338370789,
              27.881784561620073
            ],
            [
              112.82372399568055,
              27.88260946666332
            ],
            [
              112.82470103841786,
              27.88214475141383
            ],
            [
              112.82522547488071,
              27.88145333469066
            ],
            [
              112.82770551137776,
              27.88166946159976
            ],
            [
              112.82827600536358,
              27.88166946159976
            ],
            [
              112.82993185824868,
              27.882232235346198
            ],
            [
              112.83246717347507,
              27.88309390586281
            ],
            [
              112.83342222275927,
              27.884488025468944
            ],
            [
              112.83350845473834,
              27.884613937745403
            ],
            [
              112.8338037938543,
              27.885857687689057
            ],
            [
              112.83414836873266,
              27.886302316258025
            ],
            [
              112.83454136819472,
              27.88680942898913
            ],
            [
              112.83449300020487,
              27.887986893029293
            ],
            [
              112.83516435343752,
              27.888008456955095
            ],
            [
              112.8365586043355,
              27.88806166208671
            ],
            [
              112.83677714917276,
              27.888965893631514
            ],
            [
              112.83825673193789,
              27.889309464592145
            ],
            [
              112.8389062597024,
              27.889459794806054
            ],
            [
              112.83932641793044,
              27.889983188264463
            ],
            [
              112.84001383843027,
              27.890839506101425
            ],
            [
              112.84007914325646,
              27.891924849289644
            ],
            [
              112.8402763045967,
              27.892351834259582
            ],
            [
              112.84051794422162,
              27.8928711915724
            ],
            [
              112.84179646066995,
              27.893874053694514
            ],
            [
              112.84183212019347,
              27.893982012709007
            ],
            [
              112.8421310831133,
              27.89483155440918
            ],
            [
              112.84254264356576,
              27.89519257968596
            ],
            [
              112.84348208731687,
              27.8960166648625
            ],
            [
              112.84506024042146,
              27.89705375001383
            ],
            [
              112.84512240024587,
              27.897097992090295
            ],
            [
              112.84651148583097,
              27.895677501663272
            ],
            [
              112.84659731626309,
              27.894653424725306
            ],
            [
              112.8457685548365,
              27.893774460379973
            ],
            [
              112.84573900924678,
              27.89374312492094
            ],
            [
              112.84763655745235,
              27.89312119421236
            ],
            [
              112.84736307883882,
              27.890307009138922
            ],
            [
              112.84654609612221,
              27.889547785737395
            ],
            [
              112.84706200218316,
              27.888257421175243
            ],
            [
              112.84722843395417,
              27.88719501623485
            ],
            [
              112.84763913292227,
              27.886496955018703
            ],
            [
              112.84781465564397,
              27.883658982011028
            ],
            [
              112.84718369875132,
              27.883293905279984
            ],
            [
              112.84766601141388,
              27.882551571704585
            ]
          ]
        ]
      }
    },
    {
      "type": "Feature",
      "properties": {
        "name": "长郡湘潭高新实验学校教育集团长郡实校小学部",
        "isAssistFeature": false
      },
      "geometry": {
        "type": "Polygon",
        "coordinates": [
          [
            [
              113.01569675487762,
              27.87535261055129
            ],
            [
              113.0182327097045,
              27.873963573058678
            ],
            [
              113.02085565019695,
              27.875297845158343
            ],
            [
              113.0217694317753,
              27.875603481070886
            ],
            [
              113.02330063263497,
              27.875079532923934
            ],
            [
              113.02480713701084,
              27.87296188602421
            ],
            [
              113.02609705936833,
              27.87302270044867
            ],
            [
              113.02665939665137,
              27.873049212201373
            ],
            [
              113.02897319721015,
              27.872071973560235
            ],
            [
              113.03026512820061,
              27.87180480376001
            ],
            [
              113.03190252340158,
              27.8707471021656
            ],
            [
              113.03206799397525,
              27.87005824122385
            ],
            [
              113.03260792637676,
              27.86979307082104
            ],
            [
              113.03273480712242,
              27.86973075686944
            ],
            [
              113.03282879605398,
              27.869682772029005
            ],
            [
              113.03269396611637,
              27.86872800309623
            ],
            [
              113.03285396594991,
              27.867318002735097
            ],
            [
              113.03331996610527,
              27.866426002959255
            ],
            [
              113.03403696543243,
              27.865648002781345
            ],
            [
              113.0360129662067,
              27.865404003259247
            ],
            [
              113.03677596556464,
              27.865417002762687
            ],
            [
              113.03698196542896,
              27.86502600284322
            ],
            [
              113.03699696549756,
              27.864067002872584
            ],
            [
              113.03659396598977,
              27.86242300337482
            ],
            [
              113.0362809659953,
              27.859538003473304
            ],
            [
              113.0365619662027,
              27.858469002924743
            ],
            [
              113.03966108566097,
              27.85205703155442
            ],
            [
              113.03614866032363,
              27.850458925935584
            ],
            [
              113.03438386245581,
              27.84965595847528
            ],
            [
              113.03201355786567,
              27.847903120031866
            ],
            [
              113.0307201356718,
              27.8466877560432
            ],
            [
              113.02582921768322,
              27.842091879308118
            ],
            [
              113.0200352152547,
              27.83779693673477
            ],
            [
              113.01178661661795,
              27.833818310832733
            ],
            [
              113.01025640210845,
              27.833080211684837
            ],
            [
              113.00935218489293,
              27.83231135326602
            ],
            [
              113.00695446461862,
              27.830272539268403
            ],
            [
              113.00352553139878,
              27.82420772001528
            ],
            [
              112.99665295953781,
              27.819241391845377
            ],
            [
              112.99531982462187,
              27.818532821961863
            ],
            [
              112.9927354362282,
              27.81715918825346
            ],
            [
              112.98777470476898,
              27.814522452537968
            ],
            [
              112.97937580810374,
              27.812349196123385
            ],
            [
              112.97172555122661,
              27.81036961569348
            ],
            [
              112.96710149486117,
              27.80874713930741
            ],
            [
              112.96656079709503,
              27.808557419193164
            ],
            [
              112.96619900420761,
              27.80848228700914
            ],
            [
              112.9558084087085,
              27.806324490787677
            ],
            [
              112.9556624010338,
              27.806711618928638
            ],
            [
              112.95339298263997,
              27.81272864343338
            ],
            [
              112.95289237309169,
              27.81405589133669
            ],
            [
              112.9514765105246,
              27.817750665399632
            ],
            [
              112.9514639502803,
              27.817797630831972
            ],
            [
              112.95131190233363,
              27.818310016952655
            ],
            [
              112.95128400694911,
              27.821170755300216
            ],
            [
              112.95127913089377,
              27.821670839756933
            ],
            [
              112.95127504266091,
              27.822090084513814
            ],
            [
              112.95122844794543,
              27.827959458691744
            ],
            [
              112.95122081855371,
              27.830412488999556
            ],
            [
              112.95120328433767,
              27.833108241753038
            ],
            [
              112.95137077612071,
              27.83367368020362
            ],
            [
              112.95137039523505,
              27.837015386061175
            ],
            [
              112.95136991733132,
              27.84120403999622
            ],
            [
              112.95139831487407,
              27.84138117886635
            ],
            [
              112.95688958954344,
              27.84209619725658
            ],
            [
              112.96318142842098,
              27.84291545417688
            ],
            [
              112.96419752811018,
              27.86139664000995
            ],
            [
              112.97184676539946,
              27.85973177461782
            ],
            [
              112.9815330152405,
              27.857623513972012
            ],
            [
              112.9833076784068,
              27.857237245660322
            ],
            [
              112.9864065714896,
              27.856562744887356
            ],
            [
              112.98620300336474,
              27.858668576046252
            ],
            [
              112.98581053211205,
              27.86267543182223
            ],
            [
              112.98576856012704,
              27.863105861273503
            ],
            [
              112.98568078574061,
              27.864005997587206
            ],
            [
              112.98558588142579,
              27.864131440496852
            ],
            [
              112.98660015663667,
              27.865327005252094
            ],
            [
              112.98761369163577,
              27.868578781299256
            ],
            [
              112.98779350471123,
              27.868633476234635
            ],
            [
              112.98783215562466,
              27.86864523333123
            ],
            [
              112.98906058650434,
              27.869018896305207
            ],
            [
              112.98943397843871,
              27.871054404259034
            ],
            [
              112.98935618882669,
              27.87189335299939
            ],
            [
              112.98921616662672,
              27.872581010327476
            ],
            [
              112.99159654133118,
              27.87248473900899
            ],
            [
              112.99495793651305,
              27.872409479559103
            ],
            [
              112.99559250642974,
              27.87249352018798
            ],
            [
              112.99710873776353,
              27.872925110524715
            ],
            [
              112.99927105900922,
              27.873540605163765
            ],
            [
              112.99940521251541,
              27.87357879155925
            ],
            [
              113.00041879602352,
              27.873867302174713
            ],
            [
              113.00179384363567,
              27.873792396262267
            ],
            [
              113.00597300217012,
              27.873564736889918
            ],
            [
              113.00657976473721,
              27.872230688822395
            ],
            [
              113.00945799565362,
              27.872560763920376
            ],
            [
              113.00868009504175,
              27.87568267613728
            ],
            [
              113.01144404318603,
              27.877866761486988
            ],
            [
              113.01495915718101,
              27.878191254638914
            ],
            [
              113.01519932356885,
              27.87820599795209
            ],
            [
              113.01691027911349,
              27.878281908473987
            ],
            [
              113.01569675487762,
              27.87535261055129
            ]
          ]
        ]
      }
    },
    {
      "type": "Feature",
      "properties": {
        "name": "长郡湘潭高新实验学校教育集团高才校区",
        "isAssistFeature": false
      },
      "geometry": {
        "type": "Polygon",
        "coordinates": [
          [
            [
              112.98667215391178,
              27.84422378906837
            ],
            [
              112.98918459623435,
              27.844469826795475
            ],
            [
              112.99142985533696,
              27.84542308020344
            ],
            [
              112.9951205746986,
              27.839617153415904
            ],
            [
              112.9910723725663,
              27.837547823212255
            ],
            [
              112.99246884679458,
              27.834851928929144
            ],
            [
              112.99566404286911,
              27.832791278733737
            ],
            [
              112.99432149810058,
              27.832420521522074
            ],
            [
              112.99359151721922,
              27.832133616500244
            ],
            [
              112.99007760696675,
              27.832294249119762
            ],
            [
              112.98666798393221,
              27.832217407929033
            ],
            [
              112.98667215391178,
              27.84422378906837
            ]
          ]
        ]
      }
    },
    {
      "type": "Feature",
      "properties": {
        "name": "长郡湘潭高新实验小学（万达旁）",
        "isAssistFeature": false
      },
      "geometry": {
        "type": "Polygon",
        "coordinates": [
          [
            [
              112.95131190233363,
              27.818310016952655
            ],
            [
              112.9514639502803,
              27.817797630831972
            ],
            [
              112.9514765105246,
              27.817750665399632
            ],
            [
              112.94591082660362,
              27.81795577086413
            ],
            [
              112.9459084272035,
              27.817368978445554
            ],
            [
              112.94607873700159,
              27.816856839743977
            ],
            [
              112.94569363103591,
              27.815774829460906
            ],
            [
              112.94550051211446,
              27.81545219778098
            ],
            [
              112.94513573232871,
              27.81519598954092
            ],
            [
              112.9442774262107,
              27.815177011599527
            ],
            [
              112.94404139117485,
              27.81503467296094
            ],
            [
              112.94321895478616,
              27.818057357338436
            ],
            [
              112.93783907750023,
              27.818225974055082
            ],
            [
              112.9362513267951,
              27.818275736712625
            ],
            [
              112.936220939484,
              27.81827486435279
            ],
            [
              112.93554744736268,
              27.818216093661388
            ],
            [
              112.93128896669032,
              27.823034857398106
            ],
            [
              112.93102095522359,
              27.823334029924258
            ],
            [
              112.93054972328007,
              27.823859442070955
            ],
            [
              112.9298929209584,
              27.824604174049018
            ],
            [
              112.92917135998623,
              27.82542232767333
            ],
            [
              112.92878912952779,
              27.825852577669178
            ],
            [
              112.92818607340956,
              27.827294016691358
            ],
            [
              112.92749986563535,
              27.828934184983407
            ],
            [
              112.92744805889463,
              27.82905801209819
            ],
            [
              112.9273307676646,
              27.82933835700301
            ],
            [
              112.9273193123481,
              27.829368040426637
            ],
            [
              112.92726010438771,
              27.829554819797224
            ],
            [
              112.92676953081782,
              27.83110740973238
            ],
            [
              112.92674470138333,
              27.83117106538854
            ],
            [
              112.93160280121965,
              27.831669990026377
            ],
            [
              112.94264178991108,
              27.83280245742726
            ],
            [
              112.94666367499882,
              27.83321408548142
            ],
            [
              112.94854037330667,
              27.833415795113957
            ],
            [
              112.95116201932679,
              27.833679963798595
            ],
            [
              112.95116873243691,
              27.832991594995605
            ],
            [
              112.95122844794543,
              27.827959458691744
            ],
            [
              112.95127504266091,
              27.822090084513814
            ],
            [
              112.95127913089377,
              27.821670839756933
            ],
            [
              112.95128400694911,
              27.821170755300216
            ],
            [
              112.95131190233363,
              27.818310016952655
            ]
          ]
        ]
      }
    },
    {
      "type": "Feature",
      "properties": {
        "name": "长龙学校",
        "isAssistFeature": false
      },
      "geometry": {
        "type": "Polygon",
        "coordinates": [
          [
            [
              112.76634475279609,
              28.00265680256658
            ],
            [
              112.7664042554039,
              28.00243817488828
            ],
            [
              112.76764249408983,
              28.002502484844204
            ],
            [
              112.76846798654714,
              28.00173075887425
            ],
            [
              112.77101730291551,
              28.001173397218928
            ],
            [
              112.7707745107521,
              27.999737107009945
            ],
            [
              112.77143004914419,
              27.999115423896555
            ],
            [
              112.77339666342206,
              27.998000671440806
            ],
            [
              112.77422215587934,
              27.996735842480152
            ],
            [
              112.77413093735215,
              27.99490895250914
            ],
            [
              112.77582140412177,
              27.994489985155035
            ],
            [
              112.77764898704145,
              27.995019141804505
            ],
            [
              112.77894104469436,
              27.99423103564844
            ],
            [
              112.77900054730218,
              27.994110943130902
            ],
            [
              112.77982293518185,
              27.99275052220183
            ],
            [
              112.77991405219942,
              27.992738773839434
            ],
            [
              112.78078347856231,
              27.992626675312952
            ],
            [
              112.78184514709099,
              27.9924913416552
            ],
            [
              112.78188143902847,
              27.992487354928468
            ],
            [
              112.78264796337554,
              27.992866131381632
            ],
            [
              112.78314560758507,
              27.993112475206402
            ],
            [
              112.7831747201868,
              27.99313410303194
            ],
            [
              112.78480875658694,
              27.993065704800742
            ],
            [
              112.78512936441352,
              27.993664914632404
            ],
            [
              112.786054885176,
              27.99545157799764
            ],
            [
              112.78603566661883,
              27.99547212898322
            ],
            [
              112.78542610130808,
              27.996123964965953
            ],
            [
              112.7849536449608,
              27.996629181463273
            ],
            [
              112.78498985964315,
              27.996654603203858
            ],
            [
              112.78503746226836,
              27.996694034254975
            ],
            [
              112.78550956018783,
              27.99705213975063
            ],
            [
              112.78611511811411,
              27.99750193692481
            ],
            [
              112.78625388626598,
              27.997609830477337
            ],
            [
              112.78719715145026,
              27.998619046304892
            ],
            [
              112.78770824972781,
              27.998894437273613
            ],
            [
              112.78938022557563,
              27.999814851649663
            ],
            [
              112.78947376984111,
              27.999739837091596
            ],
            [
              112.79160628588396,
              27.998031462685333
            ],
            [
              112.79486332018604,
              27.995419953950243
            ],
            [
              112.7954286578421,
              27.994978593311817
            ],
            [
              112.79650668918364,
              27.99431360695998
            ],
            [
              112.79783084992987,
              27.994381427738038
            ],
            [
              112.798814653388,
              27.994431816179972
            ],
            [
              112.800557361683,
              27.994584004599176
            ],
            [
              112.80076383945105,
              27.994602035737785
            ],
            [
              112.80132484093927,
              27.994818293358342
            ],
            [
              112.80219895381299,
              27.99515525041862
            ],
            [
              112.80376267278763,
              27.995466270417904
            ],
            [
              112.80473726581916,
              27.99556083631701
            ],
            [
              112.80593140980105,
              27.9950927342656
            ],
            [
              112.8059719372951,
              27.995030604365652
            ],
            [
              112.80651526712501,
              27.994204820921414
            ],
            [
              112.80751261538101,
              27.994069335362557
            ],
            [
              112.80796988391177,
              27.992983446647138
            ],
            [
              112.80619693922263,
              27.992051261979377
            ],
            [
              112.8057594614759,
              27.991821076113876
            ],
            [
              112.80424701025284,
              27.991025272854614
            ],
            [
              112.80230251429391,
              27.990002132004523
            ],
            [
              112.80094182625157,
              27.98928616965049
            ],
            [
              112.80041690469844,
              27.988024493145797
            ],
            [
              112.79978502523603,
              27.986790314603866
            ],
            [
              112.80141284888765,
              27.985397212855258
            ],
            [
              112.80152001520611,
              27.985305498584037
            ],
            [
              112.8030515178997,
              27.984454320742593
            ],
            [
              112.80379205757887,
              27.98347145300934
            ],
            [
              112.8039564968866,
              27.983253202890772
            ],
            [
              112.80515671078487,
              27.982638302556282
            ],
            [
              112.80535948210408,
              27.98253441760495
            ],
            [
              112.80516670633905,
              27.98165011585122
            ],
            [
              112.80510507023247,
              27.980628064889906
            ],
            [
              112.80508638257959,
              27.98031817459449
            ],
            [
              112.80471219743285,
              27.97972672852965
            ],
            [
              112.80415998326474,
              27.978852186194008
            ],
            [
              112.80376266290615,
              27.97877029243717
            ],
            [
              112.80315819643295,
              27.978645702012635
            ],
            [
              112.80194840739203,
              27.978398197819292
            ],
            [
              112.80195241387821,
              27.97805397545832
            ],
            [
              112.8019555750497,
              27.97778237968766
            ],
            [
              112.8019661131863,
              27.976876882301315
            ],
            [
              112.80233810824039,
              27.976467218168256
            ],
            [
              112.80285502670264,
              27.97589795109564
            ],
            [
              112.80264420468188,
              27.97585898209743
            ],
            [
              112.80170372247834,
              27.975685139098786
            ],
            [
              112.8005631270705,
              27.974554862014887
            ],
            [
              112.80054840278468,
              27.973444255575355
            ],
            [
              112.80054706249828,
              27.973343162334196
            ],
            [
              112.79999645631455,
              27.973119281849502
            ],
            [
              112.79946537142027,
              27.972903338514097
            ],
            [
              112.79948191569285,
              27.972813669227488
            ],
            [
              112.79948966635715,
              27.972775247330727
            ],
            [
              112.7996496958351,
              27.971640622217006
            ],
            [
              112.79893749351153,
              27.971361590646385
            ],
            [
              112.79791470676336,
              27.972387856516843
            ],
            [
              112.79677241892954,
              27.97199010050185
            ],
            [
              112.79630987638973,
              27.971006336116112
            ],
            [
              112.79600224562576,
              27.969630646093417
            ],
            [
              112.7957972087554,
              27.968235686705167
            ],
            [
              112.79587613024466,
              27.96769288617346
            ],
            [
              112.79604888974858,
              27.966504678516404
            ],
            [
              112.79513781389582,
              27.96605454892106
            ],
            [
              112.7947099831569,
              27.965843172633335
            ],
            [
              112.79465125849015,
              27.965814158971455
            ],
            [
              112.79488521033286,
              27.965381748326035
            ],
            [
              112.79523666540801,
              27.964730214463284
            ],
            [
              112.795314922144,
              27.964307053224406
            ],
            [
              112.79429596221888,
              27.963978918721605
            ],
            [
              112.79426354830849,
              27.962353278875646
            ],
            [
              112.79226550377543,
              27.962251568259084
            ],
            [
              112.7905099199275,
              27.964797031123233
            ],
            [
              112.78935935501663,
              27.96547407857022
            ],
            [
              112.78929633280956,
              27.965511973856483
            ],
            [
              112.7876609543264,
              27.964654574872636
            ],
            [
              112.7868583769937,
              27.96423353337795
            ],
            [
              112.78662402540068,
              27.96411092798717
            ],
            [
              112.78576082975259,
              27.96440046503594
            ],
            [
              112.78553096524445,
              27.964477567089972
            ],
            [
              112.78509051946399,
              27.964625303027933
            ],
            [
              112.78516618995027,
              27.964476530081356
            ],
            [
              112.78575926488737,
              27.96327363939792
            ],
            [
              112.78577651793073,
              27.963235732217584
            ],
            [
              112.78480313403156,
              27.96302723931389
            ],
            [
              112.78474467796109,
              27.96297244848754
            ],
            [
              112.78316118796536,
              27.961454677983067
            ],
            [
              112.78175286226355,
              27.961277520544265
            ],
            [
              112.78062956481482,
              27.96019604414681
            ],
            [
              112.77740832298694,
              27.959661417096736
            ],
            [
              112.77737548417342,
              27.959564797181013
            ],
            [
              112.77728602005595,
              27.959303494505686
            ],
            [
              112.7770610989768,
              27.95822358289464
            ],
            [
              112.77711855612068,
              27.95797574620187
            ],
            [
              112.7772044853675,
              27.957615219384074
            ],
            [
              112.77697560092132,
              27.957431917294773
            ],
            [
              112.77650994392243,
              27.95705901194217
            ],
            [
              112.77624337515007,
              27.956845601797177
            ],
            [
              112.77568018356924,
              27.956394198839824
            ],
            [
              112.77547254338118,
              27.956284230345013
            ],
            [
              112.77540277213139,
              27.956246809498065
            ],
            [
              112.77451802410299,
              27.956704464930546
            ],
            [
              112.7736810116505,
              27.957057797915972
            ],
            [
              112.77366580047781,
              27.957150182096406
            ],
            [
              112.77365907748622,
              27.957191529563758
            ],
            [
              112.77365422209209,
              27.95722394401829
            ],
            [
              112.7733658754623,
              27.95900881084664
            ],
            [
              112.77333478746529,
              27.95920468430511
            ],
            [
              112.77329614553501,
              27.959449054707775
            ],
            [
              112.77294763423909,
              27.960070323810086
            ],
            [
              112.7728395848767,
              27.960262935818477
            ],
            [
              112.77320662751866,
              27.960786639585553
            ],
            [
              112.77326490482439,
              27.96123275407702
            ],
            [
              112.77335580265306,
              27.961928568239443
            ],
            [
              112.77340725725419,
              27.962322447292276
            ],
            [
              112.77321973393863,
              27.962504569164146
            ],
            [
              112.7731955045788,
              27.962529331665774
            ],
            [
              112.77290695942133,
              27.96280116102127
            ],
            [
              112.77200685648981,
              27.961957096564042
            ],
            [
              112.77067897312502,
              27.960579828043336
            ],
            [
              112.77143798396308,
              27.959575696184803
            ],
            [
              112.77181993414716,
              27.958389877168788
            ],
            [
              112.77100020348409,
              27.957105632918143
            ],
            [
              112.77157984052286,
              27.955803738860393
            ],
            [
              112.77169229342675,
              27.954583381824037
            ],
            [
              112.77283288883457,
              27.95367520052549
            ],
            [
              112.77448755504521,
              27.952908916166397
            ],
            [
              112.77537018484615,
              27.95229125126368
            ],
            [
              112.77562722069669,
              27.95099990144836
            ],
            [
              112.7773836300964,
              27.951283715857677
            ],
            [
              112.77909184488112,
              27.95083434250003
            ],
            [
              112.779187493001,
              27.95047866172516
            ],
            [
              112.77929133645121,
              27.950092506553005
            ],
            [
              112.7794238487354,
              27.949599738492477
            ],
            [
              112.77938728909997,
              27.94953922024685
            ],
            [
              112.77927487123037,
              27.94935313341222
            ],
            [
              112.77861156780101,
              27.948255154013214
            ],
            [
              112.77581987429085,
              27.947710812710397
            ],
            [
              112.77587521141069,
              27.94614538855113
            ],
            [
              112.77702143476375,
              27.944722235572836
            ],
            [
              112.77860648692976,
              27.94440528966178
            ],
            [
              112.7787250843102,
              27.942459055315425
            ],
            [
              112.77728933034778,
              27.940090010667014
            ],
            [
              112.77582783785586,
              27.940200647203273
            ],
            [
              112.77459496121384,
              27.940061113092973
            ],
            [
              112.77283758163361,
              27.93986221618168
            ],
            [
              112.77080530769499,
              27.93901702878874
            ],
            [
              112.76965498532927,
              27.93788752720486
            ],
            [
              112.76766469146051,
              27.935273831559666
            ],
            [
              112.7661118699486,
              27.936374450003076
            ],
            [
              112.76523155600444,
              27.937292003489862
            ],
            [
              112.76580854031819,
              27.93890266105187
            ],
            [
              112.76487667655147,
              27.93937480514348
            ],
            [
              112.76405174643953,
              27.939908338260857
            ],
            [
              112.76352887304525,
              27.940248077792123
            ],
            [
              112.76259085312388,
              27.940751747363173
            ],
            [
              112.76270217504883,
              27.941532544755844
            ],
            [
              112.76548121668654,
              27.942630833748808
            ],
            [
              112.763140577162,
              27.944004749822085
            ],
            [
              112.7630157625415,
              27.944052431098015
            ],
            [
              112.7610595902805,
              27.944874587765664
            ],
            [
              112.76013191176466,
              27.945077229823887
            ],
            [
              112.75877044039143,
              27.946322796192067
            ],
            [
              112.7581867160181,
              27.946869080767783
            ],
            [
              112.75806026287052,
              27.947689852675666
            ],
            [
              112.75912360496051,
              27.94926054338192
            ],
            [
              112.75987864704166,
              27.949827404521237
            ],
            [
              112.75775810374492,
              27.94978010193031
            ],
            [
              112.7556161419168,
              27.94926922786671
            ],
            [
              112.75549833325721,
              27.949165160807855
            ],
            [
              112.75425064070122,
              27.9480819093207
            ],
            [
              112.75365089128157,
              27.947556836151744
            ],
            [
              112.75242461725689,
              27.946889848127718
            ],
            [
              112.75024539600577,
              27.94640179665509
            ],
            [
              112.74775874970484,
              27.94739948280921
            ],
            [
              112.7456683817168,
              27.947907073285705
            ],
            [
              112.74462815148242,
              27.94809960780118
            ],
            [
              112.74483619770896,
              27.948589692594886
            ],
            [
              112.74344922406311,
              27.949202295261053
            ],
            [
              112.74231983064688,
              27.951057585196622
            ],
            [
              112.74144982576894,
              27.952758806665873
            ],
            [
              112.7412025761651,
              27.953242277046016
            ],
            [
              112.74500797355758,
              27.957853001985615
            ],
            [
              112.74786120795288,
              27.962180341651084
            ],
            [
              112.7486988555143,
              27.96322471615489
            ],
            [
              112.75016936529506,
              27.964700105575716
            ],
            [
              112.75146760245883,
              27.96664602789699
            ],
            [
              112.75286597303068,
              27.968742001817397
            ],
            [
              112.75403797354083,
              27.972660002185872
            ],
            [
              112.75413297307708,
              27.973794001726027
            ],
            [
              112.75275297305281,
              27.975682002215706
            ],
            [
              112.7529779731837,
              27.976875002096275
            ],
            [
              112.75316339533978,
              27.977251915911847
            ],
            [
              112.7546619729816,
              27.98041000179092
            ],
            [
              112.75487997343981,
              27.984025001666016
            ],
            [
              112.75579197365899,
              27.985794001615716
            ],
            [
              112.75605644396683,
              27.98615687912881
            ],
            [
              112.75806597346076,
              27.98894800199356
            ],
            [
              112.75892597290309,
              27.990150001945498
            ],
            [
              112.75946497285332,
              27.991574001948337
            ],
            [
              112.75975658306253,
              27.9927482623218
            ],
            [
              112.76032397336903,
              27.995033002214967
            ],
            [
              112.76007997297157,
              28.000004001907797
            ],
            [
              112.75813597288264,
              28.00567900165131
            ],
            [
              112.75888197342046,
              28.006422001954626
            ],
            [
              112.76147797343751,
              28.00736100203775
            ],
            [
              112.76150141317824,
              28.007385075337158
            ],
            [
              112.76163076878251,
              28.007431277212685
            ],
            [
              112.76175820558535,
              28.007479488016664
            ],
            [
              112.76305372624368,
              28.007175597082544
            ],
            [
              112.76479568444546,
              28.00577161623031
            ],
            [
              112.76576810714722,
              28.004987855742833
            ],
            [
              112.76634475279609,
              28.00265680256658
            ]
          ]
        ]
      }
    },
    {
      "type": "Feature",
      "properties": {
        "name": "陈蒲学校",
        "isAssistFeature": false
      },
      "geometry": {
        "type": "Polygon",
        "coordinates": [
          [
            [
              112.83456379104254,
              28.024781574149113
            ],
            [
              112.83589197174969,
              28.024654002959863
            ],
            [
              112.83794369151924,
              28.02495417227572
            ],
            [
              112.8380800162535,
              28.02498369259635
            ],
            [
              112.84005076098506,
              28.02546288302057
            ],
            [
              112.84040667889052,
              28.025546277293312
            ],
            [
              112.84296197085217,
              28.026145002755857
            ],
            [
              112.84403797110288,
              28.026046003229226
            ],
            [
              112.84507997101836,
              28.024758002731755
            ],
            [
              112.84592665652984,
              28.023201462575585
            ],
            [
              112.84632997134632,
              28.022460003050984
            ],
            [
              112.84696416846216,
              28.02103638825681
            ],
            [
              112.84702685380104,
              28.02089047582612
            ],
            [
              112.84805805417018,
              28.018405518659094
            ],
            [
              112.84813214272323,
              28.01822446266614
            ],
            [
              112.84925719727667,
              28.01541459060537
            ],
            [
              112.85023597106752,
              28.012970002805805
            ],
            [
              112.85080204983369,
              28.012285996146034
            ],
            [
              112.85130800974778,
              28.011674629650642
            ],
            [
              112.85199414475844,
              28.01084554446007
            ],
            [
              112.85335740377909,
              28.008996553703057
            ],
            [
              112.85385617357767,
              28.008305485389403
            ],
            [
              112.85432297143697,
              28.007654003063177
            ],
            [
              112.85488961434517,
              28.00592827215174
            ],
            [
              112.855231942537,
              28.004839892741945
            ],
            [
              112.85546897110953,
              28.004168002726743
            ],
            [
              112.8527769295105,
              28.00192720672565
            ],
            [
              112.84955472379032,
              28.003485164780894
            ],
            [
              112.84663939514762,
              28.00158851717648
            ],
            [
              112.84594892307081,
              28.00328195427615
            ],
            [
              112.84418438122282,
              28.00179173087512
            ],
            [
              112.84264999853043,
              27.999556357525286
            ],
            [
              112.84119233375992,
              27.999691836186305
            ],
            [
              112.84057858050329,
              27.998472523691632
            ],
            [
              112.83858388219468,
              27.99725319740081
            ],
            [
              112.83896747809236,
              27.99596611530904
            ],
            [
              112.83804684775826,
              27.99474676066062
            ],
            [
              112.83482464203811,
              27.996237081487767
            ],
            [
              112.83398073142253,
              27.997591900576168
            ],
            [
              112.82960773800934,
              27.996846751709317
            ],
            [
              112.8289172659325,
              27.995830631964175
            ],
            [
              112.82684584790539,
              27.99610159848356
            ],
            [
              112.82588428314041,
              27.99819152863103
            ],
            [
              112.82584849875106,
              27.998269303733412
            ],
            [
              112.8241453531595,
              27.99789906899653
            ],
            [
              112.82165119334958,
              27.995614017849526
            ],
            [
              112.82046801150906,
              27.99577072740566
            ],
            [
              112.82005389804458,
              27.994046911342725
            ],
            [
              112.81940314767297,
              27.993576775264884
            ],
            [
              112.81679275395008,
              27.99360155998269
            ],
            [
              112.8139013528333,
              27.993629013060673
            ],
            [
              112.81360555737318,
              27.991905162744686
            ],
            [
              112.81467042120929,
              27.990860391656437
            ],
            [
              112.81488907923428,
              27.989653634623963
            ],
            [
              112.80897028015151,
              27.991698313290883
            ],
            [
              112.8080804045395,
              27.99274600640784
            ],
            [
              112.80796988391177,
              27.992983446647138
            ],
            [
              112.80751261538101,
              27.994069335362557
            ],
            [
              112.80651526712501,
              27.994204820921414
            ],
            [
              112.80659198684356,
              27.996914493160933
            ],
            [
              112.80521104179157,
              27.996440305278153
            ],
            [
              112.80398353438,
              27.997185456162068
            ],
            [
              112.8048274458939,
              27.998878962458406
            ],
            [
              112.80321634258468,
              28.002265895210193
            ],
            [
              112.80083804837838,
              28.004568948195246
            ],
            [
              112.80076132955816,
              28.006533278737898
            ],
            [
              112.80060789101944,
              28.008768507336203
            ],
            [
              112.8023724319691,
              28.009513572964348
            ],
            [
              112.80429041145747,
              28.009852237599507
            ],
            [
              112.80352321966213,
              28.011206885491937
            ],
            [
              112.80274441085349,
              28.01192310826789
            ],
            [
              112.80169350863353,
              28.01290189949877
            ],
            [
              112.80171046163959,
              28.013856068324348
            ],
            [
              112.80191211725118,
              28.015948018942087
            ],
            [
              112.80147197240638,
              28.016442557718307
            ],
            [
              112.80106820573731,
              28.016896220902282
            ],
            [
              112.79877946548002,
              28.017785215306663
            ],
            [
              112.79700208940159,
              28.01960532165274
            ],
            [
              112.79718377815935,
              28.02076816007718
            ],
            [
              112.79730896647906,
              28.02156937796595
            ],
            [
              112.79521513728221,
              28.021569377172927
            ],
            [
              112.79493067227277,
              28.021569377172927
            ],
            [
              112.7950304553379,
              28.022313113193473
            ],
            [
              112.79511106745656,
              28.02320756942587
            ],
            [
              112.79512903735551,
              28.023406411009606
            ],
            [
              112.7951999952798,
              28.023430874839814
            ],
            [
              112.79538414092987,
              28.023495499767463
            ],
            [
              112.79651607298511,
              28.023891126868474
            ],
            [
              112.79662186038958,
              28.023927799449794
            ],
            [
              112.79671405179225,
              28.0239578188419
            ],
            [
              112.79876663035124,
              28.024346085333637
            ],
            [
              112.79882814249032,
              28.024397163931514
            ],
            [
              112.79961613208114,
              28.02504844664064
            ],
            [
              112.8005304822931,
              28.02580344821546
            ],
            [
              112.79881072415697,
              28.028876120235914
            ],
            [
              112.7987339729974,
              28.02902400263555
            ],
            [
              112.79991511925546,
              28.031249720963476
            ],
            [
              112.8006371482499,
              28.0326102701947
            ],
            [
              112.80125852550833,
              28.033891718425785
            ],
            [
              112.80190976815675,
              28.035249930069067
            ],
            [
              112.8027932163229,
              28.036700764875352
            ],
            [
              112.80306290494424,
              28.03714510390944
            ],
            [
              112.80429041145747,
              28.041681956980433
            ],
            [
              112.80536447853369,
              28.048317606012677
            ],
            [
              112.8064385474065,
              28.054140389121944
            ],
            [
              112.80559463679093,
              28.055223662559147
            ],
            [
              112.80536447853369,
              28.057254771428326
            ],
            [
              112.80689886212437,
              28.058473418171076
            ],
            [
              112.81507231309438,
              28.057457625575875
            ],
            [
              112.8154504409469,
              28.05703078627829
            ],
            [
              112.81565290414395,
              28.05680224157465
            ],
            [
              112.81663397133373,
              28.05551600294538
            ],
            [
              112.81809580518546,
              28.052096104844
            ],
            [
              112.82008897186651,
              28.047433003101787
            ],
            [
              112.82148481098591,
              28.046596105750577
            ],
            [
              112.82239897165333,
              28.046048002666417
            ],
            [
              112.82374248660237,
              28.045306086903377
            ],
            [
              112.82476252630242,
              28.0447427968201
            ],
            [
              112.82509897142747,
              28.044557002739367
            ],
            [
              112.82531601158665,
              28.044491140947652
            ],
            [
              112.82554461216519,
              28.044421770807023
            ],
            [
              112.82563774679889,
              28.044393508503315
            ],
            [
              112.82650397156613,
              28.043951003122736
            ],
            [
              112.82739300725338,
              28.042684965627778
            ],
            [
              112.82748497138226,
              28.042554002434894
            ],
            [
              112.82757984335771,
              28.042331631832674
            ],
            [
              112.82808397160696,
              28.041150002451634
            ],
            [
              112.82816297124967,
              28.039909002584828
            ],
            [
              112.82734613046689,
              28.035199320471772
            ],
            [
              112.82684491096256,
              28.033027247317847
            ],
            [
              112.82633097131378,
              28.030800002870716
            ],
            [
              112.82647797162687,
              28.029728002570263
            ],
            [
              112.82713797105261,
              28.028608002780288
            ],
            [
              112.82912544241476,
              28.027275486584568
            ],
            [
              112.82944987886111,
              28.027050172633274
            ],
            [
              112.82956612624876,
              28.02698967723078
            ],
            [
              112.83195719809164,
              28.025592945577504
            ],
            [
              112.833309971078,
              28.02490200279898
            ],
            [
              112.83456379104254,
              28.024781574149113
            ]
          ]
        ]
      }
    },
    {
      "type": "Feature",
      "properties": {
        "name": "青亭学校",
        "isAssistFeature": false
      },
      "geometry": {
        "type": "Polygon",
        "coordinates": [
          [
            [
              112.84358192248425,
              27.87021810137844
            ],
            [
              112.84568675694165,
              27.86455884079841
            ],
            [
              112.84569609403071,
              27.864533625420247
            ],
            [
              112.84629965410382,
              27.864521498593014
            ],
            [
              112.84790240847079,
              27.86448929618193
            ],
            [
              112.84801981558347,
              27.86448693752507
            ],
            [
              112.84993668205924,
              27.86443263042985
            ],
            [
              112.85106545024803,
              27.864371534815884
            ],
            [
              112.85367834847392,
              27.864230108871986
            ],
            [
              112.85433873237861,
              27.86427644903481
            ],
            [
              112.85475744970897,
              27.86430560192753
            ],
            [
              112.85405192725787,
              27.860651109080777
            ],
            [
              112.8537404481112,
              27.859278628805143
            ],
            [
              112.85328570923627,
              27.857217682587216
            ],
            [
              112.85307543159456,
              27.853984396254845
            ],
            [
              112.85299519497171,
              27.853162663100687
            ],
            [
              112.85078922278974,
              27.846289438256242
            ],
            [
              112.8489785802997,
              27.84884543151297
            ],
            [
              112.84796188323082,
              27.84877392448614
            ],
            [
              112.8473999277318,
              27.8489307946126
            ],
            [
              112.84550921840047,
              27.84945858636736
            ],
            [
              112.84501019258204,
              27.84959788943753
            ],
            [
              112.84256980053512,
              27.850279120453266
            ],
            [
              112.84170777629018,
              27.850270053921914
            ],
            [
              112.84139010236127,
              27.850878621016744
            ],
            [
              112.84092848149298,
              27.850103157331503
            ],
            [
              112.83996695355894,
              27.848487895113138
            ],
            [
              112.83325702617176,
              27.848243173885027
            ],
            [
              112.83253365599262,
              27.846918806298053
            ],
            [
              112.82849491581516,
              27.84683455520917
            ],
            [
              112.82810334826766,
              27.849780475988464
            ],
            [
              112.82733371305471,
              27.849846958607753
            ],
            [
              112.82731344346865,
              27.85089820588445
            ],
            [
              112.82731092459258,
              27.85092874438732
            ],
            [
              112.82695444524008,
              27.850955009764476
            ],
            [
              112.82651850001923,
              27.850987130416218
            ],
            [
              112.82634240596903,
              27.855619001767096
            ],
            [
              112.82737695974912,
              27.855580079149338
            ],
            [
              112.82753957727341,
              27.855135684271456
            ],
            [
              112.82763034125313,
              27.85491901915749
            ],
            [
              112.82874067691058,
              27.85492166871094
            ],
            [
              112.82922083271815,
              27.85665835605966
            ],
            [
              112.83062004501146,
              27.857991264739994
            ],
            [
              112.83065219661376,
              27.85802271140734
            ],
            [
              112.8311442281494,
              27.859406822727863
            ],
            [
              112.83058289697951,
              27.859919442829188
            ],
            [
              112.83052494755881,
              27.861080404532384
            ],
            [
              112.83047327646368,
              27.862174991554827
            ],
            [
              112.83052766226761,
              27.86239536288076
            ],
            [
              112.83074165713798,
              27.863262467647793
            ],
            [
              112.83181518073341,
              27.86357882223724
            ],
            [
              112.83289551445705,
              27.863726515002007
            ],
            [
              112.83335852501911,
              27.863789813200984
            ],
            [
              112.83398459238163,
              27.863875403578046
            ],
            [
              112.83449605357853,
              27.864114782923163
            ],
            [
              112.83474500459155,
              27.864231300115666
            ],
            [
              112.83656372473261,
              27.865662456347714
            ],
            [
              112.83678022590261,
              27.865832820866036
            ],
            [
              112.83712125962214,
              27.86637282611238
            ],
            [
              112.83737038131504,
              27.866736655095348
            ],
            [
              112.83725839194182,
              27.869350213669872
            ],
            [
              112.83767405769515,
              27.869419575694735
            ],
            [
              112.83771384048582,
              27.869427714675506
            ],
            [
              112.83987576647279,
              27.86897390739331
            ],
            [
              112.83978619815076,
              27.868278336668403
            ],
            [
              112.8397425022987,
              27.86794719629497
            ],
            [
              112.83973805294308,
              27.86790077511173
            ],
            [
              112.84027330332533,
              27.86790816851337
            ],
            [
              112.84080953736284,
              27.86791557541483
            ],
            [
              112.84196480405589,
              27.869084472939445
            ],
            [
              112.84202314693864,
              27.869142746747503
            ],
            [
              112.84190985860153,
              27.86955127876609
            ],
            [
              112.84186907059605,
              27.86969836303458
            ],
            [
              112.84189115118573,
              27.86971664611236
            ],
            [
              112.84265785789083,
              27.870351469537873
            ],
            [
              112.84358192248425,
              27.87021810137844
            ]
          ]
        ]
      }
    },
    {
      "type": "Feature",
      "properties": {
        "name": "青亭学校",
        "isAssistFeature": false
      },
      "geometry": {
        "type": "Polygon",
        "coordinates": [
          [
            [
              112.84635276430005,
              27.916575191669228
            ],
            [
              112.8469352750494,
              27.91542526795917
            ],
            [
              112.84831815237754,
              27.91491206440967
            ],
            [
              112.84838974541076,
              27.91488549543643
            ],
            [
              112.84931289012931,
              27.91454290266224
            ],
            [
              112.84954837359957,
              27.91357914024096
            ],
            [
              112.85019285462883,
              27.913436765672156
            ],
            [
              112.84875516659362,
              27.911640637371676
            ],
            [
              112.84900170922333,
              27.910782237616587
            ],
            [
              112.84802417690419,
              27.910315855627502
            ],
            [
              112.84799928548597,
              27.910242190278495
            ],
            [
              112.84794318030659,
              27.910076150534792
            ],
            [
              112.84710083455626,
              27.90758324069779
            ],
            [
              112.84613202757347,
              27.9069296689019
            ],
            [
              112.8452706537088,
              27.905719403902253
            ],
            [
              112.84625596633659,
              27.905240453101356
            ],
            [
              112.84732803555961,
              27.905607369016817
            ],
            [
              112.84824518132869,
              27.90484615396663
            ],
            [
              112.84847488144517,
              27.903580635865897
            ],
            [
              112.85035330002678,
              27.904067194529496
            ],
            [
              112.85155227335164,
              27.90437775774547
            ],
            [
              112.85197674079811,
              27.90554998569538
            ],
            [
              112.85291394954076,
              27.90556272793271
            ],
            [
              112.85542554115882,
              27.905596874199915
            ],
            [
              112.85695244537648,
              27.90548720012695
            ],
            [
              112.85464745279904,
              27.901806330611528
            ],
            [
              112.85465018277922,
              27.90177283731106
            ],
            [
              112.85472400273599,
              27.900968503569615
            ],
            [
              112.85482060217176,
              27.900064695407913
            ],
            [
              112.85443623012965,
              27.89925365475741
            ],
            [
              112.85443470119706,
              27.899230942702218
            ],
            [
              112.8544351036423,
              27.89801544781323
            ],
            [
              112.85451229587468,
              27.897367348665384
            ],
            [
              112.8545625134957,
              27.896945719434495
            ],
            [
              112.85490076692939,
              27.896104624264403
            ],
            [
              112.85531333708823,
              27.895910436263417
            ],
            [
              112.85555036476248,
              27.895797877548397
            ],
            [
              112.85575055971346,
              27.895764012416322
            ],
            [
              112.85585957027317,
              27.895746638817407
            ],
            [
              112.85602412726017,
              27.895469672326968
            ],
            [
              112.85604869618318,
              27.895437822889697
            ],
            [
              112.85624853360468,
              27.895098645967575
            ],
            [
              112.85599717061513,
              27.893836770819604
            ],
            [
              112.85598821171682,
              27.893806114996057
            ],
            [
              112.85596201863974,
              27.893677534634268
            ],
            [
              112.85562142150145,
              27.89309053342245
            ],
            [
              112.85553889956452,
              27.893027454802336
            ],
            [
              112.8554355564759,
              27.892948460586837
            ],
            [
              112.85541138730319,
              27.892929986118478
            ],
            [
              112.855179898641,
              27.89292791946131
            ],
            [
              112.85484940305808,
              27.8929249683415
            ],
            [
              112.85427038855181,
              27.892779471762655
            ],
            [
              112.85371329204014,
              27.892493289387165
            ],
            [
              112.85314548940693,
              27.89255956954418
            ],
            [
              112.85311184121136,
              27.89251227523714
            ],
            [
              112.8527830066134,
              27.89205038769662
            ],
            [
              112.85262836972207,
              27.891729207193176
            ],
            [
              112.85166189207082,
              27.891039007686224
            ],
            [
              112.85095775931345,
              27.89000355448064
            ],
            [
              112.85093510110705,
              27.8899661138598
            ],
            [
              112.85093510110705,
              27.890216873512525
            ],
            [
              112.85093510110705,
              27.89086816514376
            ],
            [
              112.85086737532114,
              27.891076645633422
            ],
            [
              112.8508436633909,
              27.891150908389125
            ],
            [
              112.85050631276405,
              27.891619854911028
            ],
            [
              112.85048665582899,
              27.89164720371038
            ],
            [
              112.8503969303018,
              27.892953161575925
            ],
            [
              112.850379467951,
              27.892982353594206
            ],
            [
              112.84976714301567,
              27.893680084790553
            ],
            [
              112.84909577091841,
              27.893602487604277
            ],
            [
              112.84853050512754,
              27.893861281498726
            ],
            [
              112.84766036819728,
              27.893366216627953
            ],
            [
              112.84763655745235,
              27.89312119421236
            ],
            [
              112.84573900924678,
              27.89374312492094
            ],
            [
              112.8457685548365,
              27.893774460379973
            ],
            [
              112.84659731626309,
              27.894653424725306
            ],
            [
              112.84651148583097,
              27.895677501663272
            ],
            [
              112.84512240024587,
              27.897097992090295
            ],
            [
              112.84506024042146,
              27.89705375001383
            ],
            [
              112.84348208731687,
              27.8960166648625
            ],
            [
              112.84254264356576,
              27.89519257968596
            ],
            [
              112.8421310831133,
              27.89483155440918
            ],
            [
              112.84183212019347,
              27.893982012709007
            ],
            [
              112.84179646066995,
              27.893874053694514
            ],
            [
              112.84051794422162,
              27.8928711915724
            ],
            [
              112.8402763045967,
              27.892351834259582
            ],
            [
              112.84007914325646,
              27.891924849289644
            ],
            [
              112.84001383843027,
              27.890839506101425
            ],
            [
              112.83932641793044,
              27.889983188264463
            ],
            [
              112.8389062597024,
              27.889459794806054
            ],
            [
              112.83825673193789,
              27.889309464592145
            ],
            [
              112.83677714917276,
              27.888965893631514
            ],
            [
              112.8365586043355,
              27.88806166208671
            ],
            [
              112.83516435343752,
              27.888008456955095
            ],
            [
              112.83449300020487,
              27.887986893029293
            ],
            [
              112.83454136819472,
              27.88680942898913
            ],
            [
              112.83414836873266,
              27.886302316258025
            ],
            [
              112.8338037938543,
              27.885857687689057
            ],
            [
              112.83350845473834,
              27.884613937745403
            ],
            [
              112.83342222275927,
              27.884488025468944
            ],
            [
              112.83246717347507,
              27.88309390586281
            ],
            [
              112.82993185824868,
              27.882232235346198
            ],
            [
              112.82827600536358,
              27.88166946159976
            ],
            [
              112.82770551137776,
              27.88166946159976
            ],
            [
              112.82522547488071,
              27.88145333469066
            ],
            [
              112.82470103841786,
              27.88214475141383
            ],
            [
              112.82372399568055,
              27.88260946666332
            ],
            [
              112.82269338370789,
              27.881784561620073
            ],
            [
              112.82131187810718,
              27.881784561620073
            ],
            [
              112.81948160473324,
              27.881953916980287
            ],
            [
              112.8199502513254,
              27.88355914188691
            ],
            [
              112.81903587326566,
              27.884446421512163
            ],
            [
              112.81579988738903,
              27.884869650131787
            ],
            [
              112.81354376046814,
              27.88524739948287
            ],
            [
              112.81222671258233,
              27.884023137245133
            ],
            [
              112.81082327910553,
              27.883792265336563
            ],
            [
              112.80987395478462,
              27.88303646375709
            ],
            [
              112.8067160801169,
              27.88210152355651
            ],
            [
              112.80449867417799,
              27.881852444339824
            ],
            [
              112.8044515368801,
              27.882248260468305
            ],
            [
              112.80438241421395,
              27.882828694319226
            ],
            [
              112.804292592567,
              27.883582929952194
            ],
            [
              112.80469402002305,
              27.88460160672245
            ],
            [
              112.80473325124815,
              27.88469909560873
            ],
            [
              112.80482496923867,
              27.884933904670916
            ],
            [
              112.80491769244398,
              27.88623621489031
            ],
            [
              112.80500594473412,
              27.887475721367895
            ],
            [
              112.80500691671125,
              27.887501264882747
            ],
            [
              112.80502493601752,
              27.889079864795914
            ],
            [
              112.80344498179078,
              27.88936826186669
            ],
            [
              112.80303577492434,
              27.89056553619866
            ],
            [
              112.80296701607587,
              27.890766710384785
            ],
            [
              112.80294695220401,
              27.890825413973673
            ],
            [
              112.80297320277322,
              27.8909211195644
            ],
            [
              112.80308423633899,
              27.891327658370084
            ],
            [
              112.80538557816308,
              27.891508447743547
            ],
            [
              112.80547220450255,
              27.891820171248785
            ],
            [
              112.80562600596068,
              27.89237361644782
            ],
            [
              112.80603100691495,
              27.89230962912361
            ],
            [
              112.80696309076889,
              27.892162795486936
            ],
            [
              112.80778786277733,
              27.893114742569335
            ],
            [
              112.80888242581506,
              27.893983009903057
            ],
            [
              112.81106345088324,
              27.8943169280747
            ],
            [
              112.8113363357104,
              27.894402771416697
            ],
            [
              112.81207668135346,
              27.89463566668142
            ],
            [
              112.81303910131459,
              27.895541491519158
            ],
            [
              112.81324757783413,
              27.89574554160424
            ],
            [
              112.81520927024258,
              27.897584017809503
            ],
            [
              112.81604374225945,
              27.89836939823947
            ],
            [
              112.81632859354447,
              27.89910030700931
            ],
            [
              112.81634064085074,
              27.899137888167715
            ],
            [
              112.81664481130426,
              27.900372811411728
            ],
            [
              112.81661330648893,
              27.90038272877807
            ],
            [
              112.81504768308588,
              27.900888835577046
            ],
            [
              112.81406800469156,
              27.9005875795091
            ],
            [
              112.81057784948842,
              27.90295433105418
            ],
            [
              112.8103304310013,
              27.903120908069493
            ],
            [
              112.80979257909799,
              27.90354845062535
            ],
            [
              112.80648119851789,
              27.904642887122204
            ],
            [
              112.80569656862622,
              27.906960276552255
            ],
            [
              112.8056880157664,
              27.908094381695136
            ],
            [
              112.8058987335826,
              27.908459194580125
            ],
            [
              112.80599448950029,
              27.908617226197528
            ],
            [
              112.80611351986873,
              27.908816321113736
            ],
            [
              112.80541900896637,
              27.909461207322792
            ],
            [
              112.80656187172197,
              27.911034093723476
            ],
            [
              112.8069996899302,
              27.911668605049513
            ],
            [
              112.80744559656925,
              27.91260928628343
            ],
            [
              112.808157241039,
              27.913573166891812
            ],
            [
              112.80794434211329,
              27.914302691764572
            ],
            [
              112.80776138493435,
              27.91492961432782
            ],
            [
              112.80791282472157,
              27.91554729279341
            ],
            [
              112.80818213155891,
              27.916645703787445
            ],
            [
              112.80938763114432,
              27.916558746958042
            ],
            [
              112.81130658889808,
              27.91590657247776
            ],
            [
              112.81226918133571,
              27.914386360129456
            ],
            [
              112.81280731261508,
              27.91294999592663
            ],
            [
              112.81595637211491,
              27.91308043470329
            ],
            [
              112.81713726953966,
              27.913471750883204
            ],
            [
              112.81766453749229,
              27.91316376744108
            ],
            [
              112.81858878983361,
              27.91262389789979
            ],
            [
              112.81953361898483,
              27.914412976059218
            ],
            [
              112.81979428941902,
              27.914906562645896
            ],
            [
              112.82097518684375,
              27.91551526510784
            ],
            [
              112.82162472179478,
              27.91627514614128
            ],
            [
              112.82272193037102,
              27.917558741511574
            ],
            [
              112.82432106273076,
              27.917515263472726
            ],
            [
              112.82508372611879,
              27.9167326597531
            ],
            [
              112.82626462354352,
              27.91775439088249
            ],
            [
              112.82857721407161,
              27.915863093774618
            ],
            [
              112.82842960200578,
              27.917406569092915
            ],
            [
              112.83056404403663,
              27.917787033870116
            ],
            [
              112.83185051776177,
              27.918016347326077
            ],
            [
              112.83153069146945,
              27.91884241848403
            ],
            [
              112.83344965012151,
              27.920624973130728
            ],
            [
              112.83325283373435,
              27.92227707006918
            ],
            [
              112.83278539447792,
              27.923885666284423
            ],
            [
              112.83583604713165,
              27.924363893190424
            ],
            [
              112.83524559797016,
              27.926211567058438
            ],
            [
              112.83431832100125,
              27.92757006321858
            ],
            [
              112.83469700221602,
              27.92808480042386
            ],
            [
              112.83591745246272,
              27.929743729659926
            ],
            [
              112.83476797181842,
              27.930966027722512
            ],
            [
              112.83539642690297,
              27.931206353189488
            ],
            [
              112.83864558657325,
              27.93208263952942
            ],
            [
              112.84317213889945,
              27.93284475969596
            ],
            [
              112.84486601657221,
              27.933124975749752
            ],
            [
              112.8448957139772,
              27.933135578213342
            ],
            [
              112.84665848165248,
              27.933437988863215
            ],
            [
              112.84756416851182,
              27.932327406231813
            ],
            [
              112.84416784323845,
              27.928919708558613
            ],
            [
              112.84472218641375,
              27.92627763368724
            ],
            [
              112.84590894804066,
              27.92487034020256
            ],
            [
              112.84650232930326,
              27.922724872357204
            ],
            [
              112.85070300967531,
              27.92106525120393
            ],
            [
              112.85071540373129,
              27.920276766874522
            ],
            [
              112.84841022699922,
              27.917079904254738
            ],
            [
              112.84803666797822,
              27.916987513587497
            ],
            [
              112.84635276430005,
              27.916575191669228
            ]
          ]
        ]
      }
    },
    {
      "type": "Feature",
      "properties": {
        "name": "韶西逸夫小学",
        "isAssistFeature": false
      },
      "geometry": {
        "type": "Polygon",
        "coordinates": [
          [
            [
              112.88668973734943,
              27.865840398651727
            ],
            [
              112.8866347811153,
              27.86438981482161
            ],
            [
              112.88792395158289,
              27.865354239185702
            ],
            [
              112.88844287777982,
              27.864831759903748
            ],
            [
              112.88865489006832,
              27.864620329415775
            ],
            [
              112.88901437877705,
              27.864001562974885
            ],
            [
              112.8890431221712,
              27.86395208892153
            ],
            [
              112.89132428603736,
              27.864564432479085
            ],
            [
              112.89442852679105,
              27.859388761080346
            ],
            [
              112.89355552513334,
              27.85953851096509
            ],
            [
              112.89269066041544,
              27.85967648113133
            ],
            [
              112.89221293634735,
              27.859354394542667
            ],
            [
              112.89171273822747,
              27.859409672309486
            ],
            [
              112.89145524064287,
              27.8594381292058
            ],
            [
              112.89086920041275,
              27.859153672682748
            ],
            [
              112.88984513805684,
              27.85865660422664
            ],
            [
              112.8897809821759,
              27.858500623384284
            ],
            [
              112.8897550343389,
              27.85850474848199
            ],
            [
              112.88956400849206,
              27.858464950892536
            ],
            [
              112.88949941962312,
              27.858448319450936
            ],
            [
              112.88938250119396,
              27.858416644176007
            ],
            [
              112.88607094274742,
              27.857474814566856
            ],
            [
              112.88489280494727,
              27.857156119085236
            ],
            [
              112.88506830880429,
              27.855681739212365
            ],
            [
              112.88477812062818,
              27.85572707118748
            ],
            [
              112.88323477364756,
              27.85708754501474
            ],
            [
              112.88241737321437,
              27.857747996920665
            ],
            [
              112.88165808569516,
              27.858245678699298
            ],
            [
              112.88139686639032,
              27.859400404815382
            ],
            [
              112.88130683543594,
              27.859820552920432
            ],
            [
              112.8812924632897,
              27.859910804380416
            ],
            [
              112.8810785717256,
              27.861953990791
            ],
            [
              112.88106879356373,
              27.862046680190776
            ],
            [
              112.87890911336501,
              27.86177719684427
            ],
            [
              112.87632387785996,
              27.8614546113975
            ],
            [
              112.87670860114335,
              27.862147458211528
            ],
            [
              112.87663735575816,
              27.864402329214208
            ],
            [
              112.87638185602673,
              27.86508284776436
            ],
            [
              112.87589640824383,
              27.86638002664064
            ],
            [
              112.8748628767465,
              27.866762281327468
            ],
            [
              112.87450000677907,
              27.866896489178814
            ],
            [
              112.87519820706228,
              27.868924526934737
            ],
            [
              112.87493208026103,
              27.869267981208992
            ],
            [
              112.87471277185577,
              27.869328276760832
            ],
            [
              112.87253974628517,
              27.86990363473718
            ],
            [
              112.87257808997478,
              27.870638048723706
            ],
            [
              112.870512710423,
              27.87081835249383
            ],
            [
              112.87090854676474,
              27.87423962101013
            ],
            [
              112.87114720937277,
              27.876463142912996
            ],
            [
              112.87273451720846,
              27.877041046897297
            ],
            [
              112.87599646709172,
              27.87824290426677
            ],
            [
              112.87993386113547,
              27.879693078707824
            ],
            [
              112.88042267400743,
              27.879864365286803
            ],
            [
              112.8815078253959,
              27.880273223722487
            ],
            [
              112.88156192823052,
              27.877552961828105
            ],
            [
              112.88157564101336,
              27.876515436563544
            ],
            [
              112.88157696243512,
              27.876419568954326
            ],
            [
              112.8815817684219,
              27.876070902010742
            ],
            [
              112.88358094123892,
              27.87592356117204
            ],
            [
              112.88403034232444,
              27.875261419053636
            ],
            [
              112.88468110437412,
              27.87434285492401
            ],
            [
              112.88507274468519,
              27.873495890503843
            ],
            [
              112.8852504691776,
              27.873047016520893
            ],
            [
              112.8844458580591,
              27.872851767542272
            ],
            [
              112.8846667313296,
              27.87222417796505
            ],
            [
              112.8858499832387,
              27.871987087676022
            ],
            [
              112.88610241073184,
              27.87059242836792
            ],
            [
              112.88717522555653,
              27.870034559776762
            ],
            [
              112.88856161260247,
              27.868350209631473
            ],
            [
              112.88811201837919,
              27.868179873689
            ],
            [
              112.88674718012025,
              27.86735657568729
            ],
            [
              112.88668973734943,
              27.865840398651727
            ]
          ]
        ]
      }
    },
    {
      "type": "Feature",
      "properties": {
        "name": "风车坪东校区（小学部）",
        "isAssistFeature": false
      },
      "geometry": {
        "type": "Polygon",
        "coordinates": [
          [
            [
              112.95202749489906,
              27.88905196750143
            ],
            [
              112.94962423561273,
              27.883893235927793
            ],
            [
              112.94704931456378,
              27.879075669625387
            ],
            [
              112.9442598174345,
              27.875585645259076
            ],
            [
              112.94018286112825,
              27.87327154506592
            ],
            [
              112.93537634255557,
              27.870388334852137
            ],
            [
              112.93527653703255,
              27.87049297802215
            ],
            [
              112.93353098287476,
              27.87232312961316
            ],
            [
              112.9308273161776,
              27.874485505651094
            ],
            [
              112.92868154818765,
              27.875282159668757
            ],
            [
              112.92559164364759,
              27.875623580798823
            ],
            [
              112.92318824242744,
              27.87607884276704
            ],
            [
              112.92362191041906,
              27.877455908009214
            ],
            [
              112.92467697004216,
              27.88080724774176
            ],
            [
              112.92487767433789,
              27.88144476306955
            ],
            [
              112.9258243144927,
              27.884451605631085
            ],
            [
              112.92613768189811,
              27.885446947102725
            ],
            [
              112.92703897779234,
              27.8881179812105
            ],
            [
              112.93773382908492,
              27.8856400398843
            ],
            [
              112.93812114131292,
              27.885550300551557
            ],
            [
              112.94077799949554,
              27.894196525136362
            ],
            [
              112.94234790426921,
              27.898858562126716
            ],
            [
              112.94316240224576,
              27.898664760937777
            ],
            [
              112.94460884705839,
              27.89832059327382
            ],
            [
              112.94468810631422,
              27.898304774566235
            ],
            [
              112.9457768842015,
              27.898126829229337
            ],
            [
              112.9460732473969,
              27.89807920708659
            ],
            [
              112.94674155084913,
              27.897745672075317
            ],
            [
              112.94760297771441,
              27.89731575182564
            ],
            [
              112.94945292239646,
              27.897263848508096
            ],
            [
              112.94951375451087,
              27.897262141579553
            ],
            [
              112.94957202552838,
              27.89726050689774
            ],
            [
              112.94987057791813,
              27.897252130244638
            ],
            [
              112.95316367329065,
              27.896574799757552
            ],
            [
              112.9548197058388,
              27.896234181449863
            ],
            [
              112.95417326199069,
              27.894931103878434
            ],
            [
              112.95400160022808,
              27.893793230845937
            ],
            [
              112.95202749489906,
              27.88905196750143
            ]
          ]
        ]
      }
    },
    {
      "type": "Feature",
      "properties": {
        "name": "风车坪北校区（小学部）",
        "isAssistFeature": false
      },
      "geometry": {
        "type": "Polygon",
        "coordinates": [
          [
            [
              112.88647679350797,
              27.882370857894006
            ],
            [
              112.88650661667708,
              27.88235222599088
            ],
            [
              112.8879343432941,
              27.88251556252218
            ],
            [
              112.88911226100704,
              27.882649923956215
            ],
            [
              112.89288793224847,
              27.883036546335653
            ],
            [
              112.89357799199858,
              27.88275073601324
            ],
            [
              112.89607674399626,
              27.88173068482732
            ],
            [
              112.89727334936204,
              27.88045489864983
            ],
            [
              112.89731294979472,
              27.880412677759637
            ],
            [
              112.89691050903902,
              27.880065842830234
            ],
            [
              112.89677195199128,
              27.880042621735672
            ],
            [
              112.89535031415522,
              27.879804361456426
            ],
            [
              112.89545226934675,
              27.87919604094244
            ],
            [
              112.89484053909614,
              27.879004531925354
            ],
            [
              112.89526753170688,
              27.87853483437689
            ],
            [
              112.89541403614994,
              27.878373677091684
            ],
            [
              112.89543295107654,
              27.877649285815124
            ],
            [
              112.89542678054886,
              27.877280937121867
            ],
            [
              112.89522360858106,
              27.87672871864171
            ],
            [
              112.89502452304946,
              27.876185403689856
            ],
            [
              112.89514495029815,
              27.875511201895176
            ],
            [
              112.89474352733366,
              27.87541184500164
            ],
            [
              112.89465521395807,
              27.875120872079084
            ],
            [
              112.89433407612547,
              27.875142163020293
            ],
            [
              112.89439830387164,
              27.87468086285728
            ],
            [
              112.89490409669911,
              27.874595700292875
            ],
            [
              112.89550995466271,
              27.873045321916134
            ],
            [
              112.89560155497392,
              27.873450187177372
            ],
            [
              112.8961511541462,
              27.87436787505608
            ],
            [
              112.89687910932656,
              27.874812191077567
            ],
            [
              112.89755088027582,
              27.875155872059132
            ],
            [
              112.89782679871365,
              27.873823539766107
            ],
            [
              112.89799030646842,
              27.873001012041847
            ],
            [
              112.8987151831223,
              27.871607387009135
            ],
            [
              112.89745909311506,
              27.87129712286321
            ],
            [
              112.89575249350122,
              27.870868758084303
            ],
            [
              112.8951819770575,
              27.86900294466796
            ],
            [
              112.89445830145115,
              27.869141588117014
            ],
            [
              112.8936829565463,
              27.868923500127188
            ],
            [
              112.89339220243151,
              27.868611945775246
            ],
            [
              112.89259923707237,
              27.869281787080332
            ],
            [
              112.88777512499483,
              27.865497676840864
            ],
            [
              112.88792395158289,
              27.865354239185702
            ],
            [
              112.8866347811153,
              27.86438981482161
            ],
            [
              112.88668973734943,
              27.865840398651727
            ],
            [
              112.88674718012025,
              27.86735657568729
            ],
            [
              112.88811201837919,
              27.868179873689
            ],
            [
              112.88856161260247,
              27.868350209631473
            ],
            [
              112.88717522555653,
              27.870034559776762
            ],
            [
              112.88610241073184,
              27.87059242836792
            ],
            [
              112.8858499832387,
              27.871987087676022
            ],
            [
              112.8846667313296,
              27.87222417796505
            ],
            [
              112.8844458580591,
              27.872851767542272
            ],
            [
              112.8852504691776,
              27.873047016520893
            ],
            [
              112.88507274468519,
              27.873495890503843
            ],
            [
              112.88468110437412,
              27.87434285492401
            ],
            [
              112.88403034232444,
              27.875261419053636
            ],
            [
              112.88358094123892,
              27.87592356117204
            ],
            [
              112.8815817684219,
              27.876070902010742
            ],
            [
              112.88157696243512,
              27.876419568954326
            ],
            [
              112.88157564101336,
              27.876515436563544
            ],
            [
              112.88156192823052,
              27.877552961828105
            ],
            [
              112.8815078253959,
              27.880273223722487
            ],
            [
              112.88402941975465,
              27.8812232966014
            ],
            [
              112.8838492087255,
              27.882860825375182
            ],
            [
              112.88257314916943,
              27.884236873802138
            ],
            [
              112.8813611772224,
              27.885474110075897
            ],
            [
              112.8810274027887,
              27.886433084114937
            ],
            [
              112.88184002687957,
              27.886688558769887
            ],
            [
              112.88216419113635,
              27.88610465438153
            ],
            [
              112.88291345435528,
              27.886018074770757
            ],
            [
              112.88316797671966,
              27.88416534169014
            ],
            [
              112.88396393796033,
              27.883882284032723
            ],
            [
              112.88647679350797,
              27.882370857894006
            ]
          ]
        ]
      }
    },
    {
      "type": "Feature",
      "properties": {
        "name": "风车坪广场学校",
        "isAssistFeature": false
      },
      "geometry": {
        "type": "Polygon",
        "coordinates": [
          [
            [
              112.8951819770575,
              27.86900294466796
            ],
            [
              112.89497813404819,
              27.868386067873136
            ],
            [
              112.89463043572759,
              27.867553318018672
            ],
            [
              112.89631769281674,
              27.865698931740503
            ],
            [
              112.8918062034412,
              27.864682295287864
            ],
            [
              112.89132428603736,
              27.864564432479085
            ],
            [
              112.8890431221712,
              27.86395208892153
            ],
            [
              112.88901437877705,
              27.864001562974885
            ],
            [
              112.88865489006832,
              27.864620329415775
            ],
            [
              112.88844287777982,
              27.864831759903748
            ],
            [
              112.88792395158289,
              27.865354239185702
            ],
            [
              112.88777512499483,
              27.865497676840864
            ],
            [
              112.89259923707237,
              27.869281787080332
            ],
            [
              112.89339220243151,
              27.868611945775246
            ],
            [
              112.8936829565463,
              27.868923500127188
            ],
            [
              112.89445830145115,
              27.869141588117014
            ],
            [
              112.8951819770575,
              27.86900294466796
            ]
          ]
        ]
      }
    },
    {
      "type": "Feature",
      "properties": {
        "name": "风车坪建元学校",
        "isAssistFeature": false
      },
      "geometry": {
        "type": "Polygon",
        "coordinates": [
          [
            [
              112.9049249770683,
              27.906891937236743
            ],
            [
              112.90562771743697,
              27.906622829030635
            ],
            [
              112.90644084458438,
              27.90740983077772
            ],
            [
              112.9066115550311,
              27.907575055366532
            ],
            [
              112.90696292476628,
              27.907626806876948
            ],
            [
              112.9079874829922,
              27.90730905994438
            ],
            [
              112.90866523043306,
              27.906731143673646
            ],
            [
              112.90952662855227,
              27.90417179562776
            ],
            [
              112.91051754936237,
              27.90342118538126
            ],
            [
              112.91151479610873,
              27.89599057395766
            ],
            [
              112.91936042488209,
              27.896699724625403
            ],
            [
              112.92420517665157,
              27.896155234828555
            ],
            [
              112.92954849430207,
              27.895554709706857
            ],
            [
              112.92703897779234,
              27.8881179812105
            ],
            [
              112.92613768189811,
              27.885446947102725
            ],
            [
              112.92610883340106,
              27.885454085224634
            ],
            [
              112.91700599082806,
              27.88766448328249
            ],
            [
              112.9052915238402,
              27.89050525643877
            ],
            [
              112.90497135528982,
              27.890586899530625
            ],
            [
              112.90466344155648,
              27.890301279048074
            ],
            [
              112.90459581278867,
              27.89023854656226
            ],
            [
              112.90338027542826,
              27.889111008667676
            ],
            [
              112.90464371095959,
              27.88674566307738
            ],
            [
              112.90492472194678,
              27.88621955992139
            ],
            [
              112.90526312719577,
              27.88558600223853
            ],
            [
              112.90540562245772,
              27.885237788805025
            ],
            [
              112.90580354378922,
              27.884265390875424
            ],
            [
              112.90587407770869,
              27.884093026630254
            ],
            [
              112.90594806385383,
              27.88362180042887
            ],
            [
              112.90632468882488,
              27.88117217087201
            ],
            [
              112.90603431469752,
              27.881119341905606
            ],
            [
              112.90354025909213,
              27.880673042829912
            ],
            [
              112.90330208337097,
              27.88063034798151
            ],
            [
              112.90325624234202,
              27.880622130438148
            ],
            [
              112.90303277743196,
              27.880694448609855
            ],
            [
              112.90201235145632,
              27.881024680546894
            ],
            [
              112.90018113574963,
              27.881491897051767
            ],
            [
              112.90012202840057,
              27.881506467609846
            ],
            [
              112.89562229617549,
              27.882649944600956
            ],
            [
              112.8952624265811,
              27.882742677436113
            ],
            [
              112.89392136133785,
              27.88308283001912
            ],
            [
              112.89359724828503,
              27.88306831446083
            ],
            [
              112.89250099461793,
              27.88364657624141
            ],
            [
              112.88931172023777,
              27.885061914202694
            ],
            [
              112.8887176293061,
              27.885325557669415
            ],
            [
              112.88849236866378,
              27.88570931604796
            ],
            [
              112.88775603399841,
              27.886963741387376
            ],
            [
              112.88644607561683,
              27.88919536186885
            ],
            [
              112.88995422048183,
              27.891049904867753
            ],
            [
              112.8957812755229,
              27.892636060705946
            ],
            [
              112.89393657969708,
              27.894361232403398
            ],
            [
              112.90123514524215,
              27.896633383489597
            ],
            [
              112.90129564587824,
              27.89665221776769
            ],
            [
              112.89950569518244,
              27.89750329379543
            ],
            [
              112.89908758601156,
              27.898844964854188
            ],
            [
              112.89579470803136,
              27.899889298211484
            ],
            [
              112.89558948251482,
              27.89936533023174
            ],
            [
              112.89423703561692,
              27.900009616220633
            ],
            [
              112.89353991331201,
              27.900339824174257
            ],
            [
              112.89103222487388,
              27.90349230306847
            ],
            [
              112.88926711888391,
              27.902371348778264
            ],
            [
              112.888607275765,
              27.90301523580764
            ],
            [
              112.88803582417512,
              27.90357513431961
            ],
            [
              112.89033561011715,
              27.904512969267863
            ],
            [
              112.89189726296661,
              27.905907877584763
            ],
            [
              112.89370198645729,
              27.90751987997792
            ],
            [
              112.89536411497295,
              27.909004494094486
            ],
            [
              112.90173675192041,
              27.90943625960091
            ],
            [
              112.90247928136796,
              27.90937620151115
            ],
            [
              112.9038618290144,
              27.90926437680915
            ],
            [
              112.9049249770683,
              27.906891937236743
            ]
          ]
        ]
      }
    },
    {
      "type": "Feature",
      "properties": {
        "name": "风车坪本部",
        "isAssistFeature": false
      },
      "geometry": {
        "type": "Polygon",
        "coordinates": [
          [
            [
              112.90143862263716,
              27.862562224665435
            ],
            [
              112.9000903097862,
              27.861917838163002
            ],
            [
              112.89651858216541,
              27.859928303651625
            ],
            [
              112.8949253301775,
              27.859079214852628
            ],
            [
              112.89470701800388,
              27.858963632455545
            ],
            [
              112.89442852679105,
              27.859388761080346
            ],
            [
              112.89132428603736,
              27.864564432479085
            ],
            [
              112.8918062034412,
              27.864682295287864
            ],
            [
              112.89631769281674,
              27.865698931740503
            ],
            [
              112.89913645076975,
              27.86633411859917
            ],
            [
              112.90002676475962,
              27.86653401316237
            ],
            [
              112.90143862263716,
              27.862562224665435
            ]
          ]
        ]
      }
    }
  ]
}