{
"type": "FeatureCollection",
"name": "merged_middle",
"crs": { "type": "name", "properties": { "name": "urn:ogc:def:crs:OGC:1.3:CRS84" } },
"features": [
{ "type": "Feature", "properties": { "name": "九华江声中学", "isAssistFeature": false, "sourceFileId": "file_1777360798514_1_g1", "sourceFileName": "九华江声中学.geojson", "sourceGroupId": 1.0, "id": "imported_1777360798514_1_0_g1", "sourceFile": "九华江声中学.geojson" }, "geometry": { "type": "Polygon", "coordinates": [ [ [ 112.959576072392366, 27.911448251750144 ], [ 112.95814596232789, 27.907992900727095 ], [ 112.956106610363676, 27.901639057040157 ], [ 112.956255468171264, 27.899757826760464 ], [ 112.956091724582905, 27.898876399923552 ], [ 112.955853552090744, 27.898165990979365 ], [ 112.955094377271905, 27.897679226603032 ], [ 112.95484006915639, 27.895873341388949 ], [ 112.949571906052498, 27.897260090883506 ], [ 112.942377892728345, 27.899101488342552 ], [ 112.942052460948688, 27.899186906325497 ], [ 112.939220608253791, 27.899951397128731 ], [ 112.932583516269844, 27.901743136400313 ], [ 112.933741811183708, 27.905659182595613 ], [ 112.933754419937017, 27.905776144902845 ], [ 112.933758202742695, 27.905811119096114 ], [ 112.934090649466413, 27.909562563585496 ], [ 112.93409177954706, 27.909585187738358 ], [ 112.934136488698741, 27.912813813805329 ], [ 112.952325781387458, 27.913032888203361 ], [ 112.959576072392366, 27.911448251750144 ] ] ] } },
{ "type": "Feature", "properties": { "name": "九华雅礼中学", "isAssistFeature": false, "sourceFileId": "file_1777360798515_2_g1", "sourceFileName": "九华雅礼中学.geojson", "sourceGroupId": 1.0, "id": "imported_1777360798515_2_0_g1", "sourceFile": "九华雅礼中学.geojson" }, "geometry": { "type": "Polygon", "coordinates": [ [ [ 112.934136488698741, 27.912813813805329 ], [ 112.933636288782225, 27.920181089630319 ], [ 112.933514850928859, 27.922318768223789 ], [ 112.936474809398547, 27.921954028485914 ], [ 112.936657189348665, 27.92193155474682 ], [ 112.936999708368305, 27.921889347884843 ], [ 112.937745618675052, 27.921797433126599 ], [ 112.938292013502448, 27.921730103603224 ], [ 112.939595003044047, 27.921569542498162 ], [ 112.942848797685144, 27.921168592065925 ], [ 112.948609406013134, 27.919833493139805 ], [ 112.953008407198539, 27.918719925060401 ], [ 112.9615244158108, 27.916520078023837 ], [ 112.959576072392366, 27.911448251750144 ], [ 112.952325781387458, 27.913032888203361 ], [ 112.934136488698741, 27.912813813805329 ] ] ] } },
{ "type": "Feature", "properties": { "name": "九华雅礼中学", "isAssistFeature": false, "sourceFileId": "file_1777360798515_2_g1", "sourceFileName": "九华雅礼中学.geojson", "sourceGroupId": 1.0, "id": "imported_1777360798515_2_1_g1", "sourceFile": "九华雅礼中学.geojson" }, "geometry": { "type": "Polygon", "coordinates": [ [ [ 112.934136488698741, 27.912813813805329 ], [ 112.93409177954706, 27.909585187738358 ], [ 112.934090649466413, 27.909562563585496 ], [ 112.933758202742695, 27.905811119096114 ], [ 112.933754419937017, 27.905776144902845 ], [ 112.933741811183708, 27.905659182595613 ], [ 112.931613412119788, 27.905907452871375 ], [ 112.925411466754412, 27.906630885829998 ], [ 112.922117297895156, 27.907014864778205 ], [ 112.922117247589483, 27.906953108888459 ], [ 112.922168246744818, 27.90360601759933 ], [ 112.920505501984863, 27.903500525226889 ], [ 112.920880330325332, 27.904337989711934 ], [ 112.920192324123974, 27.904607587066067 ], [ 112.919907617467715, 27.906242998167784 ], [ 112.920799841275866, 27.908495342785983 ], [ 112.920818679845695, 27.908532532494647 ], [ 112.91874031784144, 27.908708649184419 ], [ 112.917003604004336, 27.910369157752783 ], [ 112.916702364753604, 27.910899019744306 ], [ 112.914014179622072, 27.915627266711581 ], [ 112.912508238489877, 27.917719905544544 ], [ 112.911662595024112, 27.918138352567397 ], [ 112.910022046736486, 27.918437241966359 ], [ 112.909819092160973, 27.918691297226573 ], [ 112.908492020873226, 27.918774070007061 ], [ 112.908381553246116, 27.91877670767947 ], [ 112.907688070914745, 27.918766019668539 ], [ 112.907552768463304, 27.919677625016462 ], [ 112.903381648952305, 27.918801738179312 ], [ 112.899778129953603, 27.91806694287763 ], [ 112.889478601166417, 27.915966734102071 ], [ 112.889370809620544, 27.91631841988341 ], [ 112.889671296083094, 27.918708069437542 ], [ 112.888970161003812, 27.920212635714066 ], [ 112.890280018774106, 27.92130910544445 ], [ 112.890873241933235, 27.921805683909383 ], [ 112.89190288462369, 27.923707932884781 ], [ 112.891970218744135, 27.923842940860084 ], [ 112.892575998554236, 27.925168708569174 ], [ 112.893978268712772, 27.925788201700584 ], [ 112.896368449426916, 27.926379520258493 ], [ 112.896482321668955, 27.926407691281639 ], [ 112.897684267519082, 27.92711567502694 ], [ 112.898084916135801, 27.929814820513741 ], [ 112.899336943063076, 27.929814820513741 ], [ 112.899537267371429, 27.930190925599689 ], [ 112.897984753981646, 27.93096525547881 ], [ 112.898360362059819, 27.931783826746994 ], [ 112.900163280835045, 27.931496221332296 ], [ 112.900362650234271, 27.933339851031377 ], [ 112.900538888913218, 27.934969558604536 ], [ 112.900423335024954, 27.935068087809427 ], [ 112.899604902427455, 27.935765402300262 ], [ 112.90036673217891, 27.937757938965248 ], [ 112.900270740004274, 27.93900881250535 ], [ 112.899785065845904, 27.939414786470394 ], [ 112.900299211208861, 27.939341233800931 ], [ 112.914640606310712, 27.941308323704874 ], [ 112.921128100952075, 27.942198117560878 ], [ 112.921488565231172, 27.941146232208069 ], [ 112.920763622101944, 27.940534865515787 ], [ 112.92075704463744, 27.940504849874415 ], [ 112.920749545501479, 27.940470629715662 ], [ 112.920374483598962, 27.938759054016941 ], [ 112.920541669954829, 27.935491694589757 ], [ 112.920810222207294, 27.930243101222487 ], [ 112.920906543165344, 27.928360536522973 ], [ 112.921078221097616, 27.927942906886003 ], [ 112.921513194341316, 27.926884766479247 ], [ 112.923517925933339, 27.922007812028028 ], [ 112.921893834781685, 27.918680860830094 ], [ 112.921648998052703, 27.915949108149036 ], [ 112.921616736855896, 27.915481117208898 ], [ 112.921674142795837, 27.914760387561657 ], [ 112.921709609181562, 27.913083729784432 ], [ 112.921715776116002, 27.913023675307528 ], [ 112.921846109087326, 27.912325379018483 ], [ 112.92209067452508, 27.912331669960423 ], [ 112.934136488698741, 27.912813813805329 ] ] ] } },
{ "type": "Feature", "properties": { "name": "九华雅礼中学", "isAssistFeature": false, "sourceFileId": "file_1777360798515_2_g1", "sourceFileName": "九华雅礼中学.geojson", "sourceGroupId": 1.0, "id": "imported_1777360798516_2_2_g1", "sourceFile": "九华雅礼中学.geojson" }, "geometry": { "type": "Polygon", "coordinates": [ [ [ 112.94888293326386, 28.003367754666286 ], [ 112.956178131923252, 27.995896974064436 ], [ 112.968070123079201, 27.986515056914726 ], [ 112.970975272013106, 27.984222981090909 ], [ 112.989498599646979, 27.97265455572493 ], [ 112.993130087692052, 27.97039192688294 ], [ 113.001823983011789, 27.959172402160661 ], [ 113.001196091170883, 27.951066317148417 ], [ 112.997779927502776, 27.945764837905614 ], [ 112.991043897768407, 27.939472609732888 ], [ 112.990876590140005, 27.939308520342081 ], [ 112.990862985155019, 27.939729171764853 ], [ 112.990838724354134, 27.940479333160141 ], [ 112.989057442400821, 27.942296136244167 ], [ 112.989033712504295, 27.942321208912745 ], [ 112.985222882100956, 27.943810255803498 ], [ 112.975182808327403, 27.945687720105838 ], [ 112.973521302344196, 27.951208085095516 ], [ 112.970925357124372, 27.951208085095516 ], [ 112.970600864084147, 27.953501182130481 ], [ 112.96930289102508, 27.955937543475684 ], [ 112.966869192325333, 27.957370671851578 ], [ 112.965084479705951, 27.959377019297364 ], [ 112.964597739247353, 27.955937543475684 ], [ 112.962001794027501, 27.955220972550165 ], [ 112.957621136188308, 27.95894709101114 ], [ 112.955349684008652, 27.957513983563402 ], [ 112.954376203989767, 27.960523487149032 ], [ 112.951455765729719, 27.961956554640963 ], [ 112.947227319330608, 27.960213627970518 ], [ 112.946241402136593, 27.960404722634252 ], [ 112.943543582573682, 27.960258315514679 ], [ 112.943308232054036, 27.960390809372313 ], [ 112.942259831642147, 27.960981016540643 ], [ 112.940997452529572, 27.962718604459582 ], [ 112.939390657540443, 27.96493021920854 ], [ 112.93831992501056, 27.968798850160937 ], [ 112.939125887195289, 27.970155584925266 ], [ 112.935236604223192, 27.974453256514906 ], [ 112.931724337887701, 27.972601711155676 ], [ 112.93218560571809, 27.970936976554029 ], [ 112.931468231793474, 27.967976343301501 ], [ 112.932581943319775, 27.967445494902705 ], [ 112.936007304838085, 27.9688409944943 ], [ 112.941826676588562, 27.958752355712832 ], [ 112.941847309094001, 27.958716583756569 ], [ 112.941923031682549, 27.958585302646398 ], [ 112.941192228842723, 27.957983720619609 ], [ 112.940840711783835, 27.957699606431987 ], [ 112.940546413815312, 27.957458771775336 ], [ 112.939861272341375, 27.955260709169295 ], [ 112.93881461466114, 27.954778476955852 ], [ 112.936042338235836, 27.953501182130481 ], [ 112.933866324868617, 27.952919964228798 ], [ 112.93166168039663, 27.949631552932644 ], [ 112.927614293036257, 27.949516929806109 ], [ 112.92615805479042, 27.948609759718863 ], [ 112.922558915078724, 27.953012013120926 ], [ 112.921465321323225, 27.952011289653313 ], [ 112.91769567418406, 27.955811867375687 ], [ 112.91745029127938, 27.957117388335945 ], [ 112.917996727483555, 27.957437076491416 ], [ 112.918616865965205, 27.956261274767641 ], [ 112.918632435565712, 27.956238494546014 ], [ 112.919254806360854, 27.95630351762847 ], [ 112.917723200360982, 27.958025987404113 ], [ 112.918077492315803, 27.958101525314774 ], [ 112.918218967989873, 27.958131689205842 ], [ 112.918988262741323, 27.957995786983673 ], [ 112.91920484475969, 27.957865515884365 ], [ 112.919234368789816, 27.957849716997686 ], [ 112.919689175936725, 27.957557878747707 ], [ 112.920184943565587, 27.957316273306446 ], [ 112.9202362301818, 27.956682056946434 ], [ 112.920612329638416, 27.956651856150017 ], [ 112.921450005945914, 27.956878362313944 ], [ 112.921877392018772, 27.956817960822519 ], [ 112.921989499071287, 27.956341416928083 ], [ 112.922852938162805, 27.955445650334326 ], [ 112.923902787557239, 27.9543441042062 ], [ 112.924772464550102, 27.954282648320316 ], [ 112.926372670396646, 27.954006093623505 ], [ 112.927938088085469, 27.953975365985485 ], [ 112.929051274995672, 27.954374832532821 ], [ 112.92974701569166, 27.955358128811554 ], [ 112.931834240474515, 27.954989394054067 ], [ 112.932738703828448, 27.95532740076483 ], [ 112.932738703828448, 27.956126323169855 ], [ 112.93225168489208, 27.95701742161873 ], [ 112.932425620290701, 27.957785604169885 ], [ 112.932432533725063, 27.957901634077757 ], [ 112.932495194809405, 27.958953230860828 ], [ 112.931681674199908, 27.960102936558329 ], [ 112.931620741474191, 27.960179141900838 ], [ 112.930651479943876, 27.961319172702304 ], [ 112.929886163830815, 27.961780064520994 ], [ 112.929086061356728, 27.962916922116264 ], [ 112.928139855986473, 27.963146749946958 ], [ 112.928095106410623, 27.963157619231893 ], [ 112.927694579066454, 27.963254904797665 ], [ 112.927103198352, 27.963592885627179 ], [ 112.926755327554829, 27.964852625555068 ], [ 112.925844493348933, 27.966084236920906 ], [ 112.925806667088963, 27.966140080615148 ], [ 112.925719711067742, 27.966282201671149 ], [ 112.925439086356135, 27.966740853920754 ], [ 112.925260751907629, 27.966809172846766 ], [ 112.924853852813143, 27.966965053103323 ], [ 112.9245033472573, 27.966937613072247 ], [ 112.924455630546035, 27.966933877704776 ], [ 112.923788207442769, 27.966371017120082 ], [ 112.92371832929345, 27.96671818143443 ], [ 112.92371832929345, 27.967274411300764 ], [ 112.92371832929345, 27.967381647218446 ], [ 112.923609474142282, 27.967321113552131 ], [ 112.923482489192011, 27.9672504972458 ], [ 112.92336731888436, 27.967078497742392 ], [ 112.923002075567936, 27.966533027113769 ], [ 112.923002075567936, 27.967581705761404 ], [ 112.923002075567936, 27.967635416012371 ], [ 112.923002075567936, 27.967674806104554 ], [ 112.922306597180039, 27.968606735771615 ], [ 112.921286716481774, 27.96966834474641 ], [ 112.920721843254739, 27.970559903418618 ], [ 112.920688828371397, 27.970900089971437 ], [ 112.920995321868233, 27.971373330230648 ], [ 112.922669755506689, 27.972484372921329 ], [ 112.922998658376613, 27.973206964302548 ], [ 112.922015202566485, 27.973399976518877 ], [ 112.921748738897008, 27.9739588868064 ], [ 112.921723807952958, 27.974011179328045 ], [ 112.921286716481774, 27.97471888435274 ], [ 112.920792125645903, 27.974741284625097 ], [ 112.919866169200517, 27.974783221159342 ], [ 112.919652592945098, 27.974682085538589 ], [ 112.919104484976145, 27.97442253707824 ], [ 112.918227075285316, 27.974172021931082 ], [ 112.917108202039401, 27.975338116292264 ], [ 112.91582307219393, 27.977485322071686 ], [ 112.91473034261773, 27.977935664981658 ], [ 112.915058161221054, 27.978739845545959 ], [ 112.916369436532889, 27.978932847862268 ], [ 112.916895984934996, 27.978471001162447 ], [ 112.917441984557925, 27.978245001241774 ], [ 112.91872798487087, 27.978401001427216 ], [ 112.921379378601671, 27.979431858682972 ], [ 112.921575510472579, 27.979510798421785 ], [ 112.923802984729193, 27.980438001644899 ], [ 112.924653984848973, 27.981171001044174 ], [ 112.924938840625558, 27.98257664066125 ], [ 112.925096984539778, 27.983357001474559 ], [ 112.92470598472751, 27.983760001230237 ], [ 112.923073984808113, 27.983914001502868 ], [ 112.921494984592201, 27.984112001756898 ], [ 112.921104984604881, 27.984467001318066 ], [ 112.921026984787048, 27.985347001056553 ], [ 112.921329984735777, 27.985826001323758 ], [ 112.922934984890944, 27.987076001378853 ], [ 112.925852986919949, 27.987823658637325 ], [ 112.927153984606548, 27.988157001293288 ], [ 112.929235984787766, 27.988215001518768 ], [ 112.930286984025756, 27.988947001709548 ], [ 112.932151984471957, 27.988393001578189 ], [ 112.932151984471957, 27.987699249222558 ], [ 112.932151984471957, 27.985672001402065 ], [ 112.932438984527138, 27.985096001207921 ], [ 112.933027984706129, 27.985088001029283 ], [ 112.934173984378674, 27.985510001113084 ], [ 112.934928984239022, 27.986070001264565 ], [ 112.935337740151141, 27.986746711333637 ], [ 112.935796984077214, 27.987507001118388 ], [ 112.935802912059813, 27.987536946575602 ], [ 112.935952984611149, 27.98829500175114 ], [ 112.93470098463338, 27.989758001352399 ], [ 112.934665016987736, 27.991315983826581 ], [ 112.934624984465401, 27.99305000149549 ], [ 112.933197878584238, 27.994802665662732 ], [ 112.933083568862642, 27.994925688293449 ], [ 112.932441109042799, 27.995617117665731 ], [ 112.932194984129708, 27.995882001704828 ], [ 112.931486578984845, 27.996079316075097 ], [ 112.931239984252827, 27.99614800111641 ], [ 112.929522983944636, 27.99628400122387 ], [ 112.928657709594987, 27.995991830688098 ], [ 112.928035846347967, 27.995781851192049 ], [ 112.92775198410807, 27.995686001300811 ], [ 112.924072984167623, 27.995277001147159 ], [ 112.92323898466455, 27.995600001253848 ], [ 112.922848984677216, 27.996043001260105 ], [ 112.92264098426476, 27.996605001059507 ], [ 112.922875984441418, 27.997399001460394 ], [ 112.923271350964256, 27.997810560296344 ], [ 112.923925984752827, 27.998492001726689 ], [ 112.926129984234436, 27.999999001000546 ], [ 112.927899984246068, 28.001611001493103 ], [ 112.927952974068035, 28.001695273222083 ], [ 112.929151054467553, 28.003600618887262 ], [ 112.929376854099061, 28.004139519671895 ], [ 112.929443645637051, 28.004298926174783 ], [ 112.929886983992716, 28.005357001748266 ], [ 112.930416984620422, 28.00745200119097 ], [ 112.930459984278144, 28.009426001727149 ], [ 112.930155984504523, 28.012133001585568 ], [ 112.929807805585256, 28.013064195668321 ], [ 112.929453966381331, 28.014010518878379 ], [ 112.92896276488905, 28.015324196140938 ], [ 112.928306983951856, 28.017078001587663 ], [ 112.928132198747036, 28.017753800831613 ], [ 112.92802998484072, 28.018149001762154 ], [ 112.928021984444825, 28.018769001668545 ], [ 112.928445142147609, 28.019258096070885 ], [ 112.928682108736396, 28.019531985428102 ], [ 112.928958984778333, 28.019852001643159 ], [ 112.929632909887601, 28.020340162504766 ], [ 112.93317598394583, 28.02272000124735 ], [ 112.9343219845167, 28.022677001714015 ], [ 112.937601984249, 28.020510001718392 ], [ 112.939521869962419, 28.018854132303588 ], [ 112.940248984319695, 28.018227001158749 ], [ 112.942735047613951, 28.014293205517063 ], [ 112.94313258266989, 28.013518175242538 ], [ 112.943762012426561, 28.01223131996467 ], [ 112.945150057762547, 28.009885467389068 ], [ 112.945501227173409, 28.009291967639214 ], [ 112.946250075370656, 28.007741544016653 ], [ 112.94785330853972, 28.004422118798914 ], [ 112.948063747878138, 28.004206623617819 ], [ 112.94888293326386, 28.003367754666286 ] ] ] } },
{ "type": "Feature", "properties": { "name": "仙女中学", "isAssistFeature": false, "sourceFileId": null, "sourceFileName": null, "sourceGroupId": null, "id": null, "sourceFile": null }, "geometry": { "type": "Polygon", "coordinates": [ [ [ 112.765759517456488, 28.006543291842377 ], [ 112.766344766270848, 28.002656801773416 ], [ 112.767802381634013, 28.002715380330837 ], [ 112.768605936333742, 28.001864002872885 ], [ 112.770373757032502, 28.001693725780861 ], [ 112.771257667831037, 28.00125384389839 ], [ 112.771048743052162, 27.999664578185598 ], [ 112.772506598265508, 27.998849012220273 ], [ 112.773154056311583, 27.998486803248326 ], [ 112.774664739650149, 27.99684073537416 ], [ 112.774487957490436, 27.994953401997801 ], [ 112.775661147370045, 27.994627017727851 ], [ 112.777637891949382, 27.995223023075049 ], [ 112.779002166964645, 27.99421498746748 ], [ 112.779914065674177, 27.992738773046206 ], [ 112.779953247491918, 27.992675343289505 ], [ 112.780623063707097, 27.992607471465117 ], [ 112.781845160565709, 27.992491340861964 ], [ 112.781881452503185, 27.99248735413526 ], [ 112.782647976850299, 27.992866130588428 ], [ 112.783145621059788, 27.993112474413202 ], [ 112.783174733661525, 27.993134102238709 ], [ 112.785763248915671, 27.995713274585388 ], [ 112.78542611478278, 27.99612396417275 ], [ 112.784992261738211, 27.996652155419692 ], [ 112.785036264814096, 27.996695274010403 ], [ 112.78550957366258, 27.997052138957461 ], [ 112.786124134504647, 27.997533307335733 ], [ 112.786216704996349, 27.997627304295452 ], [ 112.787197164925004, 27.998619045511735 ], [ 112.787264544859497, 27.998691288703618 ], [ 112.787315854831917, 27.998743389180813 ], [ 112.789357538623122, 27.999858818456143 ], [ 112.793997044214819, 27.997180902480963 ], [ 112.796410485904914, 27.995731115961075 ], [ 112.798131545699903, 27.995154688832312 ], [ 112.801415408187907, 27.995800985466229 ], [ 112.802800170181499, 27.995696181191512 ], [ 112.803848631678846, 27.996010594503112 ], [ 112.804011351611123, 27.996035124839 ], [ 112.805470780672835, 27.99625513773201 ], [ 112.805969758880551, 27.995100095967885 ], [ 112.80597195076983, 27.995030602779252 ], [ 112.806024685470263, 27.993582600618005 ], [ 112.806024685470263, 27.992604400118289 ], [ 112.806196952697363, 27.992051260392927 ], [ 112.806459895869224, 27.991206956000426 ], [ 112.804578278386913, 27.989545438020905 ], [ 112.801751707785854, 27.986769951552859 ], [ 112.801771490485024, 27.986018787088128 ], [ 112.802562782282848, 27.985564591694899 ], [ 112.803426115373171, 27.984650996023039 ], [ 112.804474181611795, 27.98353268046499 ], [ 112.805374637581238, 27.982648348819296 ], [ 112.805494122497166, 27.982511896783816 ], [ 112.805618050480518, 27.982370370660668 ], [ 112.806400549568309, 27.981476750234606 ], [ 112.805767515770739, 27.980096632196833 ], [ 112.805272958172537, 27.979135779805528 ], [ 112.804106529013751, 27.978756786930614 ], [ 112.80226604808324, 27.977633339284161 ], [ 112.802701258482188, 27.976794758563855 ], [ 112.803661835998682, 27.974095658278408 ], [ 112.801802299106029, 27.975021613306868 ], [ 112.800835555553462, 27.973938419782773 ], [ 112.800882422458471, 27.973554057433695 ], [ 112.800931878308106, 27.973099810337423 ], [ 112.80075383760871, 27.972802800915193 ], [ 112.80041753801072, 27.971702113441907 ], [ 112.800071347961463, 27.97140510017168 ], [ 112.799280055265342, 27.971090615108086 ], [ 112.798844965240662, 27.97133197153553 ], [ 112.798655755787294, 27.971436931193267 ], [ 112.798083226219063, 27.971754527650209 ], [ 112.797594014495104, 27.971679263488976 ], [ 112.796367511400035, 27.96958268414642 ], [ 112.796842287197379, 27.968176205565623 ], [ 112.796693919648419, 27.967215247787333 ], [ 112.796237202683244, 27.966696343610998 ], [ 112.796092626923112, 27.966532082160615 ], [ 112.796024301960912, 27.966278248885676 ], [ 112.796014764547536, 27.966242818211345 ], [ 112.795839299318033, 27.965590950757626 ], [ 112.795676539859898, 27.964986281691271 ], [ 112.79498521797683, 27.962857412654969 ], [ 112.794539058012845, 27.960801558102272 ], [ 112.792303099168393, 27.962031712121359 ], [ 112.792202801368632, 27.962082719489807 ], [ 112.791334324524968, 27.962505171385967 ], [ 112.79089423178246, 27.962982124459856 ], [ 112.789105010518668, 27.964898919448007 ], [ 112.787918370164334, 27.964112307760772 ], [ 112.787336255572001, 27.963726019658321 ], [ 112.786880681263867, 27.963421123084952 ], [ 112.785148549733037, 27.96214697813928 ], [ 112.781983381643542, 27.960120105418333 ], [ 112.780770942572559, 27.960318554009291 ], [ 112.780735470796941, 27.960316166496522 ], [ 112.780669476962899, 27.960326241815903 ], [ 112.780642319095222, 27.960339606013893 ], [ 112.779894220092899, 27.960225177544263 ], [ 112.779586458174876, 27.960185201541194 ], [ 112.777447718603725, 27.959758788333854 ], [ 112.777408336461676, 27.959661416303287 ], [ 112.777348062201057, 27.959559790430973 ], [ 112.777323531007283, 27.959482345261431 ], [ 112.777039858311895, 27.958805825176327 ], [ 112.777037983527919, 27.958765771681136 ], [ 112.777030086438231, 27.9585970142622 ], [ 112.77702030647977, 27.958388020445721 ], [ 112.777005517515221, 27.95807197953129 ], [ 112.777003770291998, 27.957969059592642 ], [ 112.776979549016986, 27.957517047974701 ], [ 112.776975567683664, 27.957431962523039 ], [ 112.776958675763069, 27.957070989539748 ], [ 112.775987628381955, 27.956557029196787 ], [ 112.775679830531317, 27.956394736823373 ], [ 112.77546962655147, 27.956288514380507 ], [ 112.775402785606104, 27.956246808704588 ], [ 112.774890243735911, 27.956539003599779 ], [ 112.773654350551169, 27.957223958300933 ], [ 112.773656100469353, 27.957191191541181 ], [ 112.773388301005085, 27.956099734969907 ], [ 112.773982291325439, 27.955030578888827 ], [ 112.776247223532778, 27.953150524329409 ], [ 112.779157622221177, 27.950863606181688 ], [ 112.77929134992597, 27.950092505759461 ], [ 112.779387302574705, 27.949539219453332 ], [ 112.779398106612618, 27.949476918096416 ], [ 112.779503028041191, 27.946414312674591 ], [ 112.779595867129174, 27.943704324128102 ], [ 112.779771266781637, 27.940511574864416 ], [ 112.779968323917331, 27.940014181600496 ], [ 112.787394197806151, 27.939249376421365 ], [ 112.788754369317203, 27.938976276715422 ], [ 112.789648537079643, 27.938870647428491 ], [ 112.791233391616288, 27.93876107138788 ], [ 112.791299514807719, 27.938756499368189 ], [ 112.796666623440203, 27.934277001662849 ], [ 112.797196035671419, 27.933673304850895 ], [ 112.797995085320011, 27.932771939863681 ], [ 112.798051608216014, 27.932713115384463 ], [ 112.797849509734974, 27.932356007457162 ], [ 112.797522539141227, 27.93178586805816 ], [ 112.79737263098157, 27.931184079601131 ], [ 112.797263334757574, 27.930756437560877 ], [ 112.797277251457942, 27.930675318449488 ], [ 112.797483192931793, 27.929526193150515 ], [ 112.797488555874025, 27.929496185562478 ], [ 112.798061836433831, 27.929252310899692 ], [ 112.799113890294009, 27.928804764234251 ], [ 112.799515545023823, 27.928633898785598 ], [ 112.801240495422306, 27.929465773187335 ], [ 112.803408017913455, 27.929485015257953 ], [ 112.804507944791737, 27.929490600410361 ], [ 112.804663044315433, 27.928811013739267 ], [ 112.80467122976431, 27.928765628228707 ], [ 112.804683807076572, 27.928707935751053 ], [ 112.804808239913129, 27.928169588343241 ], [ 112.805194399602641, 27.927191516320097 ], [ 112.805368790447034, 27.926743212658678 ], [ 112.805450586545234, 27.926102923487846 ], [ 112.805635198420973, 27.924679612067067 ], [ 112.80563405037401, 27.924620860967895 ], [ 112.80531576918402, 27.924361532663102 ], [ 112.804777267798769, 27.923932629387195 ], [ 112.804702924124143, 27.923862197424999 ], [ 112.805007582362862, 27.923302286457268 ], [ 112.805283574462564, 27.922795056622014 ], [ 112.805641344694152, 27.922137528689898 ], [ 112.8056181672615, 27.922042238849244 ], [ 112.805265976466131, 27.92061183658716 ], [ 112.805044959465221, 27.920440957394394 ], [ 112.804636182891826, 27.920124911813247 ], [ 112.804064797777272, 27.919683144000146 ], [ 112.80360351826873, 27.918366309526991 ], [ 112.80357681854187, 27.918290089766234 ], [ 112.803699398153967, 27.918046384295181 ], [ 112.803817663157744, 27.917811257335533 ], [ 112.803973781370985, 27.917500870010702 ], [ 112.803996859090617, 27.917454988406753 ], [ 112.804027260774788, 27.917394545821196 ], [ 112.804384279116448, 27.917244321885722 ], [ 112.805608561576165, 27.916731665150063 ], [ 112.805434070120441, 27.916602616714201 ], [ 112.804093346236982, 27.915587150372808 ], [ 112.804050881076861, 27.915554986961642 ], [ 112.804027260774788, 27.915537097404517 ], [ 112.80405183418938, 27.915475786931953 ], [ 112.804496938632866, 27.914365255510308 ], [ 112.804665387121702, 27.913944973708698 ], [ 112.804646930335863, 27.913917513856436 ], [ 112.804630200112015, 27.913890186561499 ], [ 112.803999578290984, 27.912842378121891 ], [ 112.803988102313241, 27.912816924731565 ], [ 112.803975298625474, 27.912658522191485 ], [ 112.803945282318594, 27.911491445342161 ], [ 112.803108274357655, 27.911323012570037 ], [ 112.802428300891549, 27.911190088611018 ], [ 112.802390850127367, 27.911099948944848 ], [ 112.801870786663301, 27.909934487386977 ], [ 112.801558980529876, 27.909236829240797 ], [ 112.800195355894886, 27.908077706274426 ], [ 112.799852288389545, 27.906027687978302 ], [ 112.798169622589825, 27.904396307264832 ], [ 112.79602953285081, 27.902649403481327 ], [ 112.795118503710469, 27.900826712587033 ], [ 112.795067672540114, 27.900725013910133 ], [ 112.794484195203523, 27.899557636039834 ], [ 112.794409317031324, 27.899407824773288 ], [ 112.79384879254853, 27.89828635737997 ], [ 112.787146776624098, 27.898878666271013 ], [ 112.783318260189404, 27.901696770191602 ], [ 112.78019105670046, 27.901603085842336 ], [ 112.777987354561205, 27.899273537328646 ], [ 112.778784617460701, 27.903066695764529 ], [ 112.776988853766696, 27.904120318731337 ], [ 112.77449318478709, 27.905584577321612 ], [ 112.774394565938564, 27.906339890431425 ], [ 112.774175164108513, 27.908020241703849 ], [ 112.773622728954876, 27.909373203210006 ], [ 112.773340949908146, 27.909225747339985 ], [ 112.770168336581534, 27.907565491126448 ], [ 112.765986130063339, 27.910455850452795 ], [ 112.761880164461601, 27.908103402107564 ], [ 112.761843355992823, 27.908083392556666 ], [ 112.761799195711774, 27.908011808727125 ], [ 112.75954656593224, 27.904460408110818 ], [ 112.758572925114947, 27.902703531844061 ], [ 112.758486141570302, 27.90253992092153 ], [ 112.758441301264568, 27.902380083076181 ], [ 112.757514742947905, 27.899077207495353 ], [ 112.757449242288985, 27.898482856957205 ], [ 112.757346567546932, 27.897551182948124 ], [ 112.757224807198398, 27.896613432155757 ], [ 112.757161055559308, 27.896122440818012 ], [ 112.756737027389022, 27.894084693479162 ], [ 112.756922539376646, 27.892093754494468 ], [ 112.756737027389022, 27.890524400637396 ], [ 112.752727686375863, 27.888285633092991 ], [ 112.750720842844615, 27.888865518493088 ], [ 112.74979023222771, 27.889134420754775 ], [ 112.749731737529686, 27.889151322996984 ], [ 112.748704469086519, 27.889448154301483 ], [ 112.747868877768809, 27.89422119849225 ], [ 112.746955916352277, 27.896313613103072 ], [ 112.743412390441492, 27.895588794823752 ], [ 112.743041016123271, 27.895096461849267 ], [ 112.742985048386117, 27.892425345058349 ], [ 112.742963646922789, 27.891403897128086 ], [ 112.741243321949739, 27.891964041500838 ], [ 112.739307578276581, 27.891964041500838 ], [ 112.738638199540958, 27.892308126957744 ], [ 112.738222060375477, 27.892363090177131 ], [ 112.738085054718226, 27.892554860598434 ], [ 112.737728723587722, 27.893053624228681 ], [ 112.735132725367293, 27.893431603058577 ], [ 112.734112332629309, 27.893544333345194 ], [ 112.733031917159025, 27.894903718593699 ], [ 112.730307043034671, 27.896672149246264 ], [ 112.729897441807822, 27.8965370978263 ], [ 112.728615836951519, 27.896114530112943 ], [ 112.726398105822497, 27.895926553838667 ], [ 112.726338231312198, 27.89592147903765 ], [ 112.725669954809391, 27.895864835286424 ], [ 112.724700141713484, 27.896234572856269 ], [ 112.724087685624127, 27.899945702480107 ], [ 112.7227162231883, 27.90746637957497 ], [ 112.721494683285187, 27.909992334359039 ], [ 112.720957938106295, 27.911102222441659 ], [ 112.720734511823778, 27.911687477194981 ], [ 112.719973298316631, 27.913681420596813 ], [ 112.718672166780991, 27.915825527157697 ], [ 112.716632556301434, 27.918497832403052 ], [ 112.722751388638414, 27.919057143563165 ], [ 112.724087685624127, 27.919430015797985 ], [ 112.726885046605418, 27.920565653091089 ], [ 112.727693858246198, 27.9223056898288 ], [ 112.727623526447672, 27.923393198568547 ], [ 112.725830075915525, 27.924729265531276 ], [ 112.72431794988259, 27.925599253893807 ], [ 112.723966292686526, 27.926593517621018 ], [ 112.724388281681144, 27.928147037129953 ], [ 112.725900406815754, 27.929824812167553 ], [ 112.728467503538567, 27.931005453415441 ], [ 112.729829955872106, 27.930097476257291 ], [ 112.73436741644079, 27.931442131983935 ], [ 112.736942438999336, 27.933087078620375 ], [ 112.737645752493151, 27.934578367854375 ], [ 112.737997409689214, 27.935727888630392 ], [ 112.738454564133932, 27.938244365273807 ], [ 112.738841386780138, 27.93989091778791 ], [ 112.739052381277432, 27.941661709449942 ], [ 112.739087546727546, 27.944115916425748 ], [ 112.738595226832715, 27.946352614207516 ], [ 112.738595226832715, 27.947377751381222 ], [ 112.738700724081355, 27.948930972063962 ], [ 112.739157878526086, 27.949925021100977 ], [ 112.739841956394727, 27.950505277495846 ], [ 112.740334276289559, 27.951312931012605 ], [ 112.7411079215819, 27.952400147818743 ], [ 112.741449839243671, 27.952758805872371 ], [ 112.742233224968672, 27.953580542355159 ], [ 112.743991510050677, 27.956034479272578 ], [ 112.745257475237878, 27.957742882629407 ], [ 112.746910263969539, 27.959482320664062 ], [ 112.747930069209318, 27.961314912669962 ], [ 112.749883137791016, 27.963426861202382 ], [ 112.752080057649863, 27.966613303668133 ], [ 112.753117990892079, 27.968118703925988 ], [ 112.753961967084663, 27.970572310324233 ], [ 112.754524618778035, 27.972342598803049 ], [ 112.754489453327935, 27.974143915727485 ], [ 112.753610310786911, 27.976814777604066 ], [ 112.754454286979495, 27.97855390822021 ], [ 112.754946606874313, 27.98010667948995 ], [ 112.755157601371636, 27.981566264765551 ], [ 112.755263098620262, 27.98361586128161 ], [ 112.755634963418657, 27.984960455017752 ], [ 112.756900928605845, 27.986326814278595 ], [ 112.757498714308298, 27.987674687639171 ], [ 112.758975705433826, 27.989214742749276 ], [ 112.759749350726196, 27.990953673387907 ], [ 112.760522996916876, 27.994058837241365 ], [ 112.761030871140846, 27.995470300660347 ], [ 112.760909819563039, 27.996791307023869 ], [ 112.760522996916876, 27.998592215554513 ], [ 112.760065842472159, 28.001324570396751 ], [ 112.759163544058069, 28.00329289169218 ], [ 112.758657341598834, 28.005094167441186 ], [ 112.758856755015472, 28.006231799390179 ], [ 112.760958263011389, 28.00692249872596 ], [ 112.761418446575206, 28.007125644466736 ], [ 112.761632144103203, 28.007428388703801 ], [ 112.762691623437519, 28.008371598533195 ], [ 112.7644863414925, 28.008832056102605 ], [ 112.764976818044389, 28.007950341478203 ], [ 112.765759517456488, 28.006543291842377 ] ] ] } },
{ "type": "Feature", "properties": { "name": "建元中学", "isAssistFeature": false, "sourceFileId": null, "sourceFileName": null, "sourceGroupId": null, "id": null, "sourceFile": null }, "geometry": { "type": "Polygon", "coordinates": [ [ [ 112.919907617467715, 27.90624299816778 ], [ 112.92019232412396, 27.904607587066071 ], [ 112.920880330325346, 27.904337989711898 ], [ 112.920505501984863, 27.903500525226882 ], [ 112.922168246744818, 27.90360601759933 ], [ 112.922117247589497, 27.906953108888469 ], [ 112.92211729789517, 27.907014864778208 ], [ 112.925411466754426, 27.906630885830005 ], [ 112.931613412119773, 27.905907452871357 ], [ 112.933741811183708, 27.905659182595638 ], [ 112.932583516269844, 27.901743136400313 ], [ 112.93068816534344, 27.89774694551771 ], [ 112.929579442161909, 27.895409226190111 ], [ 112.928950020490092, 27.89377515428864 ], [ 112.928761917761179, 27.893278886984419 ], [ 112.926993924585872, 27.888128403881645 ], [ 112.926707745590875, 27.887254066353712 ], [ 112.926189130211043, 27.885736972032294 ], [ 112.920029606886644, 27.887163030177927 ], [ 112.905421090548614, 27.890545131183725 ], [ 112.905291539111573, 27.890505254850833 ], [ 112.904663456827862, 27.890301277460136 ], [ 112.904575841443261, 27.890273077183249 ], [ 112.90459582806001, 27.89023854497432 ], [ 112.905402458591283, 27.888844886872871 ], [ 112.905792504392693, 27.88739903123777 ], [ 112.904643726230944, 27.886745661489357 ], [ 112.904603087345819, 27.886722548222824 ], [ 112.904537649568965, 27.886685330374753 ], [ 112.905405637729075, 27.885237787217012 ], [ 112.90569429787088, 27.884756385176203 ], [ 112.905803559060587, 27.8842653892874 ], [ 112.90595060608608, 27.883622102950607 ], [ 112.905999884967628, 27.883383139102609 ], [ 112.906115331058047, 27.88286434290977 ], [ 112.906099457826954, 27.882821212210899 ], [ 112.90607891335641, 27.882765389774733 ], [ 112.905820712390948, 27.882063807056259 ], [ 112.906034329968861, 27.881119340317536 ], [ 112.906084132568211, 27.880899084095315 ], [ 112.906702791524609, 27.880267170718398 ], [ 112.906946459545424, 27.879772443886722 ], [ 112.904911711646534, 27.880247221132631 ], [ 112.904746423430865, 27.88028656367516 ], [ 112.903302098642314, 27.880630346393431 ], [ 112.9030327927033, 27.880694447021767 ], [ 112.900329506891865, 27.88133788811815 ], [ 112.900141005310928, 27.881382757554199 ], [ 112.900090852368649, 27.881394692719397 ], [ 112.900122603322359, 27.881508185109283 ], [ 112.900155455610602, 27.88162561261743 ], [ 112.901285997073771, 27.885666552518678 ], [ 112.899356401470428, 27.888712491087855 ], [ 112.895781290794275, 27.89263605911804 ], [ 112.900795096517086, 27.893719651108842 ], [ 112.903088520590273, 27.894187751274703 ], [ 112.903589388853348, 27.89428998089058 ], [ 112.911310016156563, 27.89586578641515 ], [ 112.908253785863238, 27.896710741119598 ], [ 112.907749291101354, 27.896644610380633 ], [ 112.907913350421694, 27.899333569270485 ], [ 112.909477761099097, 27.899346736979034 ], [ 112.90971825806696, 27.899706531729631 ], [ 112.909147014886244, 27.90165634542112 ], [ 112.908476218609039, 27.903945917272473 ], [ 112.906127544552646, 27.903537310189005 ], [ 112.904547591224201, 27.903075694367562 ], [ 112.90614102107854, 27.904245357938237 ], [ 112.904113334836069, 27.903842676652388 ], [ 112.898699078125901, 27.902767443161768 ], [ 112.898699078125901, 27.900920022096884 ], [ 112.897444817986838, 27.901141714226558 ], [ 112.897528434970141, 27.902767443161768 ], [ 112.896525027577553, 27.903063028049598 ], [ 112.897779287716617, 27.905871041034054 ], [ 112.905600948539828, 27.906507517264121 ], [ 112.907813367930586, 27.906979447212535 ], [ 112.906440859855763, 27.907409829190037 ], [ 112.905221229770916, 27.907792270874946 ], [ 112.904611553069074, 27.907657577861936 ], [ 112.904584564084672, 27.907651615299589 ], [ 112.903548883817194, 27.907422806186624 ], [ 112.902479296639299, 27.909376199923464 ], [ 112.902294623678131, 27.90971346659537 ], [ 112.901568728334709, 27.91017674494266 ], [ 112.900789511690974, 27.910674051659935 ], [ 112.900705893809373, 27.911782408625019 ], [ 112.901188228929797, 27.911853446197231 ], [ 112.902211005796545, 27.912004078496352 ], [ 112.903883352648592, 27.913112421832142 ], [ 112.902963562239293, 27.914590195278311 ], [ 112.902963562239293, 27.916152366448209 ], [ 112.903381648952305, 27.918801738179337 ], [ 112.907552768463304, 27.919677625016462 ], [ 112.907688070914759, 27.918766019668539 ], [ 112.90838155324613, 27.918776707679474 ], [ 112.908492020873226, 27.918774070007064 ], [ 112.909819092160987, 27.91869129722657 ], [ 112.910022046736486, 27.918437241966377 ], [ 112.911662595024112, 27.918138352567393 ], [ 112.912508238489877, 27.917719905544523 ], [ 112.914014179622072, 27.915627266711567 ], [ 112.916702364753604, 27.910899019744299 ], [ 112.917003604004336, 27.91036915775279 ], [ 112.91874031784144, 27.908708649184423 ], [ 112.920818679845709, 27.908532532494625 ], [ 112.92079984127588, 27.908495342785969 ], [ 112.919907617467715, 27.90624299816778 ] ] ] } },
{ "type": "Feature", "properties": { "name": "江南学校（中学部）", "isAssistFeature": false, "sourceFileId": null, "sourceFileName": null, "sourceGroupId": null, "id": null, "sourceFile": null }, "geometry": { "type": "Polygon", "coordinates": [ [ [ 112.645593711768072, 27.852481454171475 ], [ 112.645679542200199, 27.853442691562577 ], [ 112.645636626984128, 27.854277443289782 ], [ 112.646623679648627, 27.854732759993698 ], [ 112.647996971054397, 27.854846589268043 ], [ 112.651129790810529, 27.85609869783843 ], [ 112.652202674805508, 27.855339845428386 ], [ 112.653189727470007, 27.85488453206818 ], [ 112.653876372723758, 27.854277443289782 ], [ 112.655078002366892, 27.855529559227403 ], [ 112.655335494561655, 27.856212525678654 ], [ 112.656622954636944, 27.855377788850113 ], [ 112.658655124370981, 27.855222063002799 ], [ 112.659197875685862, 27.855301902787584 ], [ 112.659927436155655, 27.856136640200379 ], [ 112.660656997523773, 27.856591949096352 ], [ 112.660227843566446, 27.857730212176062 ], [ 112.659798690507444, 27.858071689404809 ], [ 112.659369537448455, 27.858754639046889 ], [ 112.657910415610559, 27.859058170928286 ], [ 112.657824584280121, 27.860082585249561 ], [ 112.658082076474841, 27.861486396970243 ], [ 112.661686965404343, 27.862245205559208 ], [ 112.662330695442009, 27.860537877572344 ], [ 112.663060256810141, 27.85924787822038 ], [ 112.663575240301242, 27.85898228823616 ], [ 112.664733954728348, 27.85955140872068 ], [ 112.664819786058828, 27.859058170928286 ], [ 112.664176055122837, 27.858564931685788 ], [ 112.664004394258569, 27.858071689404809 ], [ 112.663446494653058, 27.857540503022211 ], [ 112.663618156415637, 27.856743718568133 ], [ 112.663618156415637, 27.855795157670645 ], [ 112.663703986847779, 27.855150132091598 ], [ 112.662545272420672, 27.853860068626648 ], [ 112.662201949793811, 27.853935954904138 ], [ 112.661858627166964, 27.853822125467982 ], [ 112.658682891296436, 27.852266439764954 ], [ 112.6588974682751, 27.851773168828359 ], [ 112.661772796734809, 27.851735224939414 ], [ 112.662974425479661, 27.851659337121681 ], [ 112.663274832890451, 27.851545504501253 ], [ 112.664433547317557, 27.851507560532639 ], [ 112.665592261744663, 27.851343135985715 ], [ 112.66726596056121, 27.849559746219917 ], [ 112.667995521031003, 27.848851441792846 ], [ 112.667909690598847, 27.848889386690868 ], [ 112.666965553150433, 27.848687013218523 ], [ 112.665635176960734, 27.847890163702264 ], [ 112.664476462533628, 27.847624545895751 ], [ 112.664176055122837, 27.846637959549071 ], [ 112.665206023901746, 27.845271902526854 ], [ 112.665344182097471, 27.844444897461276 ], [ 112.664898244915705, 27.843218160621323 ], [ 112.664898244915705, 27.842341910959941 ], [ 112.664948531707026, 27.84094594165343 ], [ 112.664776869944419, 27.840186983208024 ], [ 112.664648124296207, 27.839845450453332 ], [ 112.664133139906767, 27.839731605433254 ], [ 112.66378981727992, 27.839465967647676 ], [ 112.662244865009882, 27.839541864791588 ], [ 112.661815711950879, 27.840262879053196 ], [ 112.660828658388056, 27.839655709216409 ], [ 112.660442420545124, 27.839428019452971 ], [ 112.660571167091632, 27.838820844943829 ], [ 112.655721732404572, 27.836126466171013 ], [ 112.655850478951081, 27.837037249278161 ], [ 112.655163833697372, 27.838555204928259 ], [ 112.653833457507687, 27.838972639286848 ], [ 112.653275557902134, 27.839579812946468 ], [ 112.652674743080581, 27.83980750239137 ], [ 112.651172706026614, 27.839124432623159 ], [ 112.649413177676209, 27.842463842615079 ], [ 112.648211548033075, 27.842198211519698 ], [ 112.647439071448886, 27.843829935002951 ], [ 112.648297378465173, 27.843943774927727 ], [ 112.649499008108364, 27.844626814350271 ], [ 112.649885245951282, 27.845385741732546 ], [ 112.64975650030307, 27.847358927438698 ], [ 112.649155685481503, 27.84819372599965 ], [ 112.648597785875992, 27.848345507226863 ], [ 112.648039886270467, 27.849028518134769 ], [ 112.647739478859677, 27.84982535928664 ], [ 112.647954055838312, 27.851039582504239 ], [ 112.647696563643606, 27.851684632537346 ], [ 112.647095748822025, 27.852177903876669 ], [ 112.646108696157498, 27.851912296572344 ], [ 112.645593711768072, 27.852481454171475 ] ] ] } },
{ "type": "Feature", "properties": { "name": "泉塘子中学", "isAssistFeature": false, "sourceFileId": null, "sourceFileName": null, "sourceGroupId": null, "id": null, "sourceFile": null }, "geometry": { "type": "Polygon", "coordinates": [ [ [ 112.848058040695463, 27.917104460470149 ], [ 112.848036682351278, 27.916987511999949 ], [ 112.847924235735562, 27.916371805572446 ], [ 112.848318166750602, 27.914912062822093 ], [ 112.848754944709725, 27.913293526464876 ], [ 112.848111815645012, 27.912464744927767 ], [ 112.84773665672445, 27.911043960101942 ], [ 112.847999299859026, 27.910242188690848 ], [ 112.848031424511888, 27.910144120297375 ], [ 112.847943194679644, 27.910076148947145 ], [ 112.845941254153217, 27.908533862172543 ], [ 112.846262818685574, 27.907444555969171 ], [ 112.84484257503486, 27.905318845330392 ], [ 112.844780574212294, 27.904450890433584 ], [ 112.845271175629975, 27.903417015155423 ], [ 112.844535273952573, 27.901816156549508 ], [ 112.842101137773284, 27.900248625933742 ], [ 112.841157674061307, 27.898614367490772 ], [ 112.842440784494016, 27.898347547393548 ], [ 112.843289901744967, 27.898797805876395 ], [ 112.844818313335693, 27.898047374295569 ], [ 112.845082482707895, 27.897196878932878 ], [ 112.845060254794518, 27.897053748425989 ], [ 112.844874920673305, 27.895796048331352 ], [ 112.845554215013053, 27.895629281405721 ], [ 112.845176829168949, 27.894278460790662 ], [ 112.845195698281472, 27.893761476188889 ], [ 112.845768569209511, 27.893774458792084 ], [ 112.84583089612056, 27.89377587122171 ], [ 112.846667501636233, 27.893794829852578 ], [ 112.847274824752034, 27.893658299689402 ], [ 112.847613296476382, 27.893388397174334 ], [ 112.847660382570297, 27.89336621504005 ], [ 112.847363093211882, 27.89030700755098 ], [ 112.84644998986154, 27.889556268585636 ], [ 112.845410676807063, 27.892061256987763 ], [ 112.845454315166933, 27.893350324152937 ], [ 112.84183213456653, 27.893982011121125 ], [ 112.841020868728378, 27.894115072931488 ], [ 112.83897570037216, 27.891375847197541 ], [ 112.838256554969789, 27.889310105332857 ], [ 112.838247526901185, 27.889284173195168 ], [ 112.837188495826183, 27.88624203968244 ], [ 112.837971043423025, 27.882491970347481 ], [ 112.829816278309295, 27.881502924621991 ], [ 112.822041448458464, 27.881209591506607 ], [ 112.82123697388387, 27.881179239400375 ], [ 112.818999457360704, 27.881445596013574 ], [ 112.816859047821424, 27.88170039241971 ], [ 112.817747902947303, 27.874471961697584 ], [ 112.817976049876634, 27.872616524911454 ], [ 112.821610442175015, 27.871454876799763 ], [ 112.82177435866322, 27.87015690737908 ], [ 112.821864755231942, 27.869420307083303 ], [ 112.822538683934511, 27.866508895923673 ], [ 112.823344507778685, 27.866780895264451 ], [ 112.828099387595543, 27.868387769697986 ], [ 112.832467183356528, 27.869285727530627 ], [ 112.834236350629908, 27.86967720523025 ], [ 112.837207427820815, 27.870931964758945 ], [ 112.839216306036164, 27.870794837976874 ], [ 112.841507028875313, 27.870712669347501 ], [ 112.844302961535277, 27.870694361026128 ], [ 112.844624416473181, 27.867859480055614 ], [ 112.844630820562813, 27.867440897389947 ], [ 112.844634979762589, 27.867140779172672 ], [ 112.844673730389005, 27.863310970747026 ], [ 112.844723044304843, 27.862090251988064 ], [ 112.844760641494432, 27.861545139460638 ], [ 112.845007514704179, 27.850101050143962 ], [ 112.845509232773523, 27.849458584778819 ], [ 112.854979939946986, 27.837433911438179 ], [ 112.858832753115109, 27.836874014992219 ], [ 112.856044332167542, 27.835230171966302 ], [ 112.855239425503314, 27.834755654291214 ], [ 112.854773623875673, 27.830930731527317 ], [ 112.857102632912202, 27.829459570818926 ], [ 112.855809800013191, 27.827673591319183 ], [ 112.847018119481518, 27.827778463994033 ], [ 112.841010624340882, 27.826572748630014 ], [ 112.834284289225039, 27.826593065591084 ], [ 112.827454963160193, 27.829783757649171 ], [ 112.822444060792378, 27.832124814575426 ], [ 112.812167636674303, 27.836668540146317 ], [ 112.805473219598809, 27.83943020945966 ], [ 112.799657206649201, 27.839434192300907 ], [ 112.792731790493349, 27.841607155930678 ], [ 112.785136171846759, 27.844965286691583 ], [ 112.782994009694377, 27.846306954817535 ], [ 112.779774559107167, 27.84832331269174 ], [ 112.777879658236756, 27.848092216183648 ], [ 112.773295943414084, 27.847533198420994 ], [ 112.767934330674507, 27.844570217646815 ], [ 112.764806723841943, 27.838841558374874 ], [ 112.757570727753048, 27.833427884906243 ], [ 112.75406773382791, 27.830806993139483 ], [ 112.752565475788387, 27.829915721769453 ], [ 112.749484893964322, 27.828452676648524 ], [ 112.747050854803092, 27.824786568301551 ], [ 112.745455756777275, 27.827971473621194 ], [ 112.745035166459544, 27.828822644254824 ], [ 112.740018979302917, 27.833971669167109 ], [ 112.738592784313468, 27.836847144872376 ], [ 112.738459672852954, 27.837620651506942 ], [ 112.738630816287639, 27.840008399072392 ], [ 112.73986256644227, 27.842625708613642 ], [ 112.742277590065584, 27.843760682899479 ], [ 112.74396709473956, 27.844615636080718 ], [ 112.744689700452412, 27.845473157643212 ], [ 112.745205320849095, 27.84622827443382 ], [ 112.745594277892394, 27.846348015824745 ], [ 112.746100668099501, 27.847076593333504 ], [ 112.746148207842666, 27.847227917820543 ], [ 112.745939032433824, 27.848505760801523 ], [ 112.729718441707689, 27.854735027526115 ], [ 112.728386818656375, 27.861896378639681 ], [ 112.72823759950451, 27.862698836122597 ], [ 112.723084281824839, 27.867456362450053 ], [ 112.719832557464414, 27.871743000782356 ], [ 112.718934611387894, 27.873062636423988 ], [ 112.718762101615653, 27.873316157380085 ], [ 112.716594285375393, 27.877484899336945 ], [ 112.715928728072981, 27.878980901665244 ], [ 112.71596074941958, 27.882222090812206 ], [ 112.715988715771019, 27.885052688603128 ], [ 112.716635256637176, 27.886212430583928 ], [ 112.719341212241659, 27.893453315162095 ], [ 112.719375680599128, 27.893545545703063 ], [ 112.721011050997447, 27.894285034631441 ], [ 112.724277528389763, 27.895293860394744 ], [ 112.724546863074877, 27.895383462239664 ], [ 112.724700141713484, 27.896234572856269 ], [ 112.725669954809391, 27.895864835286424 ], [ 112.726338231312198, 27.89592147903765 ], [ 112.726398105822497, 27.895926553838667 ], [ 112.728615836951519, 27.896114530112943 ], [ 112.729897441807822, 27.8965370978263 ], [ 112.730307043034671, 27.896672149246264 ], [ 112.733031917159025, 27.894903718593699 ], [ 112.734112332629309, 27.893544333345194 ], [ 112.735132725367293, 27.893431603058577 ], [ 112.737728723587722, 27.893053624228681 ], [ 112.738085054718226, 27.892554860598434 ], [ 112.738222060375477, 27.892363090177131 ], [ 112.738638199540958, 27.892308126957744 ], [ 112.739307578276581, 27.891964041500838 ], [ 112.741243321949739, 27.891964041500838 ], [ 112.742963646922789, 27.891403897128086 ], [ 112.742985048386117, 27.892425345058349 ], [ 112.743041016123271, 27.895096461849267 ], [ 112.743412390441492, 27.895588794823752 ], [ 112.746955916352277, 27.896313613103072 ], [ 112.747868877768809, 27.89422119849225 ], [ 112.748704469086519, 27.889448154301483 ], [ 112.749731737529686, 27.889151322996984 ], [ 112.74979023222771, 27.889134420754775 ], [ 112.750720842844615, 27.888865518493088 ], [ 112.752727686375863, 27.888285633092991 ], [ 112.756737027389022, 27.890524400637396 ], [ 112.756922539376646, 27.892093754494468 ], [ 112.756737027389022, 27.894084693479162 ], [ 112.757161055559308, 27.896122440818012 ], [ 112.757224807198398, 27.896613432155757 ], [ 112.757346567546932, 27.897551182948124 ], [ 112.757449242288985, 27.898482856957205 ], [ 112.757514742947905, 27.899077207495353 ], [ 112.758441301264568, 27.902380083076181 ], [ 112.758486141570302, 27.90253992092153 ], [ 112.758572925114947, 27.902703531844061 ], [ 112.75954656593224, 27.904460408110818 ], [ 112.761799195711774, 27.908011808727125 ], [ 112.761843355992823, 27.908083392556666 ], [ 112.761880164461601, 27.908103402107564 ], [ 112.765986130063339, 27.910455850452795 ], [ 112.770168336581534, 27.907565491126448 ], [ 112.773340949908146, 27.909225747339985 ], [ 112.773622728954876, 27.909373203210006 ], [ 112.774175164108513, 27.908020241703849 ], [ 112.774394565938564, 27.906339890431425 ], [ 112.77449318478709, 27.905584577321612 ], [ 112.776988853766696, 27.904120318731337 ], [ 112.778784617460701, 27.903066695764529 ], [ 112.777987354561205, 27.899273537328646 ], [ 112.78019105670046, 27.901603085842336 ], [ 112.783318260189404, 27.901696770191602 ], [ 112.787146776624098, 27.898878666271013 ], [ 112.79384879254853, 27.89828635737997 ], [ 112.794409317031324, 27.899407824773288 ], [ 112.794484195203523, 27.899557636039834 ], [ 112.795067672540114, 27.900725013910133 ], [ 112.795118503710469, 27.900826712587033 ], [ 112.79602953285081, 27.902649403481327 ], [ 112.798169622589825, 27.904396307264832 ], [ 112.799852288389545, 27.906027687978302 ], [ 112.800195355894886, 27.908077706274426 ], [ 112.801558980529876, 27.909236829240797 ], [ 112.801870786663301, 27.909934487386977 ], [ 112.802390850127367, 27.911099948944848 ], [ 112.802428300891549, 27.911190088611018 ], [ 112.803108274357655, 27.911323012570037 ], [ 112.803945282318594, 27.911491445342161 ], [ 112.803975298625474, 27.912658522191485 ], [ 112.805956378474377, 27.912459589140081 ], [ 112.806582622805053, 27.912698287166293 ], [ 112.807858891668531, 27.914201996413009 ], [ 112.807915570871387, 27.914268775271008 ], [ 112.80794435558802, 27.914302690176953 ], [ 112.808593227582378, 27.91506718767948 ], [ 112.808836099695824, 27.91439269143503 ], [ 112.810157031896978, 27.910724163240221 ], [ 112.815295243506824, 27.911316404042591 ], [ 112.817664551865349, 27.913163765853472 ], [ 112.819093052830155, 27.914277559411254 ], [ 112.819533633357864, 27.914412974471631 ], [ 112.824231265338341, 27.915856809388366 ], [ 112.828448988547947, 27.915718775058476 ], [ 112.830263079670374, 27.915659404700122 ], [ 112.830548582233945, 27.91767763330779 ], [ 112.830564058409692, 27.917787032282586 ], [ 112.831156681494193, 27.921976183919224 ], [ 112.832497084679076, 27.927897830552105 ], [ 112.834369317461636, 27.931389948209613 ], [ 112.834419327571823, 27.931483226589247 ], [ 112.834507689456416, 27.931648038196894 ], [ 112.835396441276032, 27.931206351602146 ], [ 112.838082097650044, 27.929871640145247 ], [ 112.840539503788449, 27.927108295987097 ], [ 112.846979837775677, 27.922178450623154 ], [ 112.848426878171352, 27.919124015467911 ], [ 112.848058040695463, 27.917104460470149 ] ] ] } },
{ "type": "Feature", "properties": { "name": "湖南师范大学竹埠港实验中学", "isAssistFeature": false, "sourceFileId": "file_1777360798519_7_g1", "sourceFileName": "湖南师范大学竹埠港实验中学.geojson", "sourceGroupId": 1.0, "id": "imported_1777360798519_7_0_g1", "sourceFile": "湖南师范大学竹埠港实验中学.geojson" }, "geometry": { "type": "Polygon", "coordinates": [ [ [ 113.002309800900548, 27.920056682416174 ], [ 113.001025642133925, 27.913300000718877 ], [ 113.004812177600414, 27.908638896356265 ], [ 113.005698799514491, 27.907545043273743 ], [ 113.011147412292715, 27.894921662374969 ], [ 113.013089723548887, 27.890421347293781 ], [ 113.017787664549772, 27.885743437613101 ], [ 113.022640331375257, 27.882340673653502 ], [ 113.023200421971751, 27.881947922828559 ], [ 113.023033058647812, 27.881760694550408 ], [ 113.009266483818195, 27.87720518630006 ], [ 113.002290401782005, 27.874896652295334 ], [ 113.001793859805346, 27.873792394674098 ], [ 113.001685123231795, 27.873550575810171 ], [ 112.999405228685092, 27.873578789971077 ], [ 112.989427715384537, 27.873702261977243 ], [ 112.988020518865, 27.873749631203779 ], [ 112.987482853811272, 27.861631159674133 ], [ 112.986828706909591, 27.858813792825998 ], [ 112.986629734565724, 27.857956819926855 ], [ 112.98646874748367, 27.858539481417139 ], [ 112.986203019534443, 27.858668574457852 ], [ 112.985420793534459, 27.859036463048255 ], [ 112.984717634550876, 27.859127770652634 ], [ 112.984575795059072, 27.859291528180023 ], [ 112.984146772255798, 27.859786845701493 ], [ 112.984173636374365, 27.861045609670683 ], [ 112.984345335866195, 27.861256804906105 ], [ 112.984482573288801, 27.861425610221033 ], [ 112.984730222642952, 27.86138203974491 ], [ 112.985265916792983, 27.860908441787416 ], [ 112.984798031972176, 27.861555891097595 ], [ 112.984967555744376, 27.862239305618232 ], [ 112.985384206051265, 27.862366030784543 ], [ 112.985624836868084, 27.8624943473298 ], [ 112.985810548281762, 27.862675430233892 ], [ 112.985884565867877, 27.862747603139638 ], [ 112.985768576296721, 27.863105859685163 ], [ 112.985536558526789, 27.863822489142549 ], [ 112.985067184299297, 27.864631808197785 ], [ 112.984482794274328, 27.864608171626017 ], [ 112.983806735666263, 27.865124802233808 ], [ 112.98367687071719, 27.86580013361835 ], [ 112.983783817846685, 27.866343772249962 ], [ 112.983516450472081, 27.866951563769291 ], [ 112.98334053159337, 27.866923210495941 ], [ 112.983359780693249, 27.86711252521647 ], [ 112.983174506759184, 27.867325238142726 ], [ 112.983244711895253, 27.867621607519766 ], [ 112.983279743496382, 27.867700965660006 ], [ 112.983326094768415, 27.867805966404276 ], [ 112.983199703604569, 27.867824135445744 ], [ 112.983051088120604, 27.867845499293125 ], [ 112.983037986192187, 27.868018349991672 ], [ 112.983035090023733, 27.868056561363417 ], [ 112.983019808782387, 27.868258158546809 ], [ 112.983212301578135, 27.868283683564229 ], [ 112.983149741105109, 27.868462360106236 ], [ 112.983152146793444, 27.868860127896284 ], [ 112.982947623759443, 27.869040930160352 ], [ 112.982837021385023, 27.869471649596392 ], [ 112.982816449066718, 27.869899025659578 ], [ 112.982988742344943, 27.870121805724978 ], [ 112.983058174031569, 27.870344585332333 ], [ 112.982873023166675, 27.87032867280206 ], [ 112.98250529241524, 27.87010589236786 ], [ 112.982253281740384, 27.870383231060046 ], [ 112.981718401464008, 27.870631016036768 ], [ 112.9812246658243, 27.871244792546889 ], [ 112.980957225686112, 27.871233426435069 ], [ 112.980512349414695, 27.871126584290224 ], [ 112.979937085374729, 27.871179819156708 ], [ 112.979578880358531, 27.871212967748434 ], [ 112.979530020990254, 27.87162442380891 ], [ 112.979229150947106, 27.871331175910797 ], [ 112.978982283127237, 27.871167502486401 ], [ 112.979164863013793, 27.870851521048976 ], [ 112.979028570618851, 27.870737858670296 ], [ 112.978586266224127, 27.870571910795633 ], [ 112.978326540817577, 27.870660568248184 ], [ 112.978568265782442, 27.870908352590703 ], [ 112.978462832314193, 27.871160682655798 ], [ 112.978658268889077, 27.871508488706738 ], [ 112.978524549269139, 27.87165170221806 ], [ 112.978082244874386, 27.871026561085458 ], [ 112.977976811406137, 27.871167502486401 ], [ 112.977976811406137, 27.871597144598795 ], [ 112.977242138624064, 27.871507792273022 ], [ 112.977126419445824, 27.871648733048019 ], [ 112.976864122162596, 27.871414589235243 ], [ 112.976354957957881, 27.871735115295763 ], [ 112.976465534281161, 27.872157936183456 ], [ 112.976169807092958, 27.872780797280299 ], [ 112.975234172198711, 27.87378013229916 ], [ 112.974385564292533, 27.874298417732177 ], [ 112.973196537114461, 27.873527207205512 ], [ 112.972841664847991, 27.873477196722774 ], [ 112.972545896337323, 27.87295355275478 ], [ 112.972531390342141, 27.87292787081185 ], [ 112.972459153216874, 27.872904988855424 ], [ 112.972199933561839, 27.872822877413384 ], [ 112.971888007952487, 27.873064768576313 ], [ 112.971672697050238, 27.873231736223048 ], [ 112.971548388181205, 27.873209447520978 ], [ 112.971717571491936, 27.873714412393852 ], [ 112.969999324322146, 27.873320580493854 ], [ 112.970022629315551, 27.873848002565609 ], [ 112.970051693408237, 27.874549412982503 ], [ 112.970581383218899, 27.874278879179101 ], [ 112.974244716540824, 27.87768940192538 ], [ 112.975435642757375, 27.878794049404505 ], [ 112.976658131281425, 27.880541792385316 ], [ 112.976145919991268, 27.881121380996831 ], [ 112.97467013350655, 27.881732758050489 ], [ 112.972264154121518, 27.881684953213991 ], [ 112.969291407860808, 27.88079035134335 ], [ 112.969260138404096, 27.880780941162357 ], [ 112.970853803617004, 27.88303620808118 ], [ 112.97279123252963, 27.885239693631291 ], [ 112.97293447069832, 27.885400925658104 ], [ 112.965907772189155, 27.887775807860848 ], [ 112.960129848819861, 27.889482022819394 ], [ 112.960491759163588, 27.890265713746217 ], [ 112.961113038586959, 27.893954849240771 ], [ 112.961269866402574, 27.895842017342702 ], [ 112.962105860155859, 27.899171170984431 ], [ 112.964480447178587, 27.907700605868612 ], [ 112.969776648557954, 27.917131205959564 ], [ 112.973347497282717, 27.921096569847393 ], [ 112.977063110144968, 27.926063729088511 ], [ 112.979705055654136, 27.928195487090719 ], [ 112.981188888063372, 27.929154764474944 ], [ 112.993457648715619, 27.934249450551903 ], [ 112.995590977497159, 27.935460618038036 ], [ 112.998369945472959, 27.937390547243027 ], [ 113.000253293465391, 27.939681555856239 ], [ 113.00015678709957, 27.936034025287512 ], [ 113.000516331503817, 27.93522140281317 ], [ 113.003236460726853, 27.931750096693406 ], [ 113.003236460726853, 27.924951471607926 ], [ 113.002309800900548, 27.920056682416174 ] ] ] } },
{ "type": "Feature", "properties": { "name": "湘机中学", "isAssistFeature": false, "sourceFileId": "file_1777360798519_8_g1", "sourceFileName": "湘机中学.geojson", "sourceGroupId": 1.0, "id": "imported_1777360798519_8_0_g1", "sourceFile": "湘机中学.geojson" }, "geometry": { "type": "Polygon", "coordinates": [ [ [ 112.931433216362009, 27.823028588281659 ], [ 112.942318747650077, 27.822462817898824 ], [ 112.942578623973546, 27.822462817898824 ], [ 112.947745311279618, 27.822291850570565 ], [ 112.951224189032644, 27.822181199973699 ], [ 112.951234649914156, 27.822090512733666 ], [ 112.95127824964645, 27.821762854118106 ], [ 112.951410161856032, 27.820770023956214 ], [ 112.951819384892147, 27.817575175485047 ], [ 112.952892389261379, 27.814055889747635 ], [ 112.952954185268055, 27.813853203416002 ], [ 112.953033400506442, 27.813593385812183 ], [ 112.955811041670586, 27.806041980007961 ], [ 112.947887907152889, 27.802954157564145 ], [ 112.946909017479342, 27.802571342707012 ], [ 112.945738542308533, 27.802283436261831 ], [ 112.935655304485593, 27.799803187612298 ], [ 112.933807652304125, 27.799348700485282 ], [ 112.932996310109189, 27.79914912553663 ], [ 112.932615263630311, 27.799098415647762 ], [ 112.932425165743098, 27.799066128657543 ], [ 112.926461879392576, 27.798279522560748 ], [ 112.924589166011316, 27.798030300087873 ], [ 112.917298015160597, 27.797043092111522 ], [ 112.916129954661287, 27.797102992336264 ], [ 112.912164448739091, 27.797306348819504 ], [ 112.907724142970878, 27.798292178005482 ], [ 112.899782899109439, 27.801084553685044 ], [ 112.895412305824792, 27.803396192844545 ], [ 112.89460376726592, 27.803851316283655 ], [ 112.893473064497869, 27.804620427602345 ], [ 112.892900756843929, 27.805067793555367 ], [ 112.891782760496696, 27.806103791847917 ], [ 112.889238011375397, 27.808727519205249 ], [ 112.887989231256242, 27.811190741723607 ], [ 112.887845987697702, 27.811383049853248 ], [ 112.887603215297219, 27.812136491382034 ], [ 112.885409625281142, 27.817639266462194 ], [ 112.884671328907217, 27.821235141346875 ], [ 112.884431869108838, 27.821784849691554 ], [ 112.889158269122618, 27.821910324173643 ], [ 112.891058385611586, 27.823537684485046 ], [ 112.892945680446516, 27.822058294545698 ], [ 112.893257845007753, 27.821812999679651 ], [ 112.898842058478067, 27.817424902088959 ], [ 112.901494227454933, 27.817845001440048 ], [ 112.902783016138557, 27.818075192284908 ], [ 112.904942908339692, 27.818155289813177 ], [ 112.907662436589817, 27.818157159271166 ], [ 112.907788810685645, 27.818176077104312 ], [ 112.907935246856752, 27.818197998142253 ], [ 112.908523629893125, 27.81828607870473 ], [ 112.910223069035823, 27.818537098739398 ], [ 112.912971066693913, 27.818938573231492 ], [ 112.913679330803276, 27.820130269680334 ], [ 112.914691424006321, 27.821833153075659 ], [ 112.91479542735668, 27.821887069171282 ], [ 112.91575503828588, 27.821280238251276 ], [ 112.915815325122921, 27.821232145373074 ], [ 112.916506481715984, 27.820584024746552 ], [ 112.916703572089347, 27.820397214845201 ], [ 112.918132641687691, 27.819042677330216 ], [ 112.918153609264749, 27.819022803872443 ], [ 112.926912123996118, 27.818704027996532 ], [ 112.927193149356327, 27.818693799657154 ], [ 112.923621337293909, 27.823772100904051 ], [ 112.923596085651269, 27.823807650542264 ], [ 112.926830581222831, 27.825112057684763 ], [ 112.928724298113707, 27.825900667706208 ], [ 112.928752728894125, 27.825848695223797 ], [ 112.928862236222244, 27.825733196580572 ], [ 112.929171375257596, 27.825422326084436 ], [ 112.930443052831649, 27.824080955823106 ], [ 112.931433216362009, 27.823028588281659 ] ] ] } },
{ "type": "Feature", "properties": { "name": "湘潭大学附属实验学校", "isAssistFeature": false, "sourceFileId": null, "sourceFileName": null, "sourceGroupId": null, "id": null, "sourceFile": null }, "geometry": { "type": "Polygon", "coordinates": [ [ [ 112.907742736094747, 27.896537171661386 ], [ 112.906120296944934, 27.896470478716697 ], [ 112.904220723936703, 27.897372787013726 ], [ 112.905048672387991, 27.897946304169263 ], [ 112.904547591224201, 27.903075694367562 ], [ 112.906127544552646, 27.903537310189005 ], [ 112.908476218609039, 27.903945917272473 ], [ 112.909147014886244, 27.90165634542112 ], [ 112.90971825806696, 27.899706531729631 ], [ 112.909477761099097, 27.899346736979034 ], [ 112.907913350421694, 27.899333569270485 ], [ 112.907749291101354, 27.896644610380633 ], [ 112.907742736094747, 27.896537171661386 ] ] ] } },
{ "type": "Feature", "properties": { "name": "湘潭大学附属实验学校", "isAssistFeature": false, "sourceFileId": null, "sourceFileName": null, "sourceGroupId": null, "id": null, "sourceFile": null }, "geometry": { "type": "Polygon", "coordinates": [ [ [ 112.872282117546519, 27.919509313738654 ], [ 112.872777386610466, 27.918881986713391 ], [ 112.873722059454792, 27.919186917740813 ], [ 112.886963437846802, 27.904651704592709 ], [ 112.887182535147986, 27.904432785489472 ], [ 112.888035839446474, 27.90357513273187 ], [ 112.888607291036394, 27.90301523421989 ], [ 112.889267134155261, 27.902371347190503 ], [ 112.891032240145265, 27.903492301480721 ], [ 112.893539928583365, 27.900339822586464 ], [ 112.894238227681299, 27.900011547779553 ], [ 112.895589497786176, 27.899365328643928 ], [ 112.895599622697731, 27.899388181985916 ], [ 112.8957947233027, 27.899889296623691 ], [ 112.899087601282915, 27.898844963266381 ], [ 112.899505710453795, 27.897503292207595 ], [ 112.901479812189564, 27.896596880405752 ], [ 112.902300813070426, 27.895367393013512 ], [ 112.903009379912049, 27.894309703997457 ], [ 112.903036134436178, 27.894268579386292 ], [ 112.903088520590273, 27.894187751274703 ], [ 112.895781290794275, 27.89263605911804 ], [ 112.899356401470428, 27.888712491087855 ], [ 112.901285997073771, 27.885666552518678 ], [ 112.900155455610602, 27.88162561261743 ], [ 112.900122603322359, 27.881508185109283 ], [ 112.900090852368649, 27.881394692719397 ], [ 112.899968936611529, 27.880912399355651 ], [ 112.8997402722526, 27.880009321006675 ], [ 112.897468974583163, 27.877640043702783 ], [ 112.897403920386921, 27.877640171547117 ], [ 112.895432966347911, 27.877649284226994 ], [ 112.895267546978232, 27.878534832788773 ], [ 112.895223976890307, 27.87876976320835 ], [ 112.896668681666213, 27.87995769207236 ], [ 112.896771967262623, 27.880042620147584 ], [ 112.897273364633421, 27.88045489706175 ], [ 112.89788426034913, 27.880957208620934 ], [ 112.899666852944421, 27.881512804809439 ], [ 112.89969902700463, 27.881522291948318 ], [ 112.89562218388609, 27.882649550763336 ], [ 112.89526303114728, 27.882744485434987 ], [ 112.893594289234485, 27.883162920833598 ], [ 112.892887947519853, 27.883036544747604 ], [ 112.889112276278382, 27.882649922368167 ], [ 112.887934358565474, 27.882515560934124 ], [ 112.88731749174805, 27.882433345613258 ], [ 112.886946758826937, 27.88089610644429 ], [ 112.885588547439838, 27.875735214740665 ], [ 112.881647774832359, 27.876407441075141 ], [ 112.881576701923692, 27.876419564983983 ], [ 112.874598281572844, 27.877609951049312 ], [ 112.873196624065329, 27.875903783894959 ], [ 112.872805997952256, 27.874624140496174 ], [ 112.87287493197222, 27.872796052730038 ], [ 112.873553069281868, 27.872181220114321 ], [ 112.873920717388316, 27.871124971448943 ], [ 112.874203295037347, 27.869601183060226 ], [ 112.874213104640262, 27.869548285714753 ], [ 112.874226683574079, 27.86947506115321 ], [ 112.874380276623043, 27.868646808885302 ], [ 112.874180422133591, 27.866755792377575 ], [ 112.874216040334602, 27.866294732076167 ], [ 112.87415049655651, 27.865356047474801 ], [ 112.87391871684018, 27.862431330306531 ], [ 112.872652428259485, 27.86290865818976 ], [ 112.869464159094107, 27.86410935005199 ], [ 112.867585107200242, 27.864818765095045 ], [ 112.866461179134205, 27.865242420627581 ], [ 112.860073522355208, 27.867650165497835 ], [ 112.86206960856093, 27.871892630362662 ], [ 112.86206960945924, 27.873581396981393 ], [ 112.86206960856093, 27.873657146366867 ], [ 112.857228037725847, 27.873919944096343 ], [ 112.855699120383633, 27.873694688711812 ], [ 112.854449450635713, 27.873390900832273 ], [ 112.852811166102597, 27.87343189043591 ], [ 112.852471407092466, 27.874483079714423 ], [ 112.851112369255318, 27.874483079714423 ], [ 112.850262970831679, 27.873281719819758 ], [ 112.841389556185604, 27.872904775242819 ], [ 112.841359242536328, 27.872903487214444 ], [ 112.841380476913002, 27.873973453139797 ], [ 112.841061952279603, 27.875118493007534 ], [ 112.843181833517974, 27.875563777109345 ], [ 112.843206683613687, 27.875568996592957 ], [ 112.843758792678869, 27.875268661077524 ], [ 112.844956133764882, 27.876874229642574 ], [ 112.844990420662654, 27.876920497695959 ], [ 112.845054125589314, 27.878647391188544 ], [ 112.845861053462983, 27.878440916379979 ], [ 112.845875345659138, 27.878473464824157 ], [ 112.847666025786936, 27.88255157011654 ], [ 112.84718371312438, 27.883293903691904 ], [ 112.847814670016987, 27.883658980422982 ], [ 112.847639147295311, 27.886496953430679 ], [ 112.84706580385344, 27.887416634052297 ], [ 112.846966775373161, 27.888372067973147 ], [ 112.846955597636068, 27.888407252639286 ], [ 112.84644998986154, 27.889556268585636 ], [ 112.847363093211882, 27.89030700755098 ], [ 112.847660382570297, 27.89336621504005 ], [ 112.848565877190197, 27.893850113070979 ], [ 112.849095785291439, 27.893602486016384 ], [ 112.849767157388698, 27.893680083202661 ], [ 112.849805113904424, 27.89368526846734 ], [ 112.850379482324058, 27.892982352006303 ], [ 112.850396944674856, 27.892953159988025 ], [ 112.850506434934914, 27.891619913664183 ], [ 112.850867069893951, 27.891076563061027 ], [ 112.85093511548007, 27.890216871924551 ], [ 112.850953792353152, 27.890005659304354 ], [ 112.851758730458457, 27.891076509865311 ], [ 112.852629363258757, 27.89167709317881 ], [ 112.853111885228785, 27.892512256976151 ], [ 112.853145503779984, 27.892559567956269 ], [ 112.853713306413184, 27.892493287799265 ], [ 112.853776051040867, 27.892484121585632 ], [ 112.85479532896953, 27.892897017255166 ], [ 112.855179913014041, 27.892927917873411 ], [ 112.855435570848954, 27.892948458998937 ], [ 112.855496083163132, 27.892953321160256 ], [ 112.855538913937565, 27.893027453214437 ], [ 112.855988748011015, 27.893806031631776 ], [ 112.856003095004425, 27.893835838727707 ], [ 112.8562485479777, 27.895098644379679 ], [ 112.856261324716002, 27.895181581297731 ], [ 112.856048710556237, 27.895437821301837 ], [ 112.856024141633227, 27.895469670739107 ], [ 112.855794154954197, 27.895744607147002 ], [ 112.855750291117161, 27.895762677817888 ], [ 112.855313351461291, 27.895910434675557 ], [ 112.854923522153868, 27.896044885873089 ], [ 112.854900781302447, 27.89610462267655 ], [ 112.854562527868751, 27.896945717846656 ], [ 112.854512310247699, 27.897367347077548 ], [ 112.85443511801536, 27.898015446225397 ], [ 112.854434715570108, 27.899230941114407 ], [ 112.854436244502708, 27.89925365316957 ], [ 112.8546714530885, 27.899843805293777 ], [ 112.854796112300477, 27.900154871261506 ], [ 112.854724017109049, 27.900968501981794 ], [ 112.854649541382102, 27.901772788883953 ], [ 112.854647467172086, 27.90180632902376 ], [ 112.85616048613042, 27.904222500858847 ], [ 112.856952459749536, 27.905487198539237 ], [ 112.857853946086578, 27.906926757856365 ], [ 112.858169261937832, 27.908120353780866 ], [ 112.857896416636578, 27.909309953881188 ], [ 112.857917676166124, 27.909336726651176 ], [ 112.858299880573412, 27.909779080503142 ], [ 112.858533465005181, 27.911786919868277 ], [ 112.860330959752687, 27.912796797775453 ], [ 112.860267615050432, 27.913701723611812 ], [ 112.860383746555428, 27.914224151255855 ], [ 112.861270568793827, 27.914718589649549 ], [ 112.861312842612762, 27.915486521307727 ], [ 112.861834299363821, 27.916064605914436 ], [ 112.86220942684335, 27.915988744114902 ], [ 112.862570921490089, 27.916499828721161 ], [ 112.863573955183483, 27.916877986005868 ], [ 112.863912328991461, 27.917002635803701 ], [ 112.865860518822856, 27.917713646666837 ], [ 112.866438909898321, 27.918576087227901 ], [ 112.86763184025628, 27.918384434364352 ], [ 112.86900551883592, 27.919725998069286 ], [ 112.86965620812208, 27.919885707095514 ], [ 112.86987923285767, 27.920340471752667 ], [ 112.870074477193114, 27.920738589481559 ], [ 112.870126150983168, 27.920843955504896 ], [ 112.871608276878874, 27.921418899997715 ], [ 112.87222252690384, 27.920858277084687 ], [ 112.872477022318805, 27.920626000241676 ], [ 112.872340817958801, 27.920528378620237 ], [ 112.871789522767216, 27.920133249388957 ], [ 112.872282117546519, 27.919509313738654 ] ] ] } },
{ "type": "Feature", "properties": { "name": "湘潭市七中", "isAssistFeature": false, "sourceFileId": null, "sourceFileName": null, "sourceGroupId": null, "id": null, "sourceFile": null }, "geometry": { "type": "Polygon", "coordinates": [ [ [ 112.970051693408251, 27.874549412982493 ], [ 112.970022629315565, 27.873848002565598 ], [ 112.969999324322131, 27.873320580493854 ], [ 112.971717571491922, 27.873714412393852 ], [ 112.971548388181219, 27.873209447520995 ], [ 112.971672697050224, 27.873231736223037 ], [ 112.971888007952472, 27.87306476857632 ], [ 112.972199933561839, 27.872822877413373 ], [ 112.972459153216874, 27.872904988855421 ], [ 112.972531390342141, 27.872927870811843 ], [ 112.972545896337323, 27.872953552754787 ], [ 112.972841664848005, 27.873477196722792 ], [ 112.973196537114475, 27.873527207205484 ], [ 112.974385564292518, 27.874298417732152 ], [ 112.975234172198711, 27.873780132299153 ], [ 112.976169807092973, 27.872780797280303 ], [ 112.976465534281147, 27.872157936183438 ], [ 112.976354957957867, 27.871735115295756 ], [ 112.97686412216261, 27.871414589235265 ], [ 112.97712641944581, 27.871648733048001 ], [ 112.977242138624064, 27.871507792273025 ], [ 112.977976811406137, 27.871597144598809 ], [ 112.977976811406137, 27.871167502486415 ], [ 112.9780822448744, 27.871026561085454 ], [ 112.978524549269139, 27.871651702218053 ], [ 112.978658268889077, 27.871508488706727 ], [ 112.978462832314179, 27.871160682655791 ], [ 112.978568265782442, 27.870908352590686 ], [ 112.978326540817591, 27.870660568248191 ], [ 112.978586266224127, 27.870571910795626 ], [ 112.979028570618851, 27.870737858670296 ], [ 112.979164863013779, 27.87085152104898 ], [ 112.978982283127223, 27.871167502486415 ], [ 112.979229150947106, 27.871331175910793 ], [ 112.979530020990254, 27.87162442380891 ], [ 112.979578880358545, 27.871212967748406 ], [ 112.979937085374729, 27.871179819156673 ], [ 112.980512349414695, 27.87112658429022 ], [ 112.980957225686112, 27.871233426435058 ], [ 112.981224665824286, 27.871244792546889 ], [ 112.981718401464008, 27.870631016036764 ], [ 112.98225328174037, 27.870383231060043 ], [ 112.982505292415226, 27.87010589236786 ], [ 112.98287302316669, 27.870328672802053 ], [ 112.983058174031569, 27.870344585332326 ], [ 112.982988742344943, 27.870121805724978 ], [ 112.982816449066718, 27.869899025659571 ], [ 112.982837021385038, 27.869471649596427 ], [ 112.982947623759443, 27.869040930160374 ], [ 112.983152146793444, 27.868860127896284 ], [ 112.983149741105109, 27.86846236010625 ], [ 112.983212301578135, 27.868283683564243 ], [ 112.983019808782402, 27.868258158546816 ], [ 112.983035090023733, 27.868056561363417 ], [ 112.983037986192201, 27.868018349991672 ], [ 112.983051088120604, 27.867845499293125 ], [ 112.983199703604569, 27.867824135445751 ], [ 112.983326094768415, 27.867805966404276 ], [ 112.983279743496396, 27.867700965660003 ], [ 112.983244711895239, 27.867621607519762 ], [ 112.983174506759184, 27.867325238142705 ], [ 112.983359780693249, 27.867112525216474 ], [ 112.983340531593356, 27.866923210495948 ], [ 112.983516450472067, 27.866951563769309 ], [ 112.9837838178467, 27.866343772249966 ], [ 112.983676870717204, 27.865800133618361 ], [ 112.983806735666263, 27.865124802233812 ], [ 112.984482794274342, 27.864608171626017 ], [ 112.985067184299297, 27.864631808197785 ], [ 112.985536558526789, 27.863822489142535 ], [ 112.985768576296721, 27.863105859685163 ], [ 112.985884565867877, 27.862747603139638 ], [ 112.985810548281748, 27.862675430233889 ], [ 112.985624836868084, 27.862494347329775 ], [ 112.985384206051251, 27.862366030784553 ], [ 112.984967555744362, 27.862239305618214 ], [ 112.984798031972176, 27.861555891097588 ], [ 112.985265916792969, 27.860908441787412 ], [ 112.984730222642952, 27.861382039744907 ], [ 112.984482573288787, 27.861425610221026 ], [ 112.984345335866195, 27.861256804906102 ], [ 112.984173636374365, 27.86104560967069 ], [ 112.984146772255798, 27.859786845701496 ], [ 112.984575795059087, 27.85929152818002 ], [ 112.984717634550861, 27.859127770652634 ], [ 112.984697486237351, 27.858789325044068 ], [ 112.983441589367885, 27.858421190205547 ], [ 112.983669933926578, 27.858278685907745 ], [ 112.983843400404552, 27.858080786257887 ], [ 112.983304481302696, 27.857871606890644 ], [ 112.983370202947214, 27.85739514237272 ], [ 112.983339275748605, 27.857317019629782 ], [ 112.983307694576439, 27.8572372440719 ], [ 112.983152698359021, 27.856845717464708 ], [ 112.982910149639054, 27.856233024525519 ], [ 112.982371230537183, 27.856221403482696 ], [ 112.982003188070337, 27.856233024525519 ], [ 112.981950610575041, 27.856058705575446 ], [ 112.982344942238683, 27.855849523100744 ], [ 112.982437511832103, 27.854829572863384 ], [ 112.982051502161269, 27.85422079364352 ], [ 112.982207992276983, 27.854036313959899 ], [ 112.981759386200522, 27.853123136770062 ], [ 112.981509001476326, 27.853261497926056 ], [ 112.981175155177397, 27.853113913216209 ], [ 112.981289914954971, 27.852209952683623 ], [ 112.976177894625479, 27.852246848790386 ], [ 112.976116456148262, 27.84863989912035 ], [ 112.975974176481969, 27.84742146235466 ], [ 112.975772562192887, 27.84738962897255 ], [ 112.975822965765147, 27.846975794948964 ], [ 112.975585347897791, 27.846740226890866 ], [ 112.975664554152999, 27.846536492757245 ], [ 112.975232522891844, 27.846332757446664 ], [ 112.974573674207932, 27.845412760654575 ], [ 112.974076838482205, 27.845438228301777 ], [ 112.973474751646165, 27.845781441656325 ], [ 112.973093966576997, 27.84599850311308 ], [ 112.972957156752514, 27.845957119489238 ], [ 112.972564728618948, 27.845501896202187 ], [ 112.973025561664741, 27.845352276259209 ], [ 112.973083166132355, 27.845174006433382 ], [ 112.972708738440474, 27.845040303871738 ], [ 112.972615132191223, 27.844747430450557 ], [ 112.97216149914243, 27.844530958248637 ], [ 112.971794272345832, 27.844728329792634 ], [ 112.970685391959137, 27.84388790545718 ], [ 112.969972539255309, 27.844887499721068 ], [ 112.969590911566414, 27.844651927921603 ], [ 112.969317291917406, 27.844817465108424 ], [ 112.968964466013162, 27.844664661438141 ], [ 112.968950065120822, 27.843805136583203 ], [ 112.968352421352208, 27.8438115029942 ], [ 112.968287616887594, 27.843404022547443 ], [ 112.966935851810973, 27.843273636456118 ], [ 112.966924620174979, 27.84307501042089 ], [ 112.966907720169544, 27.842776137757749 ], [ 112.966170663258723, 27.842773697607914 ], [ 112.966177298215413, 27.842751136545512 ], [ 112.966188891872449, 27.842140695310267 ], [ 112.965809881874307, 27.841604561654886 ], [ 112.965367817329721, 27.841902387446989 ], [ 112.965292198945761, 27.843139795723758 ], [ 112.964280525255901, 27.843009273486466 ], [ 112.964316527935878, 27.843448590758626 ], [ 112.963715927811648, 27.843750342540332 ], [ 112.963203058056379, 27.843311006632408 ], [ 112.962455192616048, 27.843601396142045 ], [ 112.962491876218991, 27.846344845799557 ], [ 112.961994694641831, 27.846296000711973 ], [ 112.961847381715003, 27.845905236042299 ], [ 112.959230704276735, 27.845830963716857 ], [ 112.959093531532844, 27.846293778277854 ], [ 112.958863472988583, 27.846242380305711 ], [ 112.95840405568768, 27.845444751094043 ], [ 112.958071952120406, 27.845100032265016 ], [ 112.95746550216704, 27.845227706003712 ], [ 112.957220033922368, 27.845763935336027 ], [ 112.95671465970986, 27.84566818032091 ], [ 112.95655582678782, 27.845795853390833 ], [ 112.956223723220546, 27.845336229000328 ], [ 112.956700220189987, 27.845068113211127 ], [ 112.955771126827571, 27.841931893476424 ], [ 112.955748917778791, 27.841856922600417 ], [ 112.954781421438028, 27.841807248597753 ], [ 112.953680602532657, 27.84175072906153 ], [ 112.953547162288785, 27.842305293468026 ], [ 112.952586396126122, 27.842210900047835 ], [ 112.952025949796777, 27.842682867916135 ], [ 112.951576154350846, 27.842660955000316 ], [ 112.951369694549101, 27.842650897314428 ], [ 112.951319291875166, 27.842648729613721 ], [ 112.951242167016431, 27.84264468413917 ], [ 112.95162464630819, 27.844317640607304 ], [ 112.951850412702058, 27.845305125763151 ], [ 112.951942882582443, 27.845300220159565 ], [ 112.953186524634845, 27.845234240723165 ], [ 112.953248875800384, 27.845840694651784 ], [ 112.952830227640305, 27.84610847889866 ], [ 112.952074371685526, 27.846246503486899 ], [ 112.952010745810597, 27.846258122421602 ], [ 112.952217541582272, 27.847276838739958 ], [ 112.953595262580663, 27.854063518166619 ], [ 112.953207558687211, 27.854654791796065 ], [ 112.953175054945277, 27.854704157311961 ], [ 112.953132680515012, 27.854768760142814 ], [ 112.953072909310947, 27.854859885491631 ], [ 112.953554036197346, 27.856625872541851 ], [ 112.95393493625086, 27.85802395354855 ], [ 112.954705932411443, 27.860853817606753 ], [ 112.955313550174679, 27.863083962014759 ], [ 112.955814637626688, 27.864923074538492 ], [ 112.956388229003579, 27.865870851942137 ], [ 112.956657925709763, 27.866316483768895 ], [ 112.957485680124947, 27.86619452175697 ], [ 112.959003230185544, 27.866124829684352 ], [ 112.959377690216797, 27.866699790126994 ], [ 112.960994785288975, 27.867345929452217 ], [ 112.961811682665626, 27.867396707521085 ], [ 112.960835858942175, 27.868530668093612 ], [ 112.96081647868823, 27.868556802145132 ], [ 112.961171157816921, 27.869206623083066 ], [ 112.962235413493573, 27.868884304342014 ], [ 112.963331035645012, 27.869110102586966 ], [ 112.963220835715831, 27.870190994932145 ], [ 112.964679259562757, 27.870504598328942 ], [ 112.966166246242466, 27.869927704537904 ], [ 112.966449075419774, 27.869860217758443 ], [ 112.967116535353981, 27.869700952667618 ], [ 112.967279135810301, 27.870357483390158 ], [ 112.967288299524483, 27.870394484496419 ], [ 112.967412791649849, 27.87089714526628 ], [ 112.967996615736155, 27.871706169281545 ], [ 112.967488321998943, 27.871831592159868 ], [ 112.967050414857482, 27.871812236600636 ], [ 112.966842408156808, 27.872141278255384 ], [ 112.966712356358187, 27.872758224197714 ], [ 112.966698236638535, 27.872794846492635 ], [ 112.966042947079814, 27.873073417093959 ], [ 112.96597584652136, 27.873098190554934 ], [ 112.96559053214655, 27.873207142258437 ], [ 112.96559053214655, 27.873477678738247 ], [ 112.966767619816167, 27.874278879179091 ], [ 112.966108451332033, 27.875038453418206 ], [ 112.967626893419734, 27.876068553134914 ], [ 112.968957001911448, 27.876307867427425 ], [ 112.968988627101027, 27.876293890137369 ], [ 112.970039922783073, 27.875829237519596 ], [ 112.970051693408251, 27.874549412982493 ] ] ] } },
{ "type": "Feature", "properties": { "name": "湘潭市三中", "isAssistFeature": false, "sourceFileId": "file_1777360798520_11_g1", "sourceFileName": "湘潭市三中.geojson", "sourceGroupId": 1.0, "id": "imported_1777360798520_11_0_g1", "sourceFile": "湘潭市三中.geojson" }, "geometry": { "type": "Polygon", "coordinates": [ [ [ 112.922624146243109, 27.840528807997501 ], [ 112.921470321346106, 27.840221735514305 ], [ 112.916668073364249, 27.839165994404226 ], [ 112.913407953349221, 27.838425560493718 ], [ 112.913342113127086, 27.83840819835261 ], [ 112.913168987110566, 27.838355399378926 ], [ 112.912999205521885, 27.838305596676548 ], [ 112.912839851577004, 27.838257107016346 ], [ 112.909121191016752, 27.837136794658619 ], [ 112.908681103664108, 27.837022748205868 ], [ 112.908204553694091, 27.838891632498232 ], [ 112.907148413397721, 27.838877482775672 ], [ 112.907116409119098, 27.839698185876131 ], [ 112.906828102015169, 27.839875096846228 ], [ 112.90685186964096, 27.840022211847426 ], [ 112.906542893200694, 27.840169326649161 ], [ 112.905901172694328, 27.840295425459203 ], [ 112.905235685460468, 27.839959162699088 ], [ 112.903957782561463, 27.839097090424445 ], [ 112.903730957053895, 27.837503134217471 ], [ 112.903665483344398, 27.837090133095586 ], [ 112.903077544075785, 27.835176820149712 ], [ 112.903005446189411, 27.834112086785908 ], [ 112.903890379270749, 27.833398455208467 ], [ 112.90356060323839, 27.832926203072574 ], [ 112.903063124318862, 27.832913451496097 ], [ 112.902515177148388, 27.832722178462603 ], [ 112.901457923839374, 27.832970081290028 ], [ 112.901282294218191, 27.8328369420054 ], [ 112.901218442866082, 27.832603639043512 ], [ 112.900577896457804, 27.830400647521785 ], [ 112.900573222523391, 27.830356266198024 ], [ 112.900613209231608, 27.829905547712059 ], [ 112.900672380361073, 27.829146680458976 ], [ 112.899312324732719, 27.829572480466609 ], [ 112.89924667854666, 27.829593004208789 ], [ 112.898025784532251, 27.829983944412021 ], [ 112.894372344356597, 27.823079700915486 ], [ 112.892994116708309, 27.822092972415945 ], [ 112.892945680446516, 27.822058294545698 ], [ 112.891096265770486, 27.823505443687154 ], [ 112.891058385611586, 27.823537684485046 ], [ 112.889158269122618, 27.821910324173643 ], [ 112.884431869108838, 27.821784849691554 ], [ 112.884273995073897, 27.824653592963273 ], [ 112.884075929665471, 27.826281815396285 ], [ 112.885011541916569, 27.83128222250383 ], [ 112.8865166572769, 27.836786001378229 ], [ 112.887004802799197, 27.838656503185931 ], [ 112.888672633333726, 27.841785924483219 ], [ 112.890503179042341, 27.843764247694452 ], [ 112.894164270459598, 27.847289170539881 ], [ 112.897324787793551, 27.848918616000603 ], [ 112.897519971043522, 27.849065910950728 ], [ 112.898874774222421, 27.849511083673903 ], [ 112.901671889065327, 27.850430177570431 ], [ 112.904637023002309, 27.851404472454092 ], [ 112.906069236704184, 27.851898640985027 ], [ 112.906624356023912, 27.852093575859868 ], [ 112.906989689171837, 27.852216231233683 ], [ 112.908939240849207, 27.852888895747554 ], [ 112.910728946304928, 27.853506403212435 ], [ 112.916900869075192, 27.855502355388552 ], [ 112.91958452400273, 27.856370217386313 ], [ 112.921715787794113, 27.852837962358009 ], [ 112.921692843025099, 27.846112634651035 ], [ 112.921426079318337, 27.846037204384544 ], [ 112.921474512885183, 27.845655218164225 ], [ 112.921609903371547, 27.844593569459931 ], [ 112.921874139219099, 27.842528150895774 ], [ 112.922318434280555, 27.841396174223533 ], [ 112.922670480447124, 27.840971679628211 ], [ 112.922965195233957, 27.840766921883343 ], [ 112.9231185403479, 27.840660382535972 ], [ 112.923057056954903, 27.840644020026218 ], [ 112.922624146243109, 27.840528807997501 ] ] ] } },
{ "type": "Feature", "properties": { "name": "湘潭市二中", "isAssistFeature": false, "sourceFileId": "file_1777360798520_12_g1", "sourceFileName": "湘潭市二中.geojson", "sourceGroupId": 1.0, "id": "imported_1777360798521_12_0_g1", "sourceFile": "湘潭市二中.geojson" }, "geometry": { "type": "Polygon", "coordinates": [ [ [ 112.876498919084668, 27.826621344404884 ], [ 112.876020854555065, 27.825332856261767 ], [ 112.875542790923802, 27.825775775612243 ], [ 112.875026795929671, 27.827453089854259 ], [ 112.874700488292589, 27.828513782966226 ], [ 112.874241454572314, 27.830688467516595 ], [ 112.874063068919781, 27.831533564294901 ], [ 112.87419018412578, 27.83377154854449 ], [ 112.874304311489368, 27.835780819297653 ], [ 112.874313483288432, 27.835942294110779 ], [ 112.874628025690214, 27.836529489760949 ], [ 112.875747675978857, 27.838619654537254 ], [ 112.879366044129199, 27.843281340526275 ], [ 112.879981956037483, 27.844074823462449 ], [ 112.8832373437276, 27.84636953561477 ], [ 112.882959880187457, 27.845869429936187 ], [ 112.882645455464967, 27.845302702350537 ], [ 112.881347853410134, 27.842846931468799 ], [ 112.881027699232746, 27.842017630584266 ], [ 112.881004139117806, 27.841959668662426 ], [ 112.879936426723916, 27.839203431131878 ], [ 112.879142217198094, 27.837189300311934 ], [ 112.877523341665011, 27.833083686349198 ], [ 112.876756701435227, 27.830193442900196 ], [ 112.876658273927859, 27.829822365403061 ], [ 112.876498919084668, 27.826621344404884 ] ] ] } },
{ "type": "Feature", "properties": { "name": "湘潭市二中", "isAssistFeature": false, "sourceFileId": "file_1777360798520_12_g1", "sourceFileName": "湘潭市二中.geojson", "sourceGroupId": 1.0, "id": "imported_1777360798521_12_1_g1", "sourceFile": "湘潭市二中.geojson" }, "geometry": { "type": "Polygon", "coordinates": [ [ [ 112.878567693369902, 27.863708319066049 ], [ 112.878909127738055, 27.861777195255897 ], [ 112.878935654988396, 27.861627156999361 ], [ 112.878964746928858, 27.861462614377089 ], [ 112.881078728032463, 27.861954001115322 ], [ 112.886316291516152, 27.863166632785308 ], [ 112.891239898299588, 27.864302125880897 ], [ 112.896023906887891, 27.865408751504958 ], [ 112.896419013166067, 27.865551287862203 ], [ 112.898311093188724, 27.862567203677855 ], [ 112.898823981024108, 27.861052546152166 ], [ 112.90096283242265, 27.862326017590661 ], [ 112.901352423001896, 27.862536195078633 ], [ 112.901413861863105, 27.862411382990629 ], [ 112.904436699230558, 27.856011613984833 ], [ 112.898040354830059, 27.852902568955926 ], [ 112.894850584057622, 27.851219408964837 ], [ 112.893258218706904, 27.850589551993139 ], [ 112.892252514322124, 27.850626601943844 ], [ 112.891498235808982, 27.850070843411231 ], [ 112.891242800756288, 27.850104302662999 ], [ 112.889235400269584, 27.850367248051654 ], [ 112.888742930356059, 27.850208445173223 ], [ 112.88567352896402, 27.849218673472208 ], [ 112.883543946818875, 27.848246832336642 ], [ 112.883075458330239, 27.848033035109296 ], [ 112.879555492534408, 27.845328248659371 ], [ 112.879121513725721, 27.844800629820085 ], [ 112.875181263937705, 27.840010075923857 ], [ 112.875069291632499, 27.839873937108578 ], [ 112.874269462246218, 27.838901478441755 ], [ 112.873197119935369, 27.83892579184166 ], [ 112.873993496197684, 27.840139373721868 ], [ 112.877146649320281, 27.844944267828566 ], [ 112.877414857518033, 27.845342045665276 ], [ 112.878791584979766, 27.847383838628829 ], [ 112.881813275050405, 27.849672902619133 ], [ 112.883201172164377, 27.850478400476504 ], [ 112.883403250882466, 27.851072804767952 ], [ 112.880959376067196, 27.851811327152447 ], [ 112.880689212237058, 27.852972791076567 ], [ 112.879118632828593, 27.852623614237828 ], [ 112.878765838365396, 27.852543270516037 ], [ 112.878693555426054, 27.852668226315146 ], [ 112.87873727463429, 27.8535835867321 ], [ 112.877762959182206, 27.853357183491454 ], [ 112.877519380094611, 27.853467624388159 ], [ 112.87679488881794, 27.853616719261453 ], [ 112.875751870212909, 27.854052957991883 ], [ 112.875114818251078, 27.853384793726207 ], [ 112.874952431593812, 27.853406881591226 ], [ 112.873659589711664, 27.854284882097929 ], [ 112.874334115793843, 27.855162874700397 ], [ 112.872603008342452, 27.856951965319723 ], [ 112.872557463757531, 27.856999104398042 ], [ 112.872182211412195, 27.856533130853634 ], [ 112.871875349606114, 27.856152746221852 ], [ 112.870936546353818, 27.854987879728256 ], [ 112.870052974220158, 27.851711176514655 ], [ 112.869986938165283, 27.851466281470053 ], [ 112.869802916482726, 27.850783828396231 ], [ 112.869337456214865, 27.85016408942586 ], [ 112.867157422886734, 27.847261424018043 ], [ 112.866721695058175, 27.849765644615445 ], [ 112.866161473307642, 27.850948938443153 ], [ 112.866099226346677, 27.85356314456962 ], [ 112.868900336895948, 27.853150379329577 ], [ 112.869540349704963, 27.856813862228492 ], [ 112.868953688738983, 27.856813862228492 ], [ 112.868869880414536, 27.857295490893264 ], [ 112.869666062640732, 27.857480731445619 ], [ 112.869180447771214, 27.860057110717236 ], [ 112.869075290984057, 27.86312830215212 ], [ 112.869464159094107, 27.86410935005199 ], [ 112.872652428259485, 27.862908658189767 ], [ 112.87391871684018, 27.862431330306563 ], [ 112.87415049655651, 27.865356047474791 ], [ 112.874216040334588, 27.866294732076184 ], [ 112.874180422133591, 27.866755792377589 ], [ 112.874248279073498, 27.866756437222449 ], [ 112.874576781294806, 27.866759559796364 ], [ 112.874862891119562, 27.866762279739163 ], [ 112.875451778110801, 27.866767877659299 ], [ 112.875786705981312, 27.867281498504127 ], [ 112.875732023733335, 27.867885755625153 ], [ 112.875957587107919, 27.868852559057174 ], [ 112.876600099928353, 27.869293660048911 ], [ 112.877399824211722, 27.869293660048911 ], [ 112.877953479277551, 27.869535358972158 ], [ 112.878553063407224, 27.869267214877894 ], [ 112.878996010995721, 27.869075423069233 ], [ 112.879491410315339, 27.868483966037843 ], [ 112.880058344277657, 27.868261215164381 ], [ 112.880389388731217, 27.867226929154668 ], [ 112.880980240337976, 27.866112613296409 ], [ 112.880699425183508, 27.865633810489086 ], [ 112.880348121025364, 27.865034818775413 ], [ 112.879702191911903, 27.864763833957468 ], [ 112.878436702831806, 27.864449182331271 ], [ 112.878567693369902, 27.863708319066049 ] ] ] } },
{ "type": "Feature", "properties": { "name": "湘潭市十六中", "isAssistFeature": false, "sourceFileId": "file_1777360798521_13_g1", "sourceFileName": "湘潭市十六中.geojson", "sourceGroupId": 1.0, "id": "imported_1777360798521_13_0_g1", "sourceFile": "湘潭市十六中.geojson" }, "geometry": { "type": "Polygon", "coordinates": [ [ [ 112.926090604099727, 27.865600353984064 ], [ 112.923723801159255, 27.864392877733962 ], [ 112.912376291983833, 27.860171676571056 ], [ 112.907933991454399, 27.857900709202127 ], [ 112.904436699230558, 27.856011613984833 ], [ 112.901352423001896, 27.862536195078633 ], [ 112.901438334297112, 27.862587669315843 ], [ 112.900240622922311, 27.866583094390236 ], [ 112.902379198265507, 27.867204138114573 ], [ 112.905210380817223, 27.867840246083688 ], [ 112.905258013086851, 27.867856800641235 ], [ 112.911188850492735, 27.870027689845244 ], [ 112.910885979901437, 27.86899496924552 ], [ 112.911188850492735, 27.868535978446999 ], [ 112.91101578196843, 27.868038737015311 ], [ 112.911664791404974, 27.867120746167117 ], [ 112.911188850492735, 27.866623498241196 ], [ 112.910264773322922, 27.866437834150915 ], [ 112.910227680088198, 27.86631486450284 ], [ 112.910212490475047, 27.866112875365445 ], [ 112.911062232953441, 27.865880521517226 ], [ 112.91141916505687, 27.865441272098408 ], [ 112.911463058538274, 27.86538738638302 ], [ 112.915644210434351, 27.868134079971171 ], [ 112.915731918345429, 27.868191734866272 ], [ 112.916395517320524, 27.868452386609192 ], [ 112.918898627045664, 27.869435566182716 ], [ 112.919999113574363, 27.869879596695952 ], [ 112.923517710337663, 27.871302637167446 ], [ 112.923687527858959, 27.871232581500792 ], [ 112.924323340145719, 27.870970287867237 ], [ 112.923866816318366, 27.869213567714496 ], [ 112.923356584915041, 27.868382676929528 ], [ 112.92314175011991, 27.86738559830674 ], [ 112.926090604099727, 27.865600353984064 ] ] ] } },
{ "type": "Feature", "properties": { "name": "湘潭市四中", "isAssistFeature": false, "sourceFileId": "file_1777360798521_14_g1", "sourceFileName": "湘潭市四中.geojson", "sourceGroupId": 1.0, "id": "imported_1777360798521_14_0_g1", "sourceFile": "湘潭市四中.geojson" }, "geometry": { "type": "Polygon", "coordinates": [ [ [ 112.924880068348116, 27.881124448368055 ], [ 112.934077631979633, 27.877783338837403 ], [ 112.935615884614307, 27.879837766268722 ], [ 112.935876364605662, 27.88018564848042 ], [ 112.936626221610936, 27.88179245590355 ], [ 112.937021678863658, 27.882639839807453 ], [ 112.947492393002534, 27.880041530200842 ], [ 112.944379436040464, 27.8761679483693 ], [ 112.942585484059165, 27.874664826916302 ], [ 112.940400433541683, 27.873454798993748 ], [ 112.935970817512143, 27.870704002003322 ], [ 112.932538681845585, 27.868600557276395 ], [ 112.930964928468399, 27.867824674832804 ], [ 112.926090604099727, 27.865600353984064 ], [ 112.92314175011991, 27.86738559830674 ], [ 112.923356584915041, 27.868382676929528 ], [ 112.923866816318366, 27.869213567714496 ], [ 112.924323340145719, 27.870970287867237 ], [ 112.923687527858959, 27.871232581500792 ], [ 112.923517710337663, 27.871302637167446 ], [ 112.919999113574363, 27.869879596695952 ], [ 112.918898627045664, 27.869435566182716 ], [ 112.916395517320524, 27.868452386609192 ], [ 112.915731918345429, 27.868191734866272 ], [ 112.915644210434351, 27.868134079971171 ], [ 112.911463058538274, 27.86538738638302 ], [ 112.91141916505687, 27.865441272098408 ], [ 112.911062232953441, 27.865880521517226 ], [ 112.910212490475047, 27.866112875365445 ], [ 112.910227680088198, 27.86631486450284 ], [ 112.910264773322922, 27.866437834150915 ], [ 112.911188850492735, 27.866623498241196 ], [ 112.911664791404974, 27.867120746167117 ], [ 112.91101578196843, 27.868038737015311 ], [ 112.911188850492735, 27.868535978446999 ], [ 112.910885979901437, 27.86899496924552 ], [ 112.911188850492735, 27.870027689845244 ], [ 112.905258013086851, 27.867856800641235 ], [ 112.905210380817223, 27.867840246083688 ], [ 112.902379198265507, 27.867204138114573 ], [ 112.901752534421618, 27.869117911234312 ], [ 112.900670113911588, 27.869470444910249 ], [ 112.901011930962042, 27.872189951289329 ], [ 112.905248416384666, 27.873469571825453 ], [ 112.905677211015885, 27.873599087804024 ], [ 112.906323084433822, 27.873794171058677 ], [ 112.906993487248869, 27.876871203442647 ], [ 112.905871851683401, 27.877327053334866 ], [ 112.906872744691555, 27.879605225079288 ], [ 112.906886038859412, 27.879634951915676 ], [ 112.906946459545409, 27.879772443886722 ], [ 112.906702791524594, 27.880267170718398 ], [ 112.906084132568211, 27.880899084095333 ], [ 112.906034329968861, 27.881119340317539 ], [ 112.905820712390963, 27.882063807056241 ], [ 112.906078913356424, 27.882765389774733 ], [ 112.906099457826954, 27.882821212210885 ], [ 112.906115331058047, 27.88286434290977 ], [ 112.905999884967628, 27.883383139102619 ], [ 112.905950606086094, 27.883622102950611 ], [ 112.905803559060587, 27.884265389287378 ], [ 112.905694297870895, 27.884756385176175 ], [ 112.905405637729075, 27.885237787217022 ], [ 112.904537649568965, 27.886685330374746 ], [ 112.904603087345819, 27.886722548222835 ], [ 112.90464372623093, 27.886745661489357 ], [ 112.905792504392707, 27.887399031237763 ], [ 112.905402458591283, 27.88884488687286 ], [ 112.904595828060025, 27.890238544974324 ], [ 112.904575841443275, 27.890273077183252 ], [ 112.904663456827876, 27.890301277460125 ], [ 112.905291539111573, 27.890505254850837 ], [ 112.9054210905486, 27.890545131183757 ], [ 112.920029606886644, 27.887163030177916 ], [ 112.926189130211057, 27.885736972032291 ], [ 112.926108848672442, 27.885454083636617 ], [ 112.92582432976404, 27.884451604043036 ], [ 112.924880068348116, 27.881124448368055 ] ] ] } },
{ "type": "Feature", "properties": { "name": "湘潭市益智中学", "isAssistFeature": false, "sourceFileId": "file_1776824046395_15_g1", "sourceFileName": "湘潭市益智中学.geojson", "sourceGroupId": 1.0, "id": "imported_1776824046395_15_0_g1", "sourceFile": "湘潭市益智中学.geojson" }, "geometry": { "type": "Polygon", "coordinates": [ [ [ 112.897403920386921, 27.8776401715471 ], [ 112.897468974583177, 27.877640043702783 ], [ 112.899740272252586, 27.880009321006668 ], [ 112.899968936611529, 27.880912399355651 ], [ 112.900090852368649, 27.881394692719397 ], [ 112.900141005310914, 27.881382757554206 ], [ 112.900329506891865, 27.881337888118154 ], [ 112.903032792703286, 27.880694447021767 ], [ 112.9033020986423, 27.880630346393446 ], [ 112.904746423430865, 27.88028656367517 ], [ 112.904911711646534, 27.880247221132649 ], [ 112.906946459545409, 27.879772443886722 ], [ 112.906886038859412, 27.879634951915676 ], [ 112.906872744691555, 27.879605225079288 ], [ 112.905871851683401, 27.877327053334866 ], [ 112.906993487248869, 27.876871203442647 ], [ 112.906323084433822, 27.873794171058677 ], [ 112.905677211015885, 27.873599087804024 ], [ 112.905248416384666, 27.873469571825453 ], [ 112.901011930962042, 27.872189951289329 ], [ 112.900670113911588, 27.869470444910249 ], [ 112.901752534421618, 27.869117911234312 ], [ 112.902379198265507, 27.867204138114573 ], [ 112.900240622922311, 27.866583094390236 ], [ 112.901438334297112, 27.862587669315843 ], [ 112.901352423001896, 27.862536195078633 ], [ 112.90096283242265, 27.862326017590661 ], [ 112.898823981024108, 27.861052546152166 ], [ 112.898311093188724, 27.862567203677855 ], [ 112.896419013166067, 27.865551287862203 ], [ 112.886316291516152, 27.863166632785308 ], [ 112.881078728032463, 27.861954001115322 ], [ 112.878964746928858, 27.861462614377089 ], [ 112.878935654988396, 27.861627156999361 ], [ 112.878909127738055, 27.861777195255897 ], [ 112.878567693369902, 27.863708319066049 ], [ 112.878436702831806, 27.864449182331271 ], [ 112.879702191911903, 27.864763833957468 ], [ 112.880348121025364, 27.865034818775413 ], [ 112.880699425183508, 27.865633810489086 ], [ 112.880980240337976, 27.866112613296409 ], [ 112.880389388731217, 27.867226929154668 ], [ 112.880058344277657, 27.868261215164381 ], [ 112.879491410315339, 27.868483966037843 ], [ 112.878996010995721, 27.869075423069233 ], [ 112.878553063407224, 27.869267214877894 ], [ 112.877953479277551, 27.869535358972158 ], [ 112.877399824211722, 27.869293660048911 ], [ 112.876600099928353, 27.869293660048911 ], [ 112.875957587107919, 27.868852559057174 ], [ 112.875732023733335, 27.867885755625153 ], [ 112.875786705981312, 27.867281498504127 ], [ 112.875451778110801, 27.866767877659299 ], [ 112.874862891119562, 27.866762279739163 ], [ 112.874576781294806, 27.866759559796364 ], [ 112.874248279073498, 27.866756437222449 ], [ 112.874180422133591, 27.866755792377589 ], [ 112.874380276623043, 27.868646808885288 ], [ 112.874226683574079, 27.869475061153196 ], [ 112.874213104640276, 27.869548285714757 ], [ 112.874203295037347, 27.86960118306024 ], [ 112.873920717388316, 27.87112497144895 ], [ 112.873553069281854, 27.872181220114328 ], [ 112.872874931972206, 27.872796052730052 ], [ 112.87280599795227, 27.874624140496167 ], [ 112.873196624065315, 27.875903783894955 ], [ 112.874598281572858, 27.877609951049308 ], [ 112.881576701923677, 27.876419564983991 ], [ 112.881647774832359, 27.876407441075173 ], [ 112.885588547439838, 27.875735214740672 ], [ 112.886946758826952, 27.880896106444283 ], [ 112.88731749174805, 27.882433345613279 ], [ 112.887934358565474, 27.882515560934124 ], [ 112.889112276278368, 27.882649922368145 ], [ 112.892887947519839, 27.883036544747597 ], [ 112.893594289234485, 27.883162920833598 ], [ 112.895263031147266, 27.882744485434984 ], [ 112.89562218388609, 27.882649550763333 ], [ 112.89969902700463, 27.881522291948315 ], [ 112.899666852944421, 27.881512804809446 ], [ 112.897884260349116, 27.880957208620956 ], [ 112.897273364633421, 27.880454897061739 ], [ 112.896771967262623, 27.880042620147549 ], [ 112.896668681666213, 27.879957692072367 ], [ 112.895223976890307, 27.878769763208354 ], [ 112.895267546978232, 27.878534832788773 ], [ 112.895432966347911, 27.877649284227005 ], [ 112.897403920386921, 27.8776401715471 ] ] ] } },
{ "type": "Feature", "properties": { "name": "湘纺中学", "isAssistFeature": false, "sourceFileId": "file_1777360798521_16_g1", "sourceFileName": "湘纺中学.geojson", "sourceGroupId": 1.0, "id": "imported_1777360798521_16_0_g1", "sourceFile": "湘纺中学.geojson" }, "geometry": { "type": "Polygon", "coordinates": [ [ [ 112.970853803617004, 27.88303620808118 ], [ 112.969260138404096, 27.880780941162357 ], [ 112.969291407860808, 27.88079035134335 ], [ 112.972264154121518, 27.881684953213991 ], [ 112.97467013350655, 27.881732758050489 ], [ 112.976145919991268, 27.881121380996831 ], [ 112.976658131281425, 27.880541792385316 ], [ 112.975435642757375, 27.878794049404505 ], [ 112.974244716540824, 27.87768940192538 ], [ 112.970581383218899, 27.874278879179101 ], [ 112.970051693408237, 27.874549412982503 ], [ 112.970039922783073, 27.875829237519596 ], [ 112.968988627101027, 27.876293890137347 ], [ 112.968957001911448, 27.876307867427442 ], [ 112.967626893419734, 27.876068553134928 ], [ 112.966108451332033, 27.875038453418185 ], [ 112.966767619816167, 27.874278879179101 ], [ 112.96559053214655, 27.873477678738254 ], [ 112.96559053214655, 27.873207142258423 ], [ 112.96597584652136, 27.873098190554927 ], [ 112.966042947079814, 27.873073417093991 ], [ 112.966698236638535, 27.872794846492653 ], [ 112.966712356358187, 27.872758224197696 ], [ 112.966842408156808, 27.872141278255398 ], [ 112.967050414857468, 27.871812236600633 ], [ 112.967488321998928, 27.871831592159864 ], [ 112.967996615736155, 27.871706169281524 ], [ 112.967412791649835, 27.870897145266284 ], [ 112.967288299524483, 27.870394484496416 ], [ 112.967279135810315, 27.870357483390165 ], [ 112.967116535353981, 27.869700952667642 ], [ 112.966449075419774, 27.869860217758429 ], [ 112.966166246242466, 27.869927704537901 ], [ 112.964679259562743, 27.870504598328964 ], [ 112.963220835715831, 27.870190994932145 ], [ 112.963331035645027, 27.869110102586973 ], [ 112.962235413493573, 27.868884304342018 ], [ 112.961171157816906, 27.869206623083059 ], [ 112.960816478688216, 27.86855680214515 ], [ 112.960835858942175, 27.868530668093612 ], [ 112.961811682665626, 27.867396707521095 ], [ 112.960994785288975, 27.867345929452199 ], [ 112.959377690216797, 27.866699790127015 ], [ 112.959003230185544, 27.866124829684338 ], [ 112.957485680124947, 27.866194521756967 ], [ 112.956657925709749, 27.866316483768884 ], [ 112.956388229003565, 27.865870851942134 ], [ 112.955814637626688, 27.864923074538481 ], [ 112.955313550174679, 27.863083962014741 ], [ 112.954705932411457, 27.860853817606753 ], [ 112.95393493625086, 27.858023953548567 ], [ 112.953554036197346, 27.856625872541855 ], [ 112.953072909310947, 27.854859885491635 ], [ 112.953048978191788, 27.854807576624822 ], [ 112.952940264076091, 27.854569458617902 ], [ 112.952845985887024, 27.854337815485536 ], [ 112.952757833309889, 27.854182862524638 ], [ 112.944687771242613, 27.849642855415297 ], [ 112.943708429716494, 27.849091890840683 ], [ 112.943514075611503, 27.849676159916598 ], [ 112.943813935948285, 27.850353711409383 ], [ 112.942864102282641, 27.850937624212506 ], [ 112.942115620598003, 27.851397289993159 ], [ 112.94174822940974, 27.850829959062565 ], [ 112.941914818385939, 27.850579560966253 ], [ 112.940976365476615, 27.850319342801924 ], [ 112.940452716836234, 27.850034212643308 ], [ 112.937579980016096, 27.854302758744737 ], [ 112.932535315570917, 27.861530806432697 ], [ 112.933819901747569, 27.862276493303924 ], [ 112.934779705758814, 27.862735045326716 ], [ 112.942321699049771, 27.865606002726892 ], [ 112.944952698527743, 27.867066062926384 ], [ 112.949929745454327, 27.871055317488342 ], [ 112.951143730525914, 27.872311009216403 ], [ 112.954228403277781, 27.876156985336493 ], [ 112.957484694833724, 27.880781167523651 ], [ 112.95880979676059, 27.884142201120639 ], [ 112.959942854929949, 27.88762194922154 ], [ 112.960129848819861, 27.889482022819394 ], [ 112.965907772189155, 27.887775807860848 ], [ 112.97293447069832, 27.885400925658104 ], [ 112.97279123252963, 27.885239693631291 ], [ 112.970853803617004, 27.88303620808118 ] ] ] } },
{ "type": "Feature", "properties": { "name": "湘钢一中教育集团十二中校区", "isAssistFeature": false, "sourceFileId": "file_1777360798522_17_g1", "sourceFileName": "湘钢一中教育集团十二中校区.geojson", "sourceGroupId": 1.0, "id": "imported_1777360798522_17_0_g1", "sourceFile": "湘钢一中教育集团十二中校区.geojson" }, "geometry": { "type": "Polygon", "coordinates": [ [ [ 112.937579980016096, 27.854302758744737 ], [ 112.940452716836234, 27.850034212643308 ], [ 112.940976365476615, 27.850319342801924 ], [ 112.941914818385939, 27.850579560966253 ], [ 112.94174822940974, 27.850829959062565 ], [ 112.942115620598003, 27.851397289993159 ], [ 112.942864102282641, 27.850937624212506 ], [ 112.943813935948285, 27.850353711409383 ], [ 112.943514075611503, 27.849676159916598 ], [ 112.943708429716494, 27.849091890840683 ], [ 112.944687771242613, 27.849642855415297 ], [ 112.952757833309889, 27.854182862524638 ], [ 112.952940264076091, 27.854569458617902 ], [ 112.953048978191788, 27.854807576624822 ], [ 112.953072909310947, 27.854859885491635 ], [ 112.953132680515012, 27.854768760142818 ], [ 112.953175054945277, 27.854704157311957 ], [ 112.953207558687211, 27.854654791796065 ], [ 112.953595262580649, 27.854063518166612 ], [ 112.952217541582272, 27.847276838739958 ], [ 112.952010745810597, 27.846258122421631 ], [ 112.952074371685541, 27.846246503486896 ], [ 112.95283022764032, 27.846108478898628 ], [ 112.953248875800369, 27.845840694651784 ], [ 112.953186524634845, 27.845234240723173 ], [ 112.951942882582443, 27.845300220159601 ], [ 112.951850412702058, 27.845305125763147 ], [ 112.951624646308204, 27.844317640607301 ], [ 112.951242167016431, 27.842644684139202 ], [ 112.951319291875166, 27.842648729613742 ], [ 112.951023502703208, 27.841175394029634 ], [ 112.951040806052248, 27.838793980072225 ], [ 112.951046879561872, 27.833689146108284 ], [ 112.948540389476349, 27.833415793525177 ], [ 112.94666369116851, 27.833214083892642 ], [ 112.942643962037408, 27.832768819660942 ], [ 112.930268109523354, 27.831417421879422 ], [ 112.929672103383467, 27.831377257662979 ], [ 112.929065049762244, 27.831364161133465 ], [ 112.928056031492403, 27.831254337225928 ], [ 112.926769546089162, 27.831107408143581 ], [ 112.927260119659067, 27.829554818208393 ], [ 112.927059376735812, 27.829448406080573 ], [ 112.927011468683375, 27.829096303931166 ], [ 112.926776536778704, 27.828883832984076 ], [ 112.926239142117851, 27.828480054895167 ], [ 112.925572450243237, 27.827765399601844 ], [ 112.925233042474389, 27.827147218095973 ], [ 112.924396646266175, 27.827522415126495 ], [ 112.924257810740698, 27.827740663448054 ], [ 112.924525674883654, 27.828176777449997 ], [ 112.924147617998059, 27.828572985810666 ], [ 112.923921378192034, 27.828711495856339 ], [ 112.923135633491128, 27.829192547046503 ], [ 112.920568556531251, 27.827858357345377 ], [ 112.920529358543831, 27.827837624340347 ], [ 112.92049628976163, 27.827881419611259 ], [ 112.920347808126635, 27.828080206924383 ], [ 112.916853316755635, 27.832718811824151 ], [ 112.916725699391421, 27.832889487075803 ], [ 112.91515737295768, 27.834950720067681 ], [ 112.914232109113343, 27.836389085597148 ], [ 112.912999205521885, 27.838305596676548 ], [ 112.913168987110566, 27.838355399378926 ], [ 112.913342113127086, 27.83840819835261 ], [ 112.913407953349221, 27.838425560493718 ], [ 112.916668073364249, 27.839165994404226 ], [ 112.921470321346106, 27.840221735514305 ], [ 112.922624146243109, 27.840528807997501 ], [ 112.923057056954903, 27.840644020026218 ], [ 112.9231185403479, 27.840660382535972 ], [ 112.922965195233957, 27.840766921883343 ], [ 112.922670480447124, 27.840971679628211 ], [ 112.922318434280555, 27.841396174223533 ], [ 112.921874139219099, 27.842528150895774 ], [ 112.921609903371547, 27.844593569459931 ], [ 112.921474512885183, 27.845655218164225 ], [ 112.921426079318337, 27.846037204384544 ], [ 112.921692843025099, 27.846112634651035 ], [ 112.921715787794113, 27.852837962358009 ], [ 112.91958452400273, 27.856370217386313 ], [ 112.930367255075865, 27.860755953242474 ], [ 112.932535315570917, 27.861530806432697 ], [ 112.934254261425735, 27.858791461448249 ], [ 112.935977396329022, 27.856478212989714 ], [ 112.935985924934315, 27.856450545564726 ], [ 112.937579980016096, 27.854302758744737 ] ] ] } },
{ "type": "Feature", "properties": { "name": "湘钢二中教育集团易家湾校区", "isAssistFeature": false, "sourceFileId": "file_1777360798522_18_g1", "sourceFileName": "湘钢二中教育集团易家湾校区.geojson", "sourceGroupId": 1.0, "id": "imported_1777360798522_18_0_g1", "sourceFile": "湘钢二中教育集团易家湾校区.geojson" }, "geometry": { "type": "Polygon", "coordinates": [ [ [ 113.070920720206573, 27.979055806097008 ], [ 113.06828441457931, 27.976448221677032 ], [ 113.067124439815856, 27.973654311896624 ], [ 113.068706223012512, 27.971745098410224 ], [ 113.070498910875003, 27.9714656981903 ], [ 113.073611332585983, 27.971826200954624 ], [ 113.073715203883978, 27.971838231656022 ], [ 113.073735374655357, 27.971791820940936 ], [ 113.075718795513851, 27.967228043846688 ], [ 113.078960859391742, 27.966267018118501 ], [ 113.084918909462502, 27.968083192135722 ], [ 113.08512981412828, 27.966406725446703 ], [ 113.083879069096952, 27.962148769735251 ], [ 113.082228204556614, 27.956525941249083 ], [ 113.081875993100013, 27.9558241474314 ], [ 113.080806272971444, 27.953692667178998 ], [ 113.080082429380127, 27.952738495911021 ], [ 113.077379076195029, 27.949174857062701 ], [ 113.076571402719722, 27.949227062401135 ], [ 113.075217305616633, 27.94931458651314 ], [ 113.074550737709529, 27.94931458651314 ], [ 113.073899152803037, 27.94931458651314 ], [ 113.06809928078242, 27.944982906145214 ], [ 113.063881191958487, 27.941629227629818 ], [ 113.061748171062433, 27.938377725792108 ], [ 113.061192159715631, 27.937530145911666 ], [ 113.060974407192447, 27.936780890998094 ], [ 113.060190363900702, 27.934083071082469 ], [ 113.058515922177392, 27.930409252860741 ], [ 113.057280046060626, 27.927697590539665 ], [ 113.056826931339771, 27.924048638513767 ], [ 113.056692197521855, 27.922963599316816 ], [ 113.055720187146804, 27.91702168958669 ], [ 113.05524130694694, 27.914094173466935 ], [ 113.054112641166057, 27.912740623266373 ], [ 113.051777000766108, 27.908820973783406 ], [ 113.051590886907235, 27.908573638983668 ], [ 113.048332393741148, 27.904164236401499 ], [ 113.046255530126786, 27.900949340577043 ], [ 113.044919430770406, 27.898881065462149 ], [ 113.043793405138203, 27.89713795173796 ], [ 113.042206797988428, 27.894044350023236 ], [ 113.042138549383054, 27.893178330854639 ], [ 113.041679873192237, 27.887357966726711 ], [ 113.040174373132828, 27.879473490557828 ], [ 113.033964184826431, 27.873418356673938 ], [ 113.032607943444745, 27.869793069232799 ], [ 113.032383409539506, 27.869192869614466 ], [ 113.026789163684029, 27.869693094032513 ], [ 113.026097076436344, 27.873022698860467 ], [ 113.025625828323129, 27.875289793173394 ], [ 113.024419489711221, 27.881093073515927 ], [ 113.023200421971751, 27.881947922828559 ], [ 113.022640331375257, 27.882340673653502 ], [ 113.017787664549772, 27.885743437613101 ], [ 113.013089723548887, 27.890421347293781 ], [ 113.011147412292715, 27.894921662374969 ], [ 113.005698799514491, 27.907545043273743 ], [ 113.004812177600414, 27.908638896356265 ], [ 113.001025642133925, 27.913300000718877 ], [ 113.002309800900548, 27.920056682416174 ], [ 113.003236460726853, 27.924951471607926 ], [ 113.003236460726853, 27.931750096693406 ], [ 113.000516331503817, 27.93522140281317 ], [ 113.00015678709957, 27.936034025287512 ], [ 113.000253293465391, 27.939681555856239 ], [ 113.001856672816302, 27.941676188886788 ], [ 113.003803633456698, 27.943569610804445 ], [ 113.007053186037567, 27.946867377566235 ], [ 113.008761020633457, 27.949835010808172 ], [ 113.009251851047011, 27.951453694051594 ], [ 113.009162079819248, 27.95287989744071 ], [ 113.008725407327958, 27.954653394978351 ], [ 113.008011626646095, 27.957282693249795 ], [ 113.006232144240613, 27.960778497009343 ], [ 113.006097388033254, 27.962196139149242 ], [ 113.005660771449811, 27.963187149784531 ], [ 113.001181612208285, 27.967693811885312 ], [ 113.000389481748215, 27.96847371250152 ], [ 112.999759002311976, 27.969564822576189 ], [ 113.000110723288429, 27.969823086328631 ], [ 113.00051677796651, 27.970121245635269 ], [ 113.002867538809355, 27.971847353059403 ], [ 113.00328882352477, 27.97215668932499 ], [ 113.005710445273834, 27.975002232579968 ], [ 113.006818644737578, 27.975872192843298 ], [ 113.013632020316223, 27.975890317552327 ], [ 113.013673949182106, 27.975927714134542 ], [ 113.015089097588529, 27.976941509768039 ], [ 113.017955295571724, 27.979857635654511 ], [ 113.017966944924297, 27.980005333079674 ], [ 113.018319447435061, 27.984474618388731 ], [ 113.017257312680769, 27.988268962475672 ], [ 113.017182246760697, 27.98853712006887 ], [ 113.017174967711938, 27.98856312437664 ], [ 113.017440682186503, 27.9886124970065 ], [ 113.018742052673957, 27.9888543068312 ], [ 113.020674719617261, 27.988781965029091 ], [ 113.020998570362011, 27.988769842614346 ], [ 113.021990754203415, 27.988120546576539 ], [ 113.023749473171719, 27.986969611617781 ], [ 113.024614086361325, 27.986289199187752 ], [ 113.024385661852548, 27.985592313358822 ], [ 113.02348168808048, 27.984688104780716 ], [ 113.022244412388531, 27.983450494366238 ], [ 113.022143050085134, 27.983349103501084 ], [ 113.022148614249986, 27.983302833390979 ], [ 113.022455181408702, 27.980753483616795 ], [ 113.024041846050636, 27.978823955865195 ], [ 113.026278784058746, 27.978410480858201 ], [ 113.028125557687815, 27.978640189214815 ], [ 113.02921801597283, 27.979329311349318 ], [ 113.029816266104305, 27.980500809507348 ], [ 113.029946320597844, 27.982981586101886 ], [ 113.028888828336974, 27.985327234274465 ], [ 113.028856688412731, 27.985398524135135 ], [ 113.026642935922084, 27.99030873188704 ], [ 113.024614086361325, 27.994764495113785 ], [ 113.025108292718272, 27.99761241228768 ], [ 113.026018675071583, 27.998370313325211 ], [ 113.027372645512202, 27.99980343956689 ], [ 113.02743301679088, 27.9998554276699 ], [ 113.027946380619582, 28.000401636348641 ], [ 113.03152134037876, 28.004168653890275 ], [ 113.03179418208677, 28.004456148154858 ], [ 113.032041492776017, 28.004825954279909 ], [ 113.034297892784807, 28.00820677639156 ], [ 113.036021758916689, 28.00934824578141 ], [ 113.043861245908417, 28.010978896148288 ], [ 113.047959967495714, 28.011415133768651 ], [ 113.057872476905672, 28.013044352283643 ], [ 113.06504322745721, 28.013789129795256 ], [ 113.06795556470999, 28.013146626449753 ], [ 113.069577673279795, 28.011415133768651 ], [ 113.07047401676185, 28.009553138894461 ], [ 113.071897621908363, 28.007598010348289 ], [ 113.076959328497082, 28.002756585809138 ], [ 113.081019239270802, 27.999916802867062 ], [ 113.082337392084455, 27.995680266485863 ], [ 113.084604614995726, 27.992700624769711 ], [ 113.08449916266288, 27.991210773023283 ], [ 113.078355101141142, 27.98394485626757 ], [ 113.070920720206573, 27.979055806097008 ] ] ] } },
{ "type": "Feature", "properties": { "name": "湘钢二中教育集团钢二中校区", "isAssistFeature": false, "sourceFileId": null, "sourceFileName": null, "sourceGroupId": null, "id": null, "sourceFile": null }, "geometry": { "type": "Polygon", "coordinates": [ [ [ 112.907116409119098, 27.839698185876099 ], [ 112.907148413397721, 27.838877482775668 ], [ 112.908204553694091, 27.838891632498221 ], [ 112.908681103664108, 27.837022748205861 ], [ 112.909121191016752, 27.837136794658626 ], [ 112.912839851577004, 27.838257107016346 ], [ 112.912999205521885, 27.838305596676559 ], [ 112.914232109113343, 27.836389085597151 ], [ 112.915157372957694, 27.834950720067688 ], [ 112.916725699391407, 27.832889487075779 ], [ 112.916853316755635, 27.832718811824158 ], [ 112.920347808126621, 27.828080206924405 ], [ 112.92049628976163, 27.827881419611249 ], [ 112.920529358543831, 27.827837624340372 ], [ 112.923596085651269, 27.823807650542275 ], [ 112.923621337293909, 27.823772100904034 ], [ 112.927193149356327, 27.818693799657151 ], [ 112.926912123996118, 27.818704027996549 ], [ 112.918153609264749, 27.819022803872457 ], [ 112.918132641687706, 27.819042677330224 ], [ 112.916703572089332, 27.820397214845176 ], [ 112.916506481715984, 27.820584024746537 ], [ 112.915815325122921, 27.821232145373045 ], [ 112.91575503828588, 27.82128023825128 ], [ 112.91479542735668, 27.821887069171314 ], [ 112.914691424006321, 27.821833153075666 ], [ 112.913679330803262, 27.820130269680327 ], [ 112.912971066693927, 27.818938573231485 ], [ 112.910223069035823, 27.818537098739409 ], [ 112.908523629893111, 27.818286078704734 ], [ 112.907935246856738, 27.818197998142239 ], [ 112.907788810685659, 27.818176077104305 ], [ 112.907662436589817, 27.818157159271191 ], [ 112.904942908339706, 27.81815528981317 ], [ 112.902783016138557, 27.818075192284891 ], [ 112.901494227454933, 27.817845001440048 ], [ 112.898842058478081, 27.817424902088973 ], [ 112.893257845007753, 27.821812999679651 ], [ 112.892945680446516, 27.822058294545698 ], [ 112.892994116708309, 27.822092972415941 ], [ 112.894372344356583, 27.823079700915482 ], [ 112.898025784532251, 27.829983944412028 ], [ 112.899246678546675, 27.829593004208789 ], [ 112.899312324732719, 27.829572480466613 ], [ 112.900672380361073, 27.829146680458972 ], [ 112.900613209231622, 27.829905547712066 ], [ 112.900573222523391, 27.830356266198027 ], [ 112.90057789645779, 27.83040064752177 ], [ 112.901218442866096, 27.83260363904353 ], [ 112.901282294218177, 27.832836942005404 ], [ 112.901457923839374, 27.832970081290046 ], [ 112.902515177148373, 27.832722178462621 ], [ 112.903063124318862, 27.83291345149609 ], [ 112.90356060323839, 27.832926203072592 ], [ 112.903890379270749, 27.833398455208489 ], [ 112.903005446189425, 27.834112086785904 ], [ 112.903077544075799, 27.835176820149705 ], [ 112.903665483344412, 27.837090133095618 ], [ 112.903730957053895, 27.837503134217471 ], [ 112.903957782561463, 27.83909709042447 ], [ 112.905235685460468, 27.839959162699103 ], [ 112.905901172694314, 27.840295425459196 ], [ 112.90654289320068, 27.840169326649139 ], [ 112.90685186964096, 27.84002221184743 ], [ 112.906828102015169, 27.839875096846225 ], [ 112.907116409119098, 27.839698185876099 ] ] ] } },
{ "type": "Feature", "properties": { "name": "湘锰中学", "isAssistFeature": false, "sourceFileId": null, "sourceFileName": null, "sourceGroupId": null, "id": null, "sourceFile": null }, "geometry": { "type": "Polygon", "coordinates": [ [ [ 112.794531776269167, 28.072579977312667 ], [ 112.796959222694554, 28.072082758290247 ], [ 112.800357985995603, 28.073435001018016 ], [ 112.801823986233615, 28.073508000883695 ], [ 112.802841236664747, 28.073297672457336 ], [ 112.804957986376053, 28.072701000816846 ], [ 112.807753986409665, 28.073356000933749 ], [ 112.810140986189353, 28.075136000959752 ], [ 112.811295986082754, 28.074921000888576 ], [ 112.812901986062883, 28.073815001002771 ], [ 112.813109985577015, 28.072632001599416 ], [ 112.81245098597617, 28.070591001017267 ], [ 112.811358667828344, 28.068739870982565 ], [ 112.81107798562455, 28.068205000946588 ], [ 112.810600985598583, 28.06633700128376 ], [ 112.810435985742146, 28.064921001416362 ], [ 112.810583985880143, 28.063738001585786 ], [ 112.811173985884025, 28.062504001181008 ], [ 112.812537986014803, 28.060886000868056 ], [ 112.815652918517003, 28.05680223998916 ], [ 112.816633985706787, 28.055516001359869 ], [ 112.818095819558522, 28.052096103258435 ], [ 112.820088986239554, 28.047433001516158 ], [ 112.824023631438521, 28.045168133325735 ], [ 112.824762540675465, 28.044742795234427 ], [ 112.825316025959665, 28.04449113936198 ], [ 112.826503985939183, 28.043951001537049 ], [ 112.827493694023673, 28.042461322767974 ], [ 112.827579857730768, 28.042331630246967 ], [ 112.828083985980015, 28.041150000865915 ], [ 112.828162985622726, 28.039909000999085 ], [ 112.827790591716635, 28.037395116656459 ], [ 112.82734614483995, 28.035199318885955 ], [ 112.827051986110277, 28.033746001034636 ], [ 112.826844925335578, 28.033027245732004 ], [ 112.826512986159997, 28.031875000871594 ], [ 112.826330985686809, 28.030800001284845 ], [ 112.826477985999901, 28.029728000984367 ], [ 112.827137985425665, 28.028608001194385 ], [ 112.82822398572209, 28.028001001423931 ], [ 112.829566140621779, 28.026989675644828 ], [ 112.830288986184826, 28.026445001390147 ], [ 112.831957212464701, 28.025592943991544 ], [ 112.833309985451052, 28.024902001213022 ], [ 112.834563805415598, 28.024781572563153 ], [ 112.835891986122718, 28.024654001373897 ], [ 112.837440985303104, 28.024837001256067 ], [ 112.8379437058923, 28.02495417068976 ], [ 112.838080030626543, 28.024983691010387 ], [ 112.838678375081102, 28.025109084284683 ], [ 112.839341985734322, 28.025255001306366 ], [ 112.840406693263574, 28.025546275707363 ], [ 112.841806659243375, 28.02592926715505 ], [ 112.84296198522523, 28.026145001169915 ], [ 112.844037985475936, 28.02604600164328 ], [ 112.845079985391422, 28.024758001145784 ], [ 112.845926670902898, 28.023201460989601 ], [ 112.846329985719379, 28.022460001464982 ], [ 112.846964182835222, 28.021036386670794 ], [ 112.847026868174083, 28.020890474240101 ], [ 112.848058068543239, 28.018405517073035 ], [ 112.848132157096288, 28.018224461080077 ], [ 112.849257211649686, 28.015414589019276 ], [ 112.850235985440534, 28.012970001219664 ], [ 112.854322985809986, 28.007654001476958 ], [ 112.854889628718183, 28.005928270565494 ], [ 112.855468985482588, 28.004168001140471 ], [ 112.855442985543334, 28.001515001328229 ], [ 112.855850985074014, 28.000013001160809 ], [ 112.854608862072766, 27.996891538296978 ], [ 112.854588815268869, 27.996833801319472 ], [ 112.854470985049701, 27.996537001626329 ], [ 112.853923824803388, 27.994583841198892 ], [ 112.853804138664842, 27.994164157107168 ], [ 112.853298985437831, 27.992337001443669 ], [ 112.853142985802265, 27.991261001128589 ], [ 112.853220985620069, 27.990810001544929 ], [ 112.853932985822667, 27.990204001595785 ], [ 112.855932519762462, 27.989947615854348 ], [ 112.857508985830975, 27.989878001151123 ], [ 112.859912985329103, 27.99032000139939 ], [ 112.860460159050135, 27.990458616225741 ], [ 112.864495985092816, 27.991481001556373 ], [ 112.866387985303163, 27.992535001300258 ], [ 112.867628985410306, 27.993799001475512 ], [ 112.868945884175773, 27.996174378768625 ], [ 112.869450985300475, 27.997279001309533 ], [ 112.869941985570165, 27.999810001435314 ], [ 112.869771984792521, 28.00078100127249 ], [ 112.868991984817853, 28.001825001222336 ], [ 112.868920500480797, 28.001864154364831 ], [ 112.868027985618468, 28.002353001137951 ], [ 112.866898985664335, 28.002817001235151 ], [ 112.865085985096655, 28.002881001638752 ], [ 112.863991985302661, 28.003458001330273 ], [ 112.863627985254581, 28.004138001611796 ], [ 112.863887985545588, 28.004882001575229 ], [ 112.864529985427978, 28.005437001153926 ], [ 112.86639698552402, 28.00574700166046 ], [ 112.867420984997835, 28.006070001316068 ], [ 112.867931985359007, 28.006663000912891 ], [ 112.868583985287174, 28.007891001211817 ], [ 112.869607985659314, 28.008177001643197 ], [ 112.87217898556203, 28.007723001142359 ], [ 112.87408498511779, 28.005967001069411 ], [ 112.874602043717246, 28.005634864318775 ], [ 112.875812985296633, 28.004857001341133 ], [ 112.877111985130114, 28.002738001626408 ], [ 112.877212724002675, 28.000936287527342 ], [ 112.877284021490141, 27.999661117594478 ], [ 112.877285985207365, 27.999626001670219 ], [ 112.875524384443651, 27.997574027781198 ], [ 112.875465984967008, 27.997506001198008 ], [ 112.876879985326497, 27.996407001540749 ], [ 112.877630634645897, 27.996421480462232 ], [ 112.878849985354691, 27.996445000971836 ], [ 112.879042403590233, 27.996484304395857 ], [ 112.880680985465716, 27.996819001211939 ], [ 112.881939985116148, 27.997461001499232 ], [ 112.882919985107378, 27.998723001419819 ], [ 112.883874984984232, 27.999314001419457 ], [ 112.884968984778297, 27.999526001372971 ], [ 112.886269985159885, 27.999393001159063 ], [ 112.887380984672333, 27.998862001233473 ], [ 112.887767705808898, 27.998079365975954 ], [ 112.888179984913592, 27.997245001414356 ], [ 112.888083984654131, 27.995662001534416 ], [ 112.887189984876656, 27.993445001156097 ], [ 112.886604894165799, 27.992442694219278 ], [ 112.885425611013616, 27.990422458164158 ], [ 112.885176985190753, 27.99001600099249 ], [ 112.883874984984232, 27.98852300101699 ], [ 112.881349813534058, 27.986231008335576 ], [ 112.881271985294489, 27.986160001428406 ], [ 112.878372985328724, 27.982661001048623 ], [ 112.878264118499416, 27.981981503867893 ], [ 112.878266441542749, 27.981955083871213 ], [ 112.879153761447796, 27.979335396093735 ], [ 112.880277473019873, 27.977786888968421 ], [ 112.88030494619619, 27.97776718188689 ], [ 112.88086586863264, 27.977462468583763 ], [ 112.881175985035014, 27.977294001409788 ], [ 112.881967945179383, 27.977240004020739 ], [ 112.882451985302225, 27.977207001371937 ], [ 112.883900984923528, 27.977914001580888 ], [ 112.885202985130007, 27.979178001019186 ], [ 112.886113984625936, 27.980665001297677 ], [ 112.886990984684999, 27.981416001559378 ], [ 112.889064985368591, 27.982416000982031 ], [ 112.891225985192477, 27.982400001019855 ], [ 112.893065984626006, 27.982267001093543 ], [ 112.893509128945553, 27.982108805894363 ], [ 112.894869984972829, 27.981623001635352 ], [ 112.896310985096505, 27.980239001419957 ], [ 112.897039985017543, 27.978788000958819 ], [ 112.896893244317567, 27.978815334050807 ], [ 112.896711159402727, 27.978054196796517 ], [ 112.897186966466023, 27.977285439766341 ], [ 112.897536611435854, 27.976349658036789 ], [ 112.897888642331068, 27.975867236830414 ], [ 112.897293830950531, 27.973712394498072 ], [ 112.896346989573075, 27.973208520086295 ], [ 112.895096672139843, 27.972929779768812 ], [ 112.894200391539812, 27.97225219994381 ], [ 112.893866300899134, 27.97134965906384 ], [ 112.894259347971911, 27.969804908236647 ], [ 112.894144566634822, 27.969299765983898 ], [ 112.893450672875062, 27.968367460678042 ], [ 112.893303233285792, 27.966825046589268 ], [ 112.89327770316541, 27.96651392096922 ], [ 112.893524551222356, 27.966545560634817 ], [ 112.895321692931972, 27.966794152810674 ], [ 112.895887568678916, 27.968394748013132 ], [ 112.896411655697136, 27.968718762473795 ], [ 112.897651997339167, 27.96992223351743 ], [ 112.898141146181047, 27.96987594653989 ], [ 112.898350780628988, 27.969505649211161 ], [ 112.898675968066911, 27.969592936319835 ], [ 112.89908625919989, 27.970196879807204 ], [ 112.900385512358227, 27.969653330662013 ], [ 112.901342856837985, 27.969381555062576 ], [ 112.901377047616023, 27.968294445819215 ], [ 112.901541521958023, 27.967617217716718 ], [ 112.901369210713469, 27.966761159660777 ], [ 112.901455366335753, 27.96628556891741 ], [ 112.902397966766756, 27.964770821935666 ], [ 112.904729279083682, 27.960844662463593 ], [ 112.905423907665337, 27.960817348622324 ], [ 112.907387891676038, 27.957635925166464 ], [ 112.908140090589313, 27.957515122997528 ], [ 112.90860166744018, 27.956624200049557 ], [ 112.909217103241332, 27.956382592518697 ], [ 112.910618929632108, 27.956503395954968 ], [ 112.911114697260984, 27.956367491682894 ], [ 112.911490796717615, 27.95645809507894 ], [ 112.911610464889876, 27.95674500321546 ], [ 112.911559178273663, 27.957213116190278 ], [ 112.911781419678348, 27.95796813122751 ], [ 112.912341163525127, 27.958180024413576 ], [ 112.912738764158064, 27.9583305373949 ], [ 112.914174780428553, 27.95796813122751 ], [ 112.914379925995036, 27.957349019397761 ], [ 112.914327234413719, 27.956993301366197 ], [ 112.914140589650515, 27.955733269748933 ], [ 112.914243161984601, 27.955340654492552 ], [ 112.915320174636634, 27.954766829199098 ], [ 112.916003992892144, 27.955521861345147 ], [ 112.916072374448206, 27.956125884371016 ], [ 112.916680378487015, 27.956666956152549 ], [ 112.91745029127938, 27.957117388335927 ], [ 112.917695674184046, 27.955811867375679 ], [ 112.921465321323211, 27.952011289653324 ], [ 112.917674656301358, 27.948542462467817 ], [ 112.91891532493014, 27.94660731249563 ], [ 112.921359639919913, 27.942794657796917 ], [ 112.921128100952075, 27.942198117560899 ], [ 112.914640606310712, 27.941308323704867 ], [ 112.900299211208875, 27.939341233800935 ], [ 112.899785065845904, 27.939414786470397 ], [ 112.894185584608991, 27.948710865812242 ], [ 112.893966119896874, 27.949346689885093 ], [ 112.893467194689777, 27.950424277958653 ], [ 112.892478841264719, 27.952106199950983 ], [ 112.891696978184129, 27.953661575232424 ], [ 112.890442060478335, 27.952580502611447 ], [ 112.890413639579364, 27.952556018731602 ], [ 112.889033632368537, 27.951367172290919 ], [ 112.890841239451248, 27.948860890476372 ], [ 112.895941687683219, 27.941064878055357 ], [ 112.897071152964671, 27.938656548191808 ], [ 112.883749534356525, 27.937771658325019 ], [ 112.876250456755159, 27.937771658325019 ], [ 112.876037017941968, 27.937771658325019 ], [ 112.875936854889474, 27.934851472327768 ], [ 112.875155551459343, 27.934101180586278 ], [ 112.874913370150324, 27.933868609977505 ], [ 112.874784985624856, 27.933745320105821 ], [ 112.874638634793726, 27.93309882077946 ], [ 112.874484498263982, 27.932417923445133 ], [ 112.873482872230639, 27.931134756888522 ], [ 112.870878646340486, 27.930736529823697 ], [ 112.870876020564893, 27.930664982419341 ], [ 112.870873740640732, 27.930601526490165 ], [ 112.870862232323617, 27.930253384116536 ], [ 112.870818692778442, 27.929143918809306 ], [ 112.870805720207414, 27.928857828663517 ], [ 112.870786059679105, 27.928386680734619 ], [ 112.870778483287992, 27.928214390739672 ], [ 112.87223084081181, 27.92728516739373 ], [ 112.872252975300427, 27.927299136511188 ], [ 112.873282547023948, 27.927948899283663 ], [ 112.874033766773536, 27.927727655773207 ], [ 112.874734904547765, 27.928258639913658 ], [ 112.875631546270483, 27.927741977234742 ], [ 112.875886773812397, 27.92759490913209 ], [ 112.876193325699731, 27.92759490913209 ], [ 112.87668807374078, 27.92759490913209 ], [ 112.877339130437875, 27.926134688494578 ], [ 112.877218749901616, 27.925789008904555 ], [ 112.876862640655006, 27.924766417114856 ], [ 112.876738155716197, 27.924408947186397 ], [ 112.87667759129971, 27.924391267842818 ], [ 112.875955463490612, 27.924194397830483 ], [ 112.875398189112516, 27.924041638664491 ], [ 112.874445090969118, 27.923719838776712 ], [ 112.87434648649365, 27.923687637304635 ], [ 112.874368379335408, 27.923484527310453 ], [ 112.874446648647819, 27.92275837821964 ], [ 112.875398189112516, 27.922448623416265 ], [ 112.872831397816924, 27.920186518100543 ], [ 112.872773314547246, 27.920114907356535 ], [ 112.872282117546519, 27.919509313738654 ], [ 112.871789522767216, 27.920133249388957 ], [ 112.872340817958801, 27.920528378620237 ], [ 112.872477022318805, 27.920626000241676 ], [ 112.87222252690384, 27.920858277084687 ], [ 112.871608276878874, 27.921418899997715 ], [ 112.870126150983168, 27.920843955504896 ], [ 112.870074477193114, 27.920738589481559 ], [ 112.86987923285767, 27.920340471752667 ], [ 112.863540273750246, 27.926346286172443 ], [ 112.86272066885131, 27.928237137187327 ], [ 112.861949345703948, 27.929047208889294 ], [ 112.86151402840548, 27.92950439145763 ], [ 112.860998510416735, 27.929541490604244 ], [ 112.860870177095265, 27.927296432375918 ], [ 112.859740843866149, 27.927046978583078 ], [ 112.858945178171226, 27.926298614544105 ], [ 112.858226511570905, 27.92641200348816 ], [ 112.857097178341803, 27.925323464715181 ], [ 112.855839511791189, 27.925482210635636 ], [ 112.855454511826721, 27.924983294100585 ], [ 112.855326178505237, 27.924620444265152 ], [ 112.855351845169551, 27.923985454122487 ], [ 112.854196845276135, 27.923554565829992 ], [ 112.853170178704232, 27.922488676885532 ], [ 112.851809846394744, 27.922012425237018 ], [ 112.85163017974466, 27.920606336700875 ], [ 112.852186951964498, 27.919627773174341 ], [ 112.852085093791047, 27.919123758289722 ], [ 112.851636918007614, 27.918313729701119 ], [ 112.850557220291208, 27.917683703270228 ], [ 112.85043499102207, 27.917305685332174 ], [ 112.850144673488543, 27.917199200608383 ], [ 112.849355293305678, 27.916909664820125 ], [ 112.848805259348794, 27.91705367237471 ], [ 112.848410241372264, 27.917079902667197 ], [ 112.848058040695463, 27.917104460470149 ], [ 112.848426878171352, 27.919124015467911 ], [ 112.846979837775677, 27.922178450623154 ], [ 112.840539503788449, 27.927108295987097 ], [ 112.838082097650044, 27.929871640145247 ], [ 112.835396441276032, 27.931206351602146 ], [ 112.834507689456416, 27.931648038196894 ], [ 112.834419327571823, 27.931483226589247 ], [ 112.834369317461636, 27.931389948209613 ], [ 112.832497084679076, 27.927897830552105 ], [ 112.831156681494193, 27.921976183919224 ], [ 112.830564058409692, 27.917787032282586 ], [ 112.830548582233945, 27.91767763330779 ], [ 112.830263079670374, 27.915659404700122 ], [ 112.828448988547947, 27.915718775058476 ], [ 112.824231265338341, 27.915856809388366 ], [ 112.819533633357864, 27.914412974471631 ], [ 112.819093052830155, 27.914277559411254 ], [ 112.817664551865349, 27.913163765853472 ], [ 112.815295243506824, 27.911316404042591 ], [ 112.810157031896978, 27.910724163240221 ], [ 112.808836099695824, 27.91439269143503 ], [ 112.808593227582378, 27.91506718767948 ], [ 112.80794435558802, 27.914302690176953 ], [ 112.807915570871387, 27.914268775271008 ], [ 112.807858891668531, 27.914201996413009 ], [ 112.806582622805053, 27.912698287166293 ], [ 112.805956378474377, 27.912459589140081 ], [ 112.803975298625474, 27.912658522191485 ], [ 112.803988102313241, 27.912816924731565 ], [ 112.803999578290984, 27.912842378121891 ], [ 112.804630200112015, 27.913890186561499 ], [ 112.804646930335863, 27.913917513856436 ], [ 112.804665387121702, 27.913944973708698 ], [ 112.804496938632866, 27.914365255510308 ], [ 112.80405183418938, 27.915475786931953 ], [ 112.804027260774788, 27.915537097404517 ], [ 112.804050881076861, 27.915554986961642 ], [ 112.804093346236982, 27.915587150372808 ], [ 112.805434070120441, 27.916602616714201 ], [ 112.805608561576165, 27.916731665150063 ], [ 112.804384279116448, 27.917244321885722 ], [ 112.804027260774788, 27.917394545821196 ], [ 112.803996859090617, 27.917454988406753 ], [ 112.803973781370985, 27.917500870010702 ], [ 112.803817663157744, 27.917811257335533 ], [ 112.803699398153967, 27.918046384295181 ], [ 112.80357681854187, 27.918290089766234 ], [ 112.80360351826873, 27.918366309526991 ], [ 112.804064797777272, 27.919683144000146 ], [ 112.804636182891826, 27.920124911813247 ], [ 112.805044959465221, 27.920440957394394 ], [ 112.805265976466131, 27.92061183658716 ], [ 112.8056181672615, 27.922042238849244 ], [ 112.805641344694152, 27.922137528689898 ], [ 112.805283574462564, 27.922795056622014 ], [ 112.805007582362862, 27.923302286457268 ], [ 112.804702924124143, 27.923862197424999 ], [ 112.804777267798769, 27.923932629387195 ], [ 112.80531576918402, 27.924361532663102 ], [ 112.80563405037401, 27.924620860967895 ], [ 112.805635198420973, 27.924679612067067 ], [ 112.805450586545234, 27.926102923487846 ], [ 112.805368790447034, 27.926743212658678 ], [ 112.805194399602641, 27.927191516320097 ], [ 112.804808239913129, 27.928169588343241 ], [ 112.804683807076572, 27.928707935751053 ], [ 112.80467122976431, 27.928765628228707 ], [ 112.804663044315433, 27.928811013739267 ], [ 112.804507944791737, 27.929490600410361 ], [ 112.803408017913455, 27.929485015257953 ], [ 112.801240495422306, 27.929465773187335 ], [ 112.799515545023823, 27.928633898785598 ], [ 112.799113890294009, 27.928804764234251 ], [ 112.798061836433831, 27.929252310899692 ], [ 112.797488555874025, 27.929496185562478 ], [ 112.797483192931793, 27.929526193150515 ], [ 112.797277251457942, 27.930675318449488 ], [ 112.797263334757574, 27.930756437560877 ], [ 112.79737263098157, 27.931184079601131 ], [ 112.797522539141227, 27.93178586805816 ], [ 112.797849509734974, 27.932356007457162 ], [ 112.798051608216014, 27.932713115384463 ], [ 112.797995085320011, 27.932771939863681 ], [ 112.797196035671419, 27.933673304850895 ], [ 112.796666623440203, 27.934277001662849 ], [ 112.791299514807719, 27.938756499368189 ], [ 112.791233391616288, 27.93876107138788 ], [ 112.789648537079643, 27.938870647428491 ], [ 112.788754369317203, 27.938976276715422 ], [ 112.787394197806151, 27.939249376421365 ], [ 112.779968323917331, 27.940014181600496 ], [ 112.779771266781637, 27.940511574864416 ], [ 112.779595867129174, 27.943704324128102 ], [ 112.779503028041191, 27.946414312674591 ], [ 112.779398106612618, 27.949476918096416 ], [ 112.779387302574705, 27.949539219453332 ], [ 112.77929134992597, 27.950092505759461 ], [ 112.779157622221177, 27.950863606181688 ], [ 112.776247223532778, 27.953150524329409 ], [ 112.773982291325439, 27.955030578888827 ], [ 112.773388301005085, 27.956099734969907 ], [ 112.773656100469353, 27.957191191541181 ], [ 112.773654350551169, 27.957223958300933 ], [ 112.774890243735911, 27.956539003599779 ], [ 112.775402785606104, 27.956246808704588 ], [ 112.77546962655147, 27.956288514380507 ], [ 112.775679830531317, 27.956394736823373 ], [ 112.775987628381955, 27.956557029196787 ], [ 112.776958675763069, 27.957070989539748 ], [ 112.776975567683664, 27.957431962523039 ], [ 112.776979549016986, 27.957517047974701 ], [ 112.777003770291998, 27.957969059592642 ], [ 112.777005517515221, 27.95807197953129 ], [ 112.77702030647977, 27.958388020445721 ], [ 112.777030086438231, 27.9585970142622 ], [ 112.777037983527919, 27.958765771681136 ], [ 112.777039858311895, 27.958805825176327 ], [ 112.777323531007283, 27.959482345261431 ], [ 112.777348062201057, 27.959559790430973 ], [ 112.777408336461676, 27.959661416303287 ], [ 112.777447718603725, 27.959758788333854 ], [ 112.779586458174876, 27.960185201541194 ], [ 112.779894220092899, 27.960225177544263 ], [ 112.780642319095222, 27.960339606013893 ], [ 112.780669476962899, 27.960326241815903 ], [ 112.780735470796941, 27.960316166496522 ], [ 112.780770942572559, 27.960318554009291 ], [ 112.781983381643542, 27.960120105418333 ], [ 112.785148549733037, 27.96214697813928 ], [ 112.786880681263867, 27.963421123084952 ], [ 112.787336255572001, 27.963726019658321 ], [ 112.787918370164334, 27.964112307760772 ], [ 112.789105010518668, 27.964898919448007 ], [ 112.79089423178246, 27.962982124459856 ], [ 112.791334324524968, 27.962505171385967 ], [ 112.792202801368632, 27.962082719489807 ], [ 112.792303099168393, 27.962031712121359 ], [ 112.794539058012845, 27.960801558102272 ], [ 112.79498521797683, 27.962857412654969 ], [ 112.795676539859898, 27.964986281691271 ], [ 112.795839299318033, 27.965590950757626 ], [ 112.796014764547536, 27.966242818211345 ], [ 112.796024301960912, 27.966278248885676 ], [ 112.796092626923112, 27.966532082160615 ], [ 112.796237202683244, 27.966696343610998 ], [ 112.796693919648419, 27.967215247787333 ], [ 112.796842287197379, 27.968176205565623 ], [ 112.796367511400035, 27.96958268414642 ], [ 112.797594014495104, 27.971679263488976 ], [ 112.798083226219063, 27.971754527650209 ], [ 112.798655755787294, 27.971436931193267 ], [ 112.798844965240662, 27.97133197153553 ], [ 112.799280055265342, 27.971090615108086 ], [ 112.800071347961463, 27.97140510017168 ], [ 112.80041753801072, 27.971702113441907 ], [ 112.80075383760871, 27.972802800915193 ], [ 112.800931878308106, 27.973099810337423 ], [ 112.800882422458471, 27.973554057433695 ], [ 112.800835555553462, 27.973938419782773 ], [ 112.801802299106029, 27.975021613306868 ], [ 112.803661835998682, 27.974095658278408 ], [ 112.802701258482188, 27.976794758563855 ], [ 112.80226604808324, 27.977633339284161 ], [ 112.804106529013751, 27.978756786930614 ], [ 112.805272958172537, 27.979135779805528 ], [ 112.805767515770739, 27.980096632196833 ], [ 112.806400549568309, 27.981476750234606 ], [ 112.805618050480518, 27.982370370660668 ], [ 112.805494122497166, 27.982511896783816 ], [ 112.805374637581238, 27.982648348819296 ], [ 112.804474181611795, 27.98353268046499 ], [ 112.803426115373171, 27.984650996023039 ], [ 112.802562782282848, 27.985564591694899 ], [ 112.801771490485024, 27.986018787088128 ], [ 112.801751707785854, 27.986769951552859 ], [ 112.804578278386913, 27.989545438020905 ], [ 112.806459895869224, 27.991206956000426 ], [ 112.806196952697363, 27.992051260392927 ], [ 112.806024685470263, 27.992604400118289 ], [ 112.806024685470263, 27.993582600618005 ], [ 112.80597195076983, 27.995030602779252 ], [ 112.805969758880551, 27.995100095967885 ], [ 112.805470780672835, 27.99625513773201 ], [ 112.804011351611123, 27.996035124839 ], [ 112.803848631678846, 27.996010594503112 ], [ 112.802800170181499, 27.995696181191512 ], [ 112.801415408187907, 27.995800985466229 ], [ 112.798131545699903, 27.995154688832312 ], [ 112.796410485904914, 27.995731115961075 ], [ 112.793997044214819, 27.997180902480963 ], [ 112.789357538623122, 27.999858818456143 ], [ 112.787315854831917, 27.998743389180813 ], [ 112.787264544859497, 27.998691288703618 ], [ 112.787197164925004, 27.998619045511735 ], [ 112.786216704996349, 27.997627304295452 ], [ 112.786124134504647, 27.997533307335733 ], [ 112.78550957366258, 27.997052138957461 ], [ 112.785036264814096, 27.996695274010403 ], [ 112.784992261738211, 27.996652155419692 ], [ 112.78542611478278, 27.99612396417275 ], [ 112.785763248915671, 27.995713274585388 ], [ 112.783174733661525, 27.993134102238709 ], [ 112.783145621059788, 27.993112474413202 ], [ 112.782647976850299, 27.992866130588428 ], [ 112.781881452503185, 27.99248735413526 ], [ 112.781845160565709, 27.992491340861964 ], [ 112.780623063707097, 27.992607471465117 ], [ 112.779953247491918, 27.992675343289505 ], [ 112.779914065674177, 27.992738773046206 ], [ 112.779002166964645, 27.99421498746748 ], [ 112.777637891949382, 27.995223023075049 ], [ 112.775661147370045, 27.994627017727851 ], [ 112.774487957490436, 27.994953401997801 ], [ 112.774664739650149, 27.99684073537416 ], [ 112.773154056311583, 27.998486803248326 ], [ 112.772506598265508, 27.998849012220273 ], [ 112.771048743052162, 27.999664578185598 ], [ 112.771257667831037, 28.00125384389839 ], [ 112.770373757032502, 28.001693725780861 ], [ 112.768605936333742, 28.001864002872885 ], [ 112.767802381634013, 28.002715380330837 ], [ 112.766344766270848, 28.002656801773416 ], [ 112.765759517456488, 28.006543291842377 ], [ 112.764976818044389, 28.007950341478203 ], [ 112.764670415277379, 28.008967484238273 ], [ 112.763013752111888, 28.008750798980834 ], [ 112.763412578046868, 28.010077990431721 ], [ 112.7636733490924, 28.013964670358565 ], [ 112.764148873186357, 28.016348070418818 ], [ 112.764701093642657, 28.020586599735402 ], [ 112.767876365084163, 28.022252175012948 ], [ 112.769556483261724, 28.022675931166273 ], [ 112.770021217690825, 28.022793144981005 ], [ 112.771741911871459, 28.023227133389693 ], [ 112.774706769127349, 28.023511972595422 ], [ 112.776364568661691, 28.027711298971049 ], [ 112.768330043048749, 28.034256149800115 ], [ 112.766531582612259, 28.036091643757672 ], [ 112.766545095969107, 28.038620243505164 ], [ 112.767018059864498, 28.039288165067813 ], [ 112.768139659497308, 28.039490926249343 ], [ 112.771423380051502, 28.040099207501054 ], [ 112.772923350980321, 28.039335873988588 ], [ 112.774193596639819, 28.038322062798169 ], [ 112.775828700238534, 28.037761480324225 ], [ 112.777382724594588, 28.037188968257315 ], [ 112.778963774766027, 28.037069694328359 ], [ 112.781909664094684, 28.037737625517376 ], [ 112.782977211198542, 28.036855001081616 ], [ 112.784760960823945, 28.035101657392836 ], [ 112.784598801440424, 28.030891130495807 ], [ 112.784760960823945, 28.028660557422523 ], [ 112.786044719840248, 28.027133721890443 ], [ 112.786896055031661, 28.027002508222058 ], [ 112.789936536959729, 28.027443862148029 ], [ 112.792314868895261, 28.028433918962516 ], [ 112.796902024265464, 28.028318495442715 ], [ 112.798793879847068, 28.028843341946398 ], [ 112.798810737631698, 28.028876118650015 ], [ 112.802397437473331, 28.034597080453764 ], [ 112.802793229797629, 28.036700763289566 ], [ 112.803415412844885, 28.040007650802536 ], [ 112.802118140471705, 28.042273768574855 ], [ 112.799145224429424, 28.043824242743874 ], [ 112.793848028980577, 28.049358060234987 ], [ 112.787442747255682, 28.052458781962461 ], [ 112.786442766935906, 28.0535082368771 ], [ 112.780659094234835, 28.053937556461801 ], [ 112.778740212837874, 28.055130101164028 ], [ 112.777334834508494, 28.056298782740665 ], [ 112.774592036299254, 28.060225308302609 ], [ 112.771947854243606, 28.06508319614127 ], [ 112.77207789526247, 28.067339935305569 ], [ 112.772468021013935, 28.068869901027771 ], [ 112.773941827611779, 28.072044510516857 ], [ 112.773638397370064, 28.075601491224887 ], [ 112.775285593190802, 28.0763664179842 ], [ 112.777496303087545, 28.076481156647151 ], [ 112.782654627078344, 28.075486751622279 ], [ 112.785905671414056, 28.073918633021741 ], [ 112.794531776269167, 28.072579977312667 ] ] ] } },
{ "type": "Feature", "properties": { "name": "长城中学（中学部）", "isAssistFeature": false, "sourceFileId": null, "sourceFileName": null, "sourceGroupId": null, "id": null, "sourceFile": null }, "geometry": { "type": "Polygon", "coordinates": [ [ [ 112.84644998986154, 27.889556268585636 ], [ 112.846955597636068, 27.888407252639286 ], [ 112.846966775373161, 27.888372067973147 ], [ 112.84706580385344, 27.887416634052297 ], [ 112.847639147295311, 27.886496953430679 ], [ 112.847814670016987, 27.883658980422982 ], [ 112.84718371312438, 27.883293903691904 ], [ 112.847666025786936, 27.88255157011654 ], [ 112.845875345659138, 27.878473464824157 ], [ 112.845861053462983, 27.878440916379979 ], [ 112.845054125589314, 27.878647391188544 ], [ 112.844990420662654, 27.876920497695959 ], [ 112.844956133764882, 27.876874229642574 ], [ 112.843758792678869, 27.875268661077524 ], [ 112.843206683613687, 27.875568996592957 ], [ 112.843181833517974, 27.875563777109345 ], [ 112.841061952279603, 27.875118493007534 ], [ 112.841380476913002, 27.873973453139797 ], [ 112.841359242536328, 27.872903487214444 ], [ 112.841389556185604, 27.872904775242819 ], [ 112.850262970831679, 27.873281719819758 ], [ 112.851112369255318, 27.874483079714423 ], [ 112.852471407092466, 27.874483079714423 ], [ 112.852811166102597, 27.87343189043591 ], [ 112.854449450635713, 27.873390900832273 ], [ 112.855699120383633, 27.873694688711812 ], [ 112.857228037725847, 27.873919944096343 ], [ 112.86206960856093, 27.873657146366867 ], [ 112.86206960945924, 27.873581396981393 ], [ 112.86206960856093, 27.871892630362662 ], [ 112.860073522355208, 27.867650165497835 ], [ 112.866461179134205, 27.865242420627581 ], [ 112.867585107200242, 27.864818765095045 ], [ 112.869464159094107, 27.86410935005199 ], [ 112.869075290984043, 27.863128302152116 ], [ 112.8691804477712, 27.860057110717239 ], [ 112.869666062640732, 27.857480731445644 ], [ 112.868869880414536, 27.857295490893264 ], [ 112.868953688738983, 27.856813862228496 ], [ 112.869540349704948, 27.856813862228496 ], [ 112.868900336895933, 27.853150379329584 ], [ 112.866099226346677, 27.853563144569609 ], [ 112.866161473307656, 27.850948938443153 ], [ 112.866721695058175, 27.849765644615452 ], [ 112.867157422886734, 27.847261424018054 ], [ 112.869337456214865, 27.85016408942586 ], [ 112.869802916482712, 27.850783828396249 ], [ 112.869986938165283, 27.851466281470042 ], [ 112.870052974220144, 27.851711176514634 ], [ 112.870936546353803, 27.854987879728277 ], [ 112.871875349606114, 27.856152746221884 ], [ 112.872182211412195, 27.85653313085362 ], [ 112.872557463757531, 27.856999104398042 ], [ 112.872603008342438, 27.856951965319727 ], [ 112.874334115793843, 27.855162874700415 ], [ 112.87365958971165, 27.854284882097925 ], [ 112.874952431593812, 27.853406881591201 ], [ 112.875114818251092, 27.853384793726185 ], [ 112.875751870212909, 27.8540529579919 ], [ 112.876794888817955, 27.853616719261446 ], [ 112.877519380094611, 27.853467624388173 ], [ 112.877762959182206, 27.853357183491458 ], [ 112.878737274634304, 27.853583586732118 ], [ 112.878693555426068, 27.852668226315156 ], [ 112.878765838365382, 27.852543270516019 ], [ 112.879118632828593, 27.852623614237828 ], [ 112.880689212237058, 27.852972791076567 ], [ 112.880959376067196, 27.851811327152458 ], [ 112.883403250882466, 27.851072804767952 ], [ 112.883201172164362, 27.850478400476501 ], [ 112.881813275050405, 27.849672902619123 ], [ 112.878791584979751, 27.847383838628808 ], [ 112.877414857518033, 27.845342045665287 ], [ 112.877146649320281, 27.844944267828573 ], [ 112.873993496197684, 27.840139373721851 ], [ 112.873197119935369, 27.838925791841664 ], [ 112.874269462246218, 27.838901478441748 ], [ 112.872841029553399, 27.836974869631142 ], [ 112.872740588023177, 27.835524159372181 ], [ 112.872463658082324, 27.831524270586581 ], [ 112.872441770630402, 27.831208129121411 ], [ 112.872512883064942, 27.831007718210909 ], [ 112.874670012946567, 27.82492827289671 ], [ 112.874848912435425, 27.823798162324525 ], [ 112.875601617100187, 27.819043187394925 ], [ 112.875949755595286, 27.818366758444689 ], [ 112.879183596295022, 27.812086755309448 ], [ 112.881181158432724, 27.808201710268502 ], [ 112.881208371995967, 27.808095150080995 ], [ 112.88196014870104, 27.80515133490508 ], [ 112.881560353483849, 27.804176794804075 ], [ 112.880683215084233, 27.803877335889158 ], [ 112.879897729098118, 27.803609166951635 ], [ 112.878596770937349, 27.803826689391293 ], [ 112.875114038513402, 27.804409005885329 ], [ 112.87399642650216, 27.805096716024451 ], [ 112.873139521756016, 27.805623999470939 ], [ 112.872579866842401, 27.807070418884624 ], [ 112.871363300911014, 27.810214547499605 ], [ 112.868880762605883, 27.816630209698239 ], [ 112.86749338561647, 27.8188437058296 ], [ 112.865487064006402, 27.822044620900044 ], [ 112.860354271932636, 27.825975048213781 ], [ 112.860030528985718, 27.826222948974831 ], [ 112.856171028758581, 27.827811848295287 ], [ 112.857102632912202, 27.829459570818926 ], [ 112.854773623875673, 27.830930731527317 ], [ 112.855239425503314, 27.834755654291214 ], [ 112.856044332167542, 27.835230171966302 ], [ 112.858832753115109, 27.836874014992219 ], [ 112.854979939946986, 27.837433911438179 ], [ 112.845509232773523, 27.849458584778819 ], [ 112.845007514704179, 27.850101050143962 ], [ 112.844760641494432, 27.861545139460638 ], [ 112.844723044304843, 27.862090251988064 ], [ 112.844673730389005, 27.863310970747026 ], [ 112.844634979762589, 27.867140779172672 ], [ 112.844630820562813, 27.867440897389947 ], [ 112.844624416473181, 27.867859480055614 ], [ 112.844302961535277, 27.870694361026128 ], [ 112.841507028875313, 27.870712669347501 ], [ 112.839216306036164, 27.870794837976874 ], [ 112.837207427820815, 27.870931964758945 ], [ 112.834236350629908, 27.86967720523025 ], [ 112.832467183356528, 27.869285727530627 ], [ 112.828099387595543, 27.868387769697986 ], [ 112.823344507778685, 27.866780895264451 ], [ 112.822538683934511, 27.866508895923673 ], [ 112.821864755231942, 27.869420307083303 ], [ 112.82177435866322, 27.87015690737908 ], [ 112.821610442175015, 27.871454876799763 ], [ 112.817976049876634, 27.872616524911454 ], [ 112.817747902947303, 27.874471961697584 ], [ 112.816859047821424, 27.88170039241971 ], [ 112.818999457360704, 27.881445596013574 ], [ 112.82123697388387, 27.881179239400375 ], [ 112.822041448458464, 27.881209591506607 ], [ 112.829816278309295, 27.881502924621991 ], [ 112.837971043423025, 27.882491970347481 ], [ 112.837188495826183, 27.88624203968244 ], [ 112.838247526901185, 27.889284173195168 ], [ 112.838256554969789, 27.889310105332857 ], [ 112.83897570037216, 27.891375847197541 ], [ 112.841020868728378, 27.894115072931488 ], [ 112.84183213456653, 27.893982011121125 ], [ 112.845454315166933, 27.893350324152937 ], [ 112.845410676807063, 27.892061256987763 ], [ 112.84644998986154, 27.889556268585636 ] ] ] } },
{ "type": "Feature", "properties": { "name": "长沙市一中九华中学", "isAssistFeature": false, "sourceFileId": null, "sourceFileName": null, "sourceGroupId": null, "id": null, "sourceFile": null }, "geometry": { "type": "Polygon", "coordinates": [ [ [ 112.863540273750246, 27.926346286172443 ], [ 112.86987923285767, 27.920340471752667 ], [ 112.86965620812208, 27.919885707095514 ], [ 112.86900551883592, 27.919725998069286 ], [ 112.86763184025628, 27.918384434364352 ], [ 112.866438909898321, 27.918576087227901 ], [ 112.865860518822856, 27.917713646666837 ], [ 112.863912328991461, 27.917002635803701 ], [ 112.863573955183483, 27.916877986005868 ], [ 112.862570921490089, 27.916499828721161 ], [ 112.86220942684335, 27.915988744114902 ], [ 112.861834299363821, 27.916064605914436 ], [ 112.861312842612762, 27.915486521307727 ], [ 112.861270568793827, 27.914718589649549 ], [ 112.860383746555428, 27.914224151255855 ], [ 112.860267615050432, 27.913701723611812 ], [ 112.860330959752687, 27.912796797775453 ], [ 112.858533465005181, 27.911786919868277 ], [ 112.858299880573412, 27.909779080503142 ], [ 112.857917676166124, 27.909336726651176 ], [ 112.857896416636578, 27.909309953881188 ], [ 112.858169261937832, 27.908120353780866 ], [ 112.857853946086578, 27.906926757856365 ], [ 112.856952459749536, 27.905487198539237 ], [ 112.85616048613042, 27.904222500858847 ], [ 112.854647467172086, 27.90180632902376 ], [ 112.854649541382102, 27.901772788883953 ], [ 112.854724017109049, 27.900968501981794 ], [ 112.854796112300477, 27.900154871261506 ], [ 112.8546714530885, 27.899843805293777 ], [ 112.854436244502708, 27.89925365316957 ], [ 112.854434715570108, 27.899230941114407 ], [ 112.85443511801536, 27.898015446225397 ], [ 112.854512310247699, 27.897367347077548 ], [ 112.854562527868751, 27.896945717846656 ], [ 112.854900781302447, 27.89610462267655 ], [ 112.854923522153868, 27.896044885873089 ], [ 112.855313351461291, 27.895910434675557 ], [ 112.855750291117161, 27.895762677817888 ], [ 112.855794154954197, 27.895744607147002 ], [ 112.856024141633227, 27.895469670739107 ], [ 112.856048710556237, 27.895437821301837 ], [ 112.856261324716002, 27.895181581297731 ], [ 112.8562485479777, 27.895098644379679 ], [ 112.856003095004425, 27.893835838727707 ], [ 112.855988748011015, 27.893806031631776 ], [ 112.855538913937565, 27.893027453214437 ], [ 112.855496083163132, 27.892953321160256 ], [ 112.855435570848954, 27.892948458998937 ], [ 112.855179913014041, 27.892927917873411 ], [ 112.85479532896953, 27.892897017255166 ], [ 112.853776051040867, 27.892484121585632 ], [ 112.853713306413184, 27.892493287799265 ], [ 112.853145503779984, 27.892559567956269 ], [ 112.853111885228785, 27.892512256976151 ], [ 112.852629363258757, 27.89167709317881 ], [ 112.851758730458457, 27.891076509865311 ], [ 112.850953792353152, 27.890005659304354 ], [ 112.85093511548007, 27.890216871924551 ], [ 112.850867069893951, 27.891076563061027 ], [ 112.850506434934914, 27.891619913664183 ], [ 112.850396944674856, 27.892953159988025 ], [ 112.850379482324058, 27.892982352006303 ], [ 112.849805113904424, 27.89368526846734 ], [ 112.849767157388698, 27.893680083202661 ], [ 112.849095785291439, 27.893602486016384 ], [ 112.848565877190197, 27.893850113070979 ], [ 112.847660382570297, 27.89336621504005 ], [ 112.847613296476382, 27.893388397174334 ], [ 112.847274824752034, 27.893658299689402 ], [ 112.846667501636233, 27.893794829852578 ], [ 112.84583089612056, 27.89377587122171 ], [ 112.845768569209511, 27.893774458792084 ], [ 112.845195698281472, 27.893761476188889 ], [ 112.845176829168949, 27.894278460790662 ], [ 112.845554215013053, 27.895629281405721 ], [ 112.844874920673305, 27.895796048331352 ], [ 112.845060254794518, 27.897053748425989 ], [ 112.845082482707895, 27.897196878932878 ], [ 112.844818313335693, 27.898047374295569 ], [ 112.843289901744967, 27.898797805876395 ], [ 112.842440784494016, 27.898347547393548 ], [ 112.841157674061307, 27.898614367490772 ], [ 112.842101137773284, 27.900248625933742 ], [ 112.844535273952573, 27.901816156549508 ], [ 112.845271175629975, 27.903417015155423 ], [ 112.844780574212294, 27.904450890433584 ], [ 112.84484257503486, 27.905318845330392 ], [ 112.846262818685574, 27.907444555969171 ], [ 112.845941254153217, 27.908533862172543 ], [ 112.847943194679644, 27.910076148947145 ], [ 112.848031424511888, 27.910144120297375 ], [ 112.847999299859026, 27.910242188690848 ], [ 112.84773665672445, 27.911043960101942 ], [ 112.848111815645012, 27.912464744927767 ], [ 112.848754944709725, 27.913293526464876 ], [ 112.848318166750602, 27.914912062822093 ], [ 112.847924235735562, 27.916371805572446 ], [ 112.848036682351278, 27.916987511999949 ], [ 112.848058040695463, 27.917104460470149 ], [ 112.848410241372264, 27.917079902667197 ], [ 112.848805259348794, 27.91705367237471 ], [ 112.849355293305678, 27.916909664820125 ], [ 112.850144673488543, 27.917199200608383 ], [ 112.85043499102207, 27.917305685332174 ], [ 112.850557220291208, 27.917683703270228 ], [ 112.851636918007614, 27.918313729701119 ], [ 112.852085093791047, 27.919123758289722 ], [ 112.852186951964498, 27.919627773174341 ], [ 112.85163017974466, 27.920606336700875 ], [ 112.851809846394744, 27.922012425237018 ], [ 112.853170178704232, 27.922488676885532 ], [ 112.854196845276135, 27.923554565829992 ], [ 112.855351845169551, 27.923985454122487 ], [ 112.855326178505237, 27.924620444265152 ], [ 112.855454511826721, 27.924983294100585 ], [ 112.855839511791189, 27.925482210635636 ], [ 112.857097178341803, 27.925323464715181 ], [ 112.858226511570905, 27.92641200348816 ], [ 112.858945178171226, 27.926298614544105 ], [ 112.859740843866149, 27.927046978583078 ], [ 112.860870177095265, 27.927296432375918 ], [ 112.860998510416735, 27.929541490604244 ], [ 112.86151402840548, 27.92950439145763 ], [ 112.861949345703948, 27.929047208889294 ], [ 112.86272066885131, 27.928237137187327 ], [ 112.863540273750246, 27.926346286172443 ] ] ] } },
{ "type": "Feature", "properties": { "name": "长沙市一中九华中学", "isAssistFeature": false, "sourceFileId": null, "sourceFileName": null, "sourceGroupId": null, "id": null, "sourceFile": null }, "geometry": { "type": "Polygon", "coordinates": [ [ [ 112.900362650234271, 27.933339851031413 ], [ 112.900163280835045, 27.931496221332274 ], [ 112.898360362059833, 27.931783826746997 ], [ 112.89798475398166, 27.930965255478796 ], [ 112.899537267371429, 27.930190925599668 ], [ 112.899336943063076, 27.929814820513737 ], [ 112.898084916135815, 27.929814820513737 ], [ 112.897684267519097, 27.927115675026936 ], [ 112.896482321668969, 27.926407691281646 ], [ 112.896368449426902, 27.926379520258511 ], [ 112.893978268712786, 27.92578820170057 ], [ 112.89257599855425, 27.92516870856921 ], [ 112.891970218744135, 27.923842940860077 ], [ 112.89190288462369, 27.923707932884774 ], [ 112.890873241933235, 27.92180568390939 ], [ 112.890280018774106, 27.921309105444454 ], [ 112.888970161003812, 27.920212635714076 ], [ 112.88967129608308, 27.918708069437535 ], [ 112.889370809620544, 27.9163184198834 ], [ 112.889478601166417, 27.915966734102049 ], [ 112.899778129953603, 27.918066942877616 ], [ 112.903381648952305, 27.918801738179337 ], [ 112.902963562239293, 27.916152366448209 ], [ 112.902963562239293, 27.914590195278311 ], [ 112.903883352648592, 27.913112421832142 ], [ 112.902211005796545, 27.912004078496352 ], [ 112.901188228929797, 27.911853446197231 ], [ 112.900705893809373, 27.911782408625019 ], [ 112.900789511690974, 27.910674051659935 ], [ 112.901568728334709, 27.91017674494266 ], [ 112.902294623678131, 27.90971346659537 ], [ 112.902479296639299, 27.909376199923464 ], [ 112.903548883817194, 27.907422806186624 ], [ 112.904584564084672, 27.907651615299589 ], [ 112.904611553069074, 27.907657577861936 ], [ 112.905221229770916, 27.907792270874946 ], [ 112.906440859855763, 27.907409829190037 ], [ 112.907813367930586, 27.906979447212535 ], [ 112.905600948539828, 27.906507517264121 ], [ 112.897779287716617, 27.905871041034054 ], [ 112.896525027577553, 27.903063028049598 ], [ 112.897528434970141, 27.902767443161768 ], [ 112.897444817986838, 27.901141714226558 ], [ 112.898699078125901, 27.900920022096884 ], [ 112.898699078125901, 27.902767443161768 ], [ 112.904113334836069, 27.903842676652388 ], [ 112.90614102107854, 27.904245357938237 ], [ 112.904547591224201, 27.903075694367562 ], [ 112.905048672387991, 27.897946304169263 ], [ 112.904220723936703, 27.897372787013726 ], [ 112.906120296944934, 27.896470478716697 ], [ 112.907742736094747, 27.896537171661386 ], [ 112.907749291101354, 27.896644610380633 ], [ 112.908253785863238, 27.896710741119598 ], [ 112.911310016156563, 27.89586578641515 ], [ 112.903589388853348, 27.89428998089058 ], [ 112.903088520590273, 27.894187751274703 ], [ 112.903036134436178, 27.894268579386292 ], [ 112.903009379912049, 27.894309703997457 ], [ 112.902300813070426, 27.895367393013512 ], [ 112.901479812189564, 27.896596880405752 ], [ 112.899505710453795, 27.897503292207595 ], [ 112.899087601282915, 27.898844963266381 ], [ 112.8957947233027, 27.899889296623691 ], [ 112.895599622697731, 27.899388181985916 ], [ 112.895589497786176, 27.899365328643928 ], [ 112.894238227681299, 27.900011547779553 ], [ 112.893539928583365, 27.900339822586464 ], [ 112.891032240145265, 27.903492301480721 ], [ 112.889267134155261, 27.902371347190503 ], [ 112.888607291036394, 27.90301523421989 ], [ 112.888035839446474, 27.90357513273187 ], [ 112.887182535147986, 27.904432785489472 ], [ 112.886963437846802, 27.904651704592709 ], [ 112.873722059454792, 27.919186917740813 ], [ 112.872777386610466, 27.918881986713391 ], [ 112.872282117546519, 27.919509313738654 ], [ 112.872773314547246, 27.920114907356535 ], [ 112.872831397816924, 27.920186518100543 ], [ 112.875398189112516, 27.922448623416265 ], [ 112.874446648647819, 27.92275837821964 ], [ 112.874368379335408, 27.923484527310453 ], [ 112.87434648649365, 27.923687637304635 ], [ 112.874445090969118, 27.923719838776712 ], [ 112.875398189112516, 27.924041638664491 ], [ 112.875955463490612, 27.924194397830483 ], [ 112.87667759129971, 27.924391267842818 ], [ 112.876738155716197, 27.924408947186397 ], [ 112.876862640655006, 27.924766417114856 ], [ 112.877218749901616, 27.925789008904555 ], [ 112.877339130437875, 27.926134688494578 ], [ 112.87668807374078, 27.92759490913209 ], [ 112.876193325699731, 27.92759490913209 ], [ 112.875886773812397, 27.92759490913209 ], [ 112.875631546270483, 27.927741977234742 ], [ 112.874734904547765, 27.928258639913658 ], [ 112.874033766773536, 27.927727655773207 ], [ 112.873282547023948, 27.927948899283663 ], [ 112.872252975300427, 27.927299136511188 ], [ 112.87223084081181, 27.92728516739373 ], [ 112.870778483287992, 27.928214390739672 ], [ 112.870786059679105, 27.928386680734619 ], [ 112.870805720207414, 27.928857828663517 ], [ 112.870818692778442, 27.929143918809306 ], [ 112.870862232323617, 27.930253384116536 ], [ 112.870873740640732, 27.930601526490165 ], [ 112.870876020564893, 27.930664982419341 ], [ 112.870878646340486, 27.930736529823697 ], [ 112.873482872230639, 27.931134756888522 ], [ 112.874484498263982, 27.932417923445133 ], [ 112.874638634793726, 27.93309882077946 ], [ 112.874784985624856, 27.933745320105821 ], [ 112.874913370150324, 27.933868609977505 ], [ 112.875155551459343, 27.934101180586278 ], [ 112.875936854889474, 27.934851472327768 ], [ 112.876037017941968, 27.937771658325019 ], [ 112.876250456755159, 27.937771658325019 ], [ 112.883749534356525, 27.937771658325019 ], [ 112.897071152964671, 27.938656548191808 ], [ 112.895941687683219, 27.941064878055357 ], [ 112.890841239451248, 27.948860890476372 ], [ 112.889033632368537, 27.951367172290919 ], [ 112.890413639579364, 27.952556018731602 ], [ 112.890442060478335, 27.952580502611447 ], [ 112.891696978184129, 27.953661575232424 ], [ 112.892478841264719, 27.952106199950983 ], [ 112.893467194689777, 27.950424277958653 ], [ 112.893966119896874, 27.949346689885093 ], [ 112.894185584608991, 27.948710865812242 ], [ 112.899785065845904, 27.939414786470397 ], [ 112.900270740004274, 27.939008812505371 ], [ 112.90036673217891, 27.937757938965241 ], [ 112.899604902427455, 27.935765402300266 ], [ 112.900423335024954, 27.935068087809409 ], [ 112.900538888913218, 27.934969558604539 ], [ 112.900362650234271, 27.933339851031413 ] ] ] } },
{ "type": "Feature", "properties": { "name": "长沙市一中九华中学", "isAssistFeature": false, "sourceFileId": null, "sourceFileName": null, "sourceGroupId": null, "id": null, "sourceFile": null }, "geometry": { "type": "Polygon", "coordinates": [ [ [ 112.939125887195289, 27.97015558492528 ], [ 112.93831992501056, 27.968798850160937 ], [ 112.939390657540443, 27.964930219208533 ], [ 112.940997452529558, 27.962718604459589 ], [ 112.942259831642161, 27.960981016540629 ], [ 112.943308232054036, 27.96039080937231 ], [ 112.943543582573668, 27.960258315514679 ], [ 112.946241402136607, 27.960404722634237 ], [ 112.947227319330608, 27.960213627970521 ], [ 112.951455765729733, 27.961956554640981 ], [ 112.954376203989767, 27.96052348714904 ], [ 112.955349684008652, 27.957513983563398 ], [ 112.957621136188308, 27.958947091011137 ], [ 112.962001794027515, 27.955220972550158 ], [ 112.964597739247367, 27.955937543475684 ], [ 112.965084479705951, 27.959377019297357 ], [ 112.966869192325333, 27.957370671851553 ], [ 112.96930289102508, 27.955937543475684 ], [ 112.970600864084147, 27.953501182130477 ], [ 112.970925357124358, 27.951208085095519 ], [ 112.973521302344196, 27.951208085095519 ], [ 112.975182808327403, 27.94568772010583 ], [ 112.985222882100942, 27.94381025580352 ], [ 112.989033712504295, 27.94232120891273 ], [ 112.989057442400821, 27.942296136244146 ], [ 112.990838724354134, 27.940479333160155 ], [ 112.990862985155019, 27.939729171764856 ], [ 112.99087659013999, 27.939308520342099 ], [ 112.990884891471538, 27.939051836681855 ], [ 112.985114043119452, 27.938072971120302 ], [ 112.97798244923284, 27.93484298668217 ], [ 112.972319219051784, 27.933639986499454 ], [ 112.972008771171076, 27.933574040244505 ], [ 112.971752630940856, 27.933344910584726 ], [ 112.966325159114533, 27.928489668548444 ], [ 112.961524415810814, 27.916520078023837 ], [ 112.959209430374159, 27.917118087198727 ], [ 112.949466710637765, 27.919634799503342 ], [ 112.948166878066033, 27.919936055708639 ], [ 112.945945414437006, 27.920450911020925 ], [ 112.945603055702435, 27.920530257425309 ], [ 112.944225230499455, 27.920849586347401 ], [ 112.942848797685144, 27.921168592065928 ], [ 112.933514850928873, 27.922318768223796 ], [ 112.933523898760399, 27.922072573145503 ], [ 112.933636288782225, 27.920181089630308 ], [ 112.934136488698726, 27.912813813805332 ], [ 112.922090674525094, 27.91233166996043 ], [ 112.921846109087326, 27.91232537901849 ], [ 112.921715776116002, 27.913023675307528 ], [ 112.921709609181562, 27.913083729784432 ], [ 112.921674142795823, 27.914760387561689 ], [ 112.92161673685591, 27.915481117208895 ], [ 112.921648998052703, 27.915949108149032 ], [ 112.921893834781699, 27.91868086083009 ], [ 112.923517925933339, 27.922007812028053 ], [ 112.92151319434133, 27.926884766479247 ], [ 112.921078221097602, 27.927942906886006 ], [ 112.920906543165344, 27.928360536522984 ], [ 112.920810222207294, 27.930243101222487 ], [ 112.920541669954829, 27.935491694589768 ], [ 112.920374483598948, 27.938759054016948 ], [ 112.920749545501465, 27.940470629715698 ], [ 112.920757044637426, 27.940504849874408 ], [ 112.920763622101944, 27.940534865515783 ], [ 112.921488565231172, 27.941146232208062 ], [ 112.921128100952075, 27.942198117560899 ], [ 112.921359639919913, 27.942794657796917 ], [ 112.91891532493014, 27.94660731249563 ], [ 112.917674656301358, 27.948542462467817 ], [ 112.921465321323211, 27.952011289653324 ], [ 112.922558915078739, 27.953012013120922 ], [ 112.92615805479042, 27.948609759718828 ], [ 112.927614293036257, 27.949516929806126 ], [ 112.931661680396644, 27.949631552932654 ], [ 112.933866324868632, 27.952919964228798 ], [ 112.936042338235836, 27.953501182130477 ], [ 112.93881461466114, 27.954778476955848 ], [ 112.939861272341375, 27.955260709169298 ], [ 112.940546413815312, 27.95745877177534 ], [ 112.940840711783835, 27.957699606431987 ], [ 112.941192228842723, 27.957983720619591 ], [ 112.941923031682549, 27.958585302646391 ], [ 112.941847309093987, 27.958716583756562 ], [ 112.941826676588562, 27.958752355712836 ], [ 112.936007304838071, 27.968840994494279 ], [ 112.932581943319789, 27.967445494902726 ], [ 112.931468231793474, 27.967976343301494 ], [ 112.93218560571809, 27.970936976554011 ], [ 112.931724337887701, 27.972601711155697 ], [ 112.935236604223206, 27.974453256514899 ], [ 112.939125887195289, 27.97015558492528 ] ] ] } },
{ "type": "Feature", "properties": { "name": "长沙市一中九华中学", "isAssistFeature": false, "sourceFileId": null, "sourceFileName": null, "sourceGroupId": null, "id": null, "sourceFile": null }, "geometry": { "type": "Polygon", "coordinates": [ [ [ 112.917108202039401, 27.975338116292281 ], [ 112.918227075285316, 27.97417202193105 ], [ 112.919104484976145, 27.974422537078208 ], [ 112.919652592945098, 27.974682085538578 ], [ 112.919866169200503, 27.974783221159331 ], [ 112.920792125645903, 27.974741284625097 ], [ 112.921286716481774, 27.97471888435274 ], [ 112.921723807952958, 27.974011179328052 ], [ 112.921748738897023, 27.973958886806393 ], [ 112.922015202566485, 27.973399976518895 ], [ 112.922998658376613, 27.973206964302548 ], [ 112.922669755506703, 27.972484372921333 ], [ 112.920995321868233, 27.971373330230644 ], [ 112.920688828371411, 27.970900089971455 ], [ 112.920721843254739, 27.970559903418621 ], [ 112.921286716481774, 27.969668344746406 ], [ 112.922306597180039, 27.968606735771584 ], [ 112.923002075567936, 27.967674806104554 ], [ 112.923002075567936, 27.967635416012371 ], [ 112.923002075567936, 27.967581705761411 ], [ 112.923002075567936, 27.966533027113751 ], [ 112.92336731888436, 27.967078497742381 ], [ 112.923482489192011, 27.967250497245765 ], [ 112.923609474142282, 27.967321113552135 ], [ 112.92371832929345, 27.967381647218438 ], [ 112.92371832929345, 27.967274411300757 ], [ 112.92371832929345, 27.96671818143443 ], [ 112.923788207442769, 27.966371017120085 ], [ 112.924455630546035, 27.966933877704768 ], [ 112.924503347257314, 27.966937613072247 ], [ 112.924853852813158, 27.966965053103333 ], [ 112.925260751907629, 27.966809172846762 ], [ 112.92543908635615, 27.966740853920761 ], [ 112.925719711067742, 27.966282201671159 ], [ 112.925806667088963, 27.966140080615144 ], [ 112.925844493348933, 27.966084236920885 ], [ 112.926755327554829, 27.964852625555075 ], [ 112.927103198352, 27.963592885627182 ], [ 112.927694579066454, 27.963254904797662 ], [ 112.928095106410609, 27.96315761923189 ], [ 112.928139855986487, 27.963146749946965 ], [ 112.929086061356742, 27.96291692211625 ], [ 112.929886163830815, 27.961780064520998 ], [ 112.930651479943876, 27.9613191727023 ], [ 112.931620741474191, 27.960179141900859 ], [ 112.931681674199908, 27.960102936558329 ], [ 112.932495194809405, 27.958953230860853 ], [ 112.932432533725077, 27.957901634077761 ], [ 112.932425620290687, 27.957785604169892 ], [ 112.932251684892094, 27.957017421618726 ], [ 112.932738703828448, 27.956126323169872 ], [ 112.932738703828448, 27.955327400764833 ], [ 112.931834240474529, 27.954989394054063 ], [ 112.92974701569166, 27.955358128811557 ], [ 112.929051274995672, 27.954374832532814 ], [ 112.927938088085483, 27.953975365985468 ], [ 112.926372670396646, 27.954006093623505 ], [ 112.924772464550102, 27.954282648320316 ], [ 112.923902787557253, 27.954344104206228 ], [ 112.922852938162805, 27.955445650334333 ], [ 112.921989499071287, 27.956341416928051 ], [ 112.921877392018772, 27.956817960822505 ], [ 112.921450005945928, 27.956878362313944 ], [ 112.920612329638416, 27.956651856150025 ], [ 112.9202362301818, 27.956682056946438 ], [ 112.920184943565602, 27.957316273306446 ], [ 112.919689175936725, 27.957557878747672 ], [ 112.919234368789816, 27.957849716997686 ], [ 112.919204844759705, 27.957865515884365 ], [ 112.918988262741337, 27.95799578698368 ], [ 112.918218967989873, 27.95813168920586 ], [ 112.918077492315803, 27.95810152531477 ], [ 112.917723200360982, 27.958025987404113 ], [ 112.91925480636084, 27.956303517628466 ], [ 112.918632435565712, 27.956238494546032 ], [ 112.918616865965191, 27.956261274767638 ], [ 112.917996727483555, 27.957437076491399 ], [ 112.91745029127938, 27.957117388335927 ], [ 112.916680378487015, 27.956666956152549 ], [ 112.916072374448206, 27.956125884371016 ], [ 112.916003992892144, 27.955521861345147 ], [ 112.915320174636634, 27.954766829199098 ], [ 112.914243161984601, 27.955340654492552 ], [ 112.914140589650515, 27.955733269748933 ], [ 112.914327234413719, 27.956993301366197 ], [ 112.914379925995036, 27.957349019397761 ], [ 112.914174780428553, 27.95796813122751 ], [ 112.912738764158064, 27.9583305373949 ], [ 112.912341163525127, 27.958180024413576 ], [ 112.911781419678348, 27.95796813122751 ], [ 112.911559178273663, 27.957213116190278 ], [ 112.911610464889876, 27.95674500321546 ], [ 112.911490796717615, 27.95645809507894 ], [ 112.911114697260984, 27.956367491682894 ], [ 112.910618929632108, 27.956503395954968 ], [ 112.909217103241332, 27.956382592518697 ], [ 112.90860166744018, 27.956624200049557 ], [ 112.908140090589313, 27.957515122997528 ], [ 112.907387891676038, 27.957635925166464 ], [ 112.905423907665337, 27.960817348622324 ], [ 112.904729279083682, 27.960844662463593 ], [ 112.902397966766756, 27.964770821935666 ], [ 112.901455366335753, 27.96628556891741 ], [ 112.901369210713469, 27.966761159660777 ], [ 112.901541521958023, 27.967617217716718 ], [ 112.901377047616023, 27.968294445819215 ], [ 112.901342856837985, 27.969381555062576 ], [ 112.900385512358227, 27.969653330662013 ], [ 112.89908625919989, 27.970196879807204 ], [ 112.898675968066911, 27.969592936319835 ], [ 112.898350780628988, 27.969505649211161 ], [ 112.898141146181047, 27.96987594653989 ], [ 112.897651997339167, 27.96992223351743 ], [ 112.896411655697136, 27.968718762473795 ], [ 112.895887568678916, 27.968394748013132 ], [ 112.895321692931972, 27.966794152810674 ], [ 112.893524551222356, 27.966545560634817 ], [ 112.89327770316541, 27.96651392096922 ], [ 112.893303233285792, 27.966825046589268 ], [ 112.893450672875062, 27.968367460678042 ], [ 112.894144566634822, 27.969299765983898 ], [ 112.894259347971911, 27.969804908236647 ], [ 112.893866300899134, 27.97134965906384 ], [ 112.894200391539812, 27.97225219994381 ], [ 112.895096672139843, 27.972929779768812 ], [ 112.896346989573075, 27.973208520086295 ], [ 112.897293830950531, 27.973712394498072 ], [ 112.897888642331068, 27.975867236830414 ], [ 112.897536611435854, 27.976349658036789 ], [ 112.897186966466023, 27.977285439766341 ], [ 112.896711159402727, 27.978054196796517 ], [ 112.896893244317567, 27.978815334050807 ], [ 112.898799067803537, 27.976263894847559 ], [ 112.899114680997144, 27.974634372569671 ], [ 112.901141894725782, 27.97447356239018 ], [ 112.901792354941549, 27.974989509637442 ], [ 112.903681374541804, 27.97648787273328 ], [ 112.907696955252916, 27.979672947346867 ], [ 112.908146098521925, 27.980219672402455 ], [ 112.908900366255281, 27.98085199404764 ], [ 112.910598176752387, 27.981248793980086 ], [ 112.911326516411719, 27.981034394824871 ], [ 112.913632926530639, 27.980691354972588 ], [ 112.915247413793566, 27.980326873239832 ], [ 112.916369436532889, 27.97893284786225 ], [ 112.915058161221054, 27.978739845545949 ], [ 112.914730342617716, 27.977935664981661 ], [ 112.915823072193916, 27.97748532207169 ], [ 112.917108202039401, 27.975338116292281 ] ] ] } },
{ "type": "Feature", "properties": { "name": "长郡湘潭高新实验学校初中部", "isAssistFeature": false, "sourceFileId": null, "sourceFileName": null, "sourceGroupId": null, "id": null, "sourceFile": null }, "geometry": { "type": "Polygon", "coordinates": [ [ [ 113.025625828323129, 27.875289793173383 ], [ 113.026097076436344, 27.873022698860474 ], [ 113.026789163684029, 27.869693094032534 ], [ 113.032383409539506, 27.869192869614469 ], [ 113.032979680682359, 27.86610170804661 ], [ 113.03387768245446, 27.86548266099199 ], [ 113.036764641402172, 27.865300901393685 ], [ 113.036058296992564, 27.859056583321788 ], [ 113.038965782444521, 27.852415902438711 ], [ 113.036148677391608, 27.850458924347059 ], [ 113.030720152739775, 27.846687754454621 ], [ 113.015542550075978, 27.836143248788492 ], [ 113.011786633685958, 27.833818309243963 ], [ 113.009352201960922, 27.832311351677223 ], [ 113.007402100514582, 27.831104188419928 ], [ 113.006231911008058, 27.82961942013015 ], [ 113.002924854019426, 27.82453506220984 ], [ 112.995319840791566, 27.818532820372877 ], [ 112.994886160223516, 27.818190528257695 ], [ 112.992735452397838, 27.817159186664423 ], [ 112.987955212242184, 27.814866856141748 ], [ 112.979375824273404, 27.812349194534296 ], [ 112.967101511030862, 27.808747137718278 ], [ 112.966199020377303, 27.808482285420002 ], [ 112.965521245088695, 27.808283379590886 ], [ 112.9558110416706, 27.806041980007986 ], [ 112.955719622819089, 27.806290522215509 ], [ 112.953033400506442, 27.813593385812176 ], [ 112.952954185268055, 27.813853203415999 ], [ 112.952892389261365, 27.814055889747632 ], [ 112.951819384892147, 27.81757517548505 ], [ 112.951410161856018, 27.820770023956214 ], [ 112.95127824964645, 27.821762854118109 ], [ 112.951234649914156, 27.822090512733698 ], [ 112.951224189032644, 27.822181199973716 ], [ 112.947745311279618, 27.822291850570579 ], [ 112.942578623973546, 27.822462817898845 ], [ 112.942318747650063, 27.822462817898845 ], [ 112.931433216362009, 27.823028588281652 ], [ 112.930443052831649, 27.824080955823117 ], [ 112.929171375257582, 27.825422326084443 ], [ 112.928862236222244, 27.825733196580575 ], [ 112.928752728894125, 27.825848695223797 ], [ 112.928724298113721, 27.825900667706204 ], [ 112.926830581222816, 27.825112057684773 ], [ 112.923596085651269, 27.823807650542275 ], [ 112.920529358543831, 27.827837624340372 ], [ 112.920568556531251, 27.827858357345384 ], [ 112.923135633491128, 27.829192547046517 ], [ 112.923921378192048, 27.828711495856357 ], [ 112.924147617998045, 27.828572985810659 ], [ 112.924525674883668, 27.828176777449997 ], [ 112.924257810740698, 27.827740663448058 ], [ 112.924396646266175, 27.827522415126495 ], [ 112.925233042474389, 27.827147218095959 ], [ 112.925572450243237, 27.827765399601855 ], [ 112.926239142117851, 27.828480054895184 ], [ 112.926776536778718, 27.828883832984079 ], [ 112.927011468683375, 27.829096303931184 ], [ 112.927059376735798, 27.829448406080584 ], [ 112.927260119659067, 27.829554818208397 ], [ 112.926769546089162, 27.831107408143577 ], [ 112.928056031492403, 27.831254337225907 ], [ 112.929065049762229, 27.831364161133461 ], [ 112.929672103383467, 27.831377257662947 ], [ 112.930268109523354, 27.831417421879411 ], [ 112.942643962037423, 27.83276881966097 ], [ 112.94666369116851, 27.833214083892635 ], [ 112.948540389476335, 27.833415793525184 ], [ 112.951046879561886, 27.833689146108256 ], [ 112.951040806052248, 27.838793980072239 ], [ 112.951023502703222, 27.841175394029634 ], [ 112.951319291875166, 27.842648729613721 ], [ 112.951369694549101, 27.842650897314428 ], [ 112.951576154350846, 27.842660955000316 ], [ 112.952025949796777, 27.842682867916135 ], [ 112.952586396126122, 27.842210900047835 ], [ 112.953547162288785, 27.842305293468026 ], [ 112.953680602532657, 27.84175072906153 ], [ 112.954781421438028, 27.841807248597753 ], [ 112.955748917778791, 27.841856922600417 ], [ 112.955771126827571, 27.841931893476424 ], [ 112.956700220189987, 27.845068113211127 ], [ 112.956223723220546, 27.845336229000328 ], [ 112.95655582678782, 27.845795853390833 ], [ 112.95671465970986, 27.84566818032091 ], [ 112.957220033922368, 27.845763935336027 ], [ 112.95746550216704, 27.845227706003712 ], [ 112.958071952120406, 27.845100032265016 ], [ 112.95840405568768, 27.845444751094043 ], [ 112.958863472988583, 27.846242380305711 ], [ 112.959093531532844, 27.846293778277854 ], [ 112.959230704276735, 27.845830963716857 ], [ 112.961847381715003, 27.845905236042299 ], [ 112.961994694641831, 27.846296000711973 ], [ 112.962491876218991, 27.846344845799557 ], [ 112.962455192616048, 27.843601396142045 ], [ 112.963203058056379, 27.843311006632408 ], [ 112.963715927811648, 27.843750342540332 ], [ 112.964316527935878, 27.843448590758626 ], [ 112.964280525255901, 27.843009273486466 ], [ 112.965292198945761, 27.843139795723758 ], [ 112.965367817329721, 27.841902387446989 ], [ 112.965809881874307, 27.841604561654886 ], [ 112.966188891872449, 27.842140695310267 ], [ 112.966177298215413, 27.842751136545512 ], [ 112.966170663258723, 27.842773697607914 ], [ 112.966907720169544, 27.842776137757749 ], [ 112.966924620174979, 27.84307501042089 ], [ 112.966935851810973, 27.843273636456118 ], [ 112.968287616887594, 27.843404022547443 ], [ 112.968352421352208, 27.8438115029942 ], [ 112.968950065120822, 27.843805136583203 ], [ 112.968964466013162, 27.844664661438141 ], [ 112.969317291917406, 27.844817465108424 ], [ 112.969590911566414, 27.844651927921603 ], [ 112.969972539255309, 27.844887499721068 ], [ 112.970685391959137, 27.84388790545718 ], [ 112.971794272345832, 27.844728329792634 ], [ 112.97216149914243, 27.844530958248637 ], [ 112.972615132191223, 27.844747430450557 ], [ 112.972708738440474, 27.845040303871738 ], [ 112.973083166132355, 27.845174006433382 ], [ 112.973025561664741, 27.845352276259209 ], [ 112.972564728618948, 27.845501896202187 ], [ 112.972957156752514, 27.845957119489238 ], [ 112.973093966576997, 27.84599850311308 ], [ 112.973474751646165, 27.845781441656325 ], [ 112.974076838482205, 27.845438228301777 ], [ 112.974573674207932, 27.845412760654575 ], [ 112.975232522891844, 27.846332757446664 ], [ 112.975664554152999, 27.846536492757245 ], [ 112.975585347897791, 27.846740226890866 ], [ 112.975822965765147, 27.846975794948964 ], [ 112.975772562192887, 27.84738962897255 ], [ 112.975974176481969, 27.84742146235466 ], [ 112.976116456148262, 27.84863989912035 ], [ 112.976177894625479, 27.852246848790386 ], [ 112.981289914954971, 27.852209952683623 ], [ 112.981175155177397, 27.853113913216209 ], [ 112.981509001476326, 27.853261497926056 ], [ 112.981759386200522, 27.853123136770062 ], [ 112.982207992276983, 27.854036313959899 ], [ 112.982051502161269, 27.85422079364352 ], [ 112.982437511832103, 27.854829572863384 ], [ 112.982344942238683, 27.855849523100744 ], [ 112.981950610575041, 27.856058705575446 ], [ 112.982003188070337, 27.856233024525519 ], [ 112.982371230537183, 27.856221403482696 ], [ 112.982910149639054, 27.856233024525519 ], [ 112.983152698359021, 27.856845717464708 ], [ 112.983307694576439, 27.8572372440719 ], [ 112.983339275748605, 27.857317019629782 ], [ 112.983370202947214, 27.85739514237272 ], [ 112.983304481302696, 27.857871606890644 ], [ 112.983843400404552, 27.858080786257887 ], [ 112.983669933926578, 27.858278685907745 ], [ 112.983441589367885, 27.858421190205547 ], [ 112.984697486237351, 27.858789325044068 ], [ 112.984717634550861, 27.859127770652634 ], [ 112.985420793534445, 27.859036463048248 ], [ 112.986203019534429, 27.858668574457848 ], [ 112.98646874748367, 27.858539481417168 ], [ 112.986629734565724, 27.857956819926844 ], [ 112.986828706909591, 27.858813792825998 ], [ 112.987482853811272, 27.86163115967415 ], [ 112.988020518865, 27.873749631203797 ], [ 112.989427715384537, 27.873702261977211 ], [ 112.999405228685092, 27.87357878997107 ], [ 113.001685123231795, 27.873550575810178 ], [ 113.001793859805346, 27.87379239467408 ], [ 113.002290401782005, 27.874896652295334 ], [ 113.00926648381818, 27.877205186300039 ], [ 113.023033058647826, 27.881760694550408 ], [ 113.023200421971765, 27.881947922828555 ], [ 113.024419489711221, 27.881093073515913 ], [ 113.025625828323129, 27.875289793173383 ] ] ] } },
{ "type": "Feature", "properties": { "name": "风车坪东校区（中学部）", "isAssistFeature": false, "sourceFileId": "file_1777360798526_25_g1", "sourceFileName": "风车坪东校区（中学部）.geojson", "sourceGroupId": 1.0, "id": "imported_1777360798526_25_0_g1", "sourceFile": "风车坪东校区（中学部）.geojson" }, "geometry": { "type": "Polygon", "coordinates": [ [ [ 112.942377892728345, 27.899101488342552 ], [ 112.949571906052498, 27.897260090883506 ], [ 112.95484006915639, 27.895873341388949 ], [ 112.949260733343934, 27.882959724522564 ], [ 112.947492393002534, 27.880041530200842 ], [ 112.937021678863658, 27.882639839807453 ], [ 112.936626221610936, 27.88179245590355 ], [ 112.935876364605662, 27.88018564848042 ], [ 112.935615884614307, 27.879837766268722 ], [ 112.934077631979633, 27.877783338837403 ], [ 112.924880068348116, 27.881124448368055 ], [ 112.92582432976404, 27.884451604043036 ], [ 112.926108848672442, 27.885454083636617 ], [ 112.926189130211057, 27.885736972032291 ], [ 112.926707745590861, 27.887254066353705 ], [ 112.926993924585886, 27.888128403881652 ], [ 112.928761917761179, 27.893278886984419 ], [ 112.928950020490106, 27.893775154288647 ], [ 112.929579442161895, 27.895409226190125 ], [ 112.930688165343426, 27.897746945517738 ], [ 112.932583516269844, 27.901743136400313 ], [ 112.939220608253791, 27.899951397128731 ], [ 112.942052460948688, 27.899186906325497 ], [ 112.942377892728345, 27.899101488342552 ] ] ] } }
]
}
