{
"type": "FeatureCollection",
"name": "merged_primary",
"crs": { "type": "name", "properties": { "name": "urn:ogc:def:crs:OGC:1.3:CRS84" } },
"features": [
{ "type": "Feature", "properties": { "name": "九华吉利学校", "isAssistFeature": false, "sourceFileId": null, "sourceFileName": null, "sourceGroupId": null, "id": null, "sourceFile": null }, "geometry": { "type": "Polygon", "coordinates": [ [ [ 112.945547435613307, 27.920456722858901 ], [ 112.945398362886849, 27.920252729699286 ], [ 112.943564622015927, 27.917711239955633 ], [ 112.943055350911678, 27.916741587366957 ], [ 112.942742305103124, 27.915888228140794 ], [ 112.942646126078927, 27.915626045075705 ], [ 112.942764983970818, 27.913044465841942 ], [ 112.942766255086951, 27.913016848587713 ], [ 112.942966875839332, 27.908659256680199 ], [ 112.943134946137405, 27.905008526944137 ], [ 112.926273080469286, 27.906546286628107 ], [ 112.925411436211718, 27.906630762783035 ], [ 112.922120081774253, 27.906953145405527 ], [ 112.922069868644797, 27.906958984959743 ], [ 112.922205236673264, 27.908757797958415 ], [ 112.922090981748909, 27.912325213112265 ], [ 112.92208537087167, 27.912500386139012 ], [ 112.922081985121338, 27.912606107083761 ], [ 112.926886616333618, 27.912731039637855 ], [ 112.927044321869971, 27.912735719128584 ], [ 112.933665129194438, 27.912912695810192 ], [ 112.93340658507249, 27.921794358030755 ], [ 112.933401903053252, 27.922039794928672 ], [ 112.942474852388571, 27.920869499874268 ], [ 112.945547435613307, 27.920456722858901 ] ] ] } },
{ "type": "Feature", "properties": { "name": "九华和平将军渡小学", "isAssistFeature": false, "sourceFileId": null, "sourceFileName": null, "sourceGroupId": null, "id": null, "sourceFile": null }, "geometry": { "type": "Polygon", "coordinates": [ [ [ 112.974611354042565, 27.941358985332517 ], [ 112.959883889082761, 27.941550604601719 ], [ 112.960017231410276, 27.946380220564034 ], [ 112.960017969825415, 27.946406955585193 ], [ 112.972441720510474, 27.946232234285585 ], [ 112.97486970143342, 27.945710351776121 ], [ 112.974611354042565, 27.941358985332517 ] ] ] } },
{ "type": "Feature", "properties": { "name": "九华和平将军渡小学", "isAssistFeature": false, "sourceFileId": null, "sourceFileName": null, "sourceGroupId": null, "id": null, "sourceFile": null }, "geometry": { "type": "Polygon", "coordinates": [ [ [ 112.933027969434761, 27.985088002615822 ], [ 112.93417396910732, 27.985510002699638 ], [ 112.93492896896764, 27.986070002851079 ], [ 112.936108468613796, 27.984931736836526 ], [ 112.936447538616093, 27.984133272031322 ], [ 112.941504440116375, 27.985273428913395 ], [ 112.943548719140423, 27.984038259008571 ], [ 112.943770760220787, 27.981930386118595 ], [ 112.944374099308305, 27.976202570444375 ], [ 112.944409468675985, 27.975866777484878 ], [ 112.943010751354464, 27.975581713936741 ], [ 112.943548719140423, 27.973586253560018 ], [ 112.941827220967639, 27.973396207260603 ], [ 112.941504440116375, 27.971590755478378 ], [ 112.939137379342711, 27.97168577946681 ], [ 112.940180189538594, 27.969413983310695 ], [ 112.943979093908212, 27.961137543150279 ], [ 112.943308215884358, 27.960390810959218 ], [ 112.941192212673073, 27.957983722206539 ], [ 112.940966471432063, 27.957716272610263 ], [ 112.94084069561417, 27.957699608018935 ], [ 112.938814598491447, 27.957431161903319 ], [ 112.938814598491447, 27.954778478542838 ], [ 112.938814599389744, 27.952584162298329 ], [ 112.946884122467878, 27.956385749006504 ], [ 112.946679224836416, 27.94993999587248 ], [ 112.946569625880173, 27.946492014808424 ], [ 112.937703289060209, 27.944873016495631 ], [ 112.929606071820203, 27.942785838675452 ], [ 112.929523675647388, 27.942764614214305 ], [ 112.917750979862859, 27.93972997569028 ], [ 112.91464059103933, 27.941308325292066 ], [ 112.911314787109049, 27.942995995930058 ], [ 112.908406481495234, 27.944471772109875 ], [ 112.904913220816184, 27.946353298256124 ], [ 112.908935700588685, 27.947944673190705 ], [ 112.908455791817815, 27.950582485491896 ], [ 112.907987621332751, 27.951616788152137 ], [ 112.906365207335767, 27.955157266017643 ], [ 112.907121234868796, 27.95776169436013 ], [ 112.905423892393955, 27.960817350209265 ], [ 112.905155562923653, 27.961300946364197 ], [ 112.90727244019574, 27.961300946364197 ], [ 112.909464920580447, 27.957694915399045 ], [ 112.912035413833323, 27.95836270791165 ], [ 112.912341148253759, 27.958180026000516 ], [ 112.914327219142379, 27.956993302953165 ], [ 112.914605907984537, 27.95682677879805 ], [ 112.917403209677005, 27.958229149898312 ], [ 112.918077477044434, 27.958101526901714 ], [ 112.918461648762204, 27.958028812171754 ], [ 112.919204829488322, 27.957865517471308 ], [ 112.919234353518462, 27.95784971858463 ], [ 112.922317389539856, 27.95716067825591 ], [ 112.924358663699323, 27.954355890077768 ], [ 112.927471861554707, 27.954671458630511 ], [ 112.928970432009976, 27.954823360363406 ], [ 112.927911993823088, 27.960098949427838 ], [ 112.928019580553112, 27.960897189061985 ], [ 112.928290007589595, 27.962903587594585 ], [ 112.928093965550204, 27.963156938463513 ], [ 112.92525695023734, 27.966806759295086 ], [ 112.925114691232338, 27.966976861399068 ], [ 112.923002060296582, 27.967635417599176 ], [ 112.92254419797942, 27.967778143638551 ], [ 112.919520086949092, 27.972185086419707 ], [ 112.921788170446419, 27.973053099480257 ], [ 112.921752339344692, 27.973875860386581 ], [ 112.921748723625683, 27.973958888393106 ], [ 112.921712567333813, 27.97478910385572 ], [ 112.920792110374563, 27.974741286211799 ], [ 112.919652577673702, 27.974682087125277 ], [ 112.917856826556118, 27.974588797664104 ], [ 112.916420374602751, 27.97859486351847 ], [ 112.917441969286571, 27.978245002828423 ], [ 112.918727969599544, 27.97840100301385 ], [ 112.921379363330288, 27.979431860269628 ], [ 112.921575495201225, 27.979510800008416 ], [ 112.923802969457824, 27.980438003231512 ], [ 112.924653969577605, 27.981171002630827 ], [ 112.924938825354204, 27.982576642247846 ], [ 112.925096969268381, 27.98335700306114 ], [ 112.924705969456141, 27.983760002816794 ], [ 112.921494969320847, 27.984112003343466 ], [ 112.921104969333513, 27.984467002904626 ], [ 112.921026969515708, 27.985347002643092 ], [ 112.921329969464409, 27.985826002910329 ], [ 112.922934969619604, 27.987076002965399 ], [ 112.925852971648567, 27.987823660223835 ], [ 112.927153969335222, 27.988157002879792 ], [ 112.929235969516398, 27.988215003105253 ], [ 112.930286968754416, 27.988947003296019 ], [ 112.932151969200618, 27.988393003164688 ], [ 112.932151969200618, 27.987699250809097 ], [ 112.932151969200618, 27.985672002988601 ], [ 112.932438969255784, 27.985096002794453 ], [ 112.933027969434761, 27.985088002615822 ] ] ] } },
{ "type": "Feature", "properties": { "name": "九华和平小学", "isAssistFeature": false, "sourceFileId": null, "sourceFileName": null, "sourceGroupId": null, "id": null, "sourceFile": null }, "geometry": { "type": "Polygon", "coordinates": [ [ [ 112.957097274647211, 27.904406467979829 ], [ 112.954819705838801, 27.896234181449863 ], [ 112.953163673290646, 27.896574799757552 ], [ 112.949870577918134, 27.897252130244638 ], [ 112.949572025528383, 27.897260506897741 ], [ 112.949513754510875, 27.897262141579553 ], [ 112.949452922396461, 27.897263848508096 ], [ 112.947602977714411, 27.897315751825641 ], [ 112.946741550849126, 27.897745672075317 ], [ 112.946073247396896, 27.898079207086589 ], [ 112.945776884201507, 27.898126829229337 ], [ 112.944688106314217, 27.898304774566235 ], [ 112.94460884705839, 27.898320593273819 ], [ 112.943162402245761, 27.898664760937777 ], [ 112.942347904269212, 27.898858562126716 ], [ 112.94237787655868, 27.899101489930391 ], [ 112.943134946137405, 27.905008526944137 ], [ 112.942966875839332, 27.908659256680199 ], [ 112.942766255086951, 27.913016848587713 ], [ 112.942764983970818, 27.913044465841942 ], [ 112.942646126078927, 27.915626045075705 ], [ 112.942742305103124, 27.915888228140794 ], [ 112.943055350911678, 27.916741587366957 ], [ 112.943564622015927, 27.917711239955633 ], [ 112.945398362886849, 27.920252729699286 ], [ 112.945547435613307, 27.920456722858901 ], [ 112.945896430202879, 27.920389892259653 ], [ 112.946019799434112, 27.920362830919341 ], [ 112.958927261458612, 27.917008835189385 ], [ 112.959203346084749, 27.91693536490526 ], [ 112.959726303920661, 27.916792569290543 ], [ 112.961131316635758, 27.916409241819736 ], [ 112.957097274647211, 27.904406467979829 ] ] ] } },
{ "type": "Feature", "properties": { "name": "九华和平湘江湾小学", "isAssistFeature": false, "sourceFileId": null, "sourceFileName": null, "sourceGroupId": null, "id": null, "sourceFile": null }, "geometry": { "type": "Polygon", "coordinates": [ [ [ 112.948882917094167, 28.00336775625258 ], [ 112.968070106909522, 27.98651505850129 ], [ 112.969635155390804, 27.985140311953398 ], [ 112.980846077136022, 27.97677271016585 ], [ 112.985341828027728, 27.975114189173528 ], [ 112.989498583477285, 27.972654557311674 ], [ 112.990861926041291, 27.970942646041188 ], [ 112.994979388282033, 27.965057769070253 ], [ 112.999958857699752, 27.957392348105323 ], [ 113.001296201222772, 27.954703038287782 ], [ 113.001153930539658, 27.951787449027439 ], [ 112.997483350508375, 27.945704674615055 ], [ 112.995047457224388, 27.942447883970168 ], [ 112.99087657397034, 27.939308521929323 ], [ 112.984962670705855, 27.938322953408065 ], [ 112.980834237340574, 27.936273902984848 ], [ 112.976891350997207, 27.934798562427645 ], [ 112.974386459014553, 27.934716598737243 ], [ 112.972319202882133, 27.93363998808676 ], [ 112.971752614771177, 27.933344912172029 ], [ 112.969979704218019, 27.932421583815181 ], [ 112.967613972950971, 27.930454388466604 ], [ 112.962465027371763, 27.920740838963287 ], [ 112.961131316635758, 27.916409241819736 ], [ 112.959726303920661, 27.916792569290543 ], [ 112.959203346084749, 27.91693536490526 ], [ 112.959206022165972, 27.917022928669866 ], [ 112.959208652433148, 27.917118105455557 ], [ 112.959883889082761, 27.941550604601719 ], [ 112.974611354042565, 27.941358985332517 ], [ 112.97486970143342, 27.945710351776121 ], [ 112.972441720510474, 27.946232234285585 ], [ 112.960017969825415, 27.946406955585193 ], [ 112.958597536630194, 27.946424337709988 ], [ 112.953455915913821, 27.946453267704744 ], [ 112.951274588113336, 27.946465541682795 ], [ 112.946569625880173, 27.946492014808424 ], [ 112.946679224836416, 27.94993999587248 ], [ 112.946884122467878, 27.956385749006504 ], [ 112.938814599389744, 27.952584162298329 ], [ 112.938814598491447, 27.954778478542838 ], [ 112.938814598491447, 27.957431161903319 ], [ 112.94084069561417, 27.957699608018935 ], [ 112.940966471432063, 27.957716272610263 ], [ 112.941192212673073, 27.957983722206539 ], [ 112.943308215884358, 27.960390810959218 ], [ 112.943979093908212, 27.961137543150279 ], [ 112.940180189538594, 27.969413983310695 ], [ 112.939137379342711, 27.97168577946681 ], [ 112.941504440116375, 27.971590755478378 ], [ 112.941827220967639, 27.973396207260603 ], [ 112.943548719140423, 27.973586253560018 ], [ 112.943010751354464, 27.975581713936741 ], [ 112.944409468675985, 27.975866777484878 ], [ 112.944374099308305, 27.976202570444375 ], [ 112.943770760220787, 27.981930386118595 ], [ 112.943548719140423, 27.984038259008571 ], [ 112.941504440116375, 27.985273428913395 ], [ 112.936447538616093, 27.984133272031322 ], [ 112.936108468613796, 27.984931736836526 ], [ 112.935337724879815, 27.986746712920176 ], [ 112.935156415211068, 27.987173662798785 ], [ 112.935802896788431, 27.987536948162116 ], [ 112.936339945597908, 27.987838736825907 ], [ 112.936662726449171, 27.990118959372651 ], [ 112.934665001716354, 27.991315985413028 ], [ 112.93365010397298, 27.99192410178058 ], [ 112.933083553591274, 27.99492568987985 ], [ 112.933004542270453, 27.99534428749568 ], [ 112.932441093771416, 27.995617119252117 ], [ 112.931486563713463, 27.996079317661497 ], [ 112.929669138943012, 27.996959338416325 ], [ 112.928657694323604, 27.995991832274498 ], [ 112.928378014639677, 27.995724301607694 ], [ 112.928035831076599, 27.99578185277845 ], [ 112.923859080925439, 27.996484325812027 ], [ 112.923271335692903, 27.997810561882687 ], [ 112.922890738371649, 27.99866936455258 ], [ 112.926871703401574, 28.001044356895004 ], [ 112.927952958796695, 28.001695274808377 ], [ 112.929238764175238, 28.002469327333063 ], [ 112.931283043199329, 28.002279331940443 ], [ 112.929376838827679, 28.004139521258193 ], [ 112.929238764175238, 28.004274262094118 ], [ 112.929443630365697, 28.004298927761045 ], [ 112.931605824050592, 28.004559248987441 ], [ 112.930960262348066, 28.007314084745548 ], [ 112.932466573586154, 28.007694056645057 ], [ 112.931605824050592, 28.011873657492774 ], [ 112.929807790313887, 28.013064197254447 ], [ 112.929453951109977, 28.013298484690807 ], [ 112.929453951109977, 28.01401052046451 ], [ 112.929453951109977, 28.014818279010097 ], [ 112.928962749617668, 28.01532419772705 ], [ 112.928162827704924, 28.016148081742877 ], [ 112.92654892255031, 28.017287899926309 ], [ 112.92813218347564, 28.017753802417687 ], [ 112.928162827704924, 28.017762820013751 ], [ 112.928445126876227, 28.019258097656959 ], [ 112.928485608556187, 28.019472516729117 ], [ 112.928682093465028, 28.019531987014165 ], [ 112.932251386651416, 28.020612299721499 ], [ 112.935048821294558, 28.020802261983977 ], [ 112.93677031856906, 28.02070728049814 ], [ 112.936877912485585, 28.019187569293976 ], [ 112.939521853792741, 28.018854133889612 ], [ 112.939890534961762, 28.018807637943066 ], [ 112.941934814884149, 28.017667836639646 ], [ 112.942472782670123, 28.015103238007661 ], [ 112.945150041592868, 28.009885468975252 ], [ 112.946250059200992, 28.007741545602872 ], [ 112.948063731708473, 28.004206625204091 ], [ 112.948175246771214, 28.003989274446962 ], [ 112.948882917094167, 28.00336775625258 ] ] ] } },
{ "type": "Feature", "properties": { "name": "九华和平科大小学", "isAssistFeature": false, "sourceFileId": null, "sourceFileName": null, "sourceGroupId": null, "id": null, "sourceFile": null }, "geometry": { "type": "Polygon", "coordinates": [ [ [ 112.922205236673264, 27.908757797958415 ], [ 112.922069868644797, 27.906958984959743 ], [ 112.922120081774253, 27.906953145405527 ], [ 112.925411436211718, 27.906630762783035 ], [ 112.926273080469286, 27.906546286628107 ], [ 112.925443506067367, 27.898795048630426 ], [ 112.925438142226795, 27.89875187584968 ], [ 112.924696538942285, 27.89882866670235 ], [ 112.924483332792789, 27.897678962409163 ], [ 112.924205176651569, 27.896155234828555 ], [ 112.919360424882086, 27.896699724625403 ], [ 112.911514796108733, 27.895990573957661 ], [ 112.910517549362368, 27.903421185381259 ], [ 112.909526628552271, 27.904171795627761 ], [ 112.908665230433058, 27.906731143673646 ], [ 112.907987482992198, 27.907309059944382 ], [ 112.906962924766276, 27.907626806876948 ], [ 112.906611555031105, 27.907575055366532 ], [ 112.906440844584381, 27.90740983077772 ], [ 112.905627717436971, 27.906622829030635 ], [ 112.904924977068305, 27.906891937236743 ], [ 112.903861829014403, 27.909264376809151 ], [ 112.90247928136796, 27.909376201511151 ], [ 112.90173675192041, 27.909436259600909 ], [ 112.901568713063355, 27.910176746530308 ], [ 112.901188213658457, 27.911853447784853 ], [ 112.901159838573577, 27.911978482816359 ], [ 112.899778114682263, 27.918066944465153 ], [ 112.899592579338403, 27.918884464043334 ], [ 112.904254993766486, 27.919495875431842 ], [ 112.912018564133533, 27.920513953809316 ], [ 112.913160173739314, 27.917138554673596 ], [ 112.91737534842845, 27.910077034063384 ], [ 112.919834200854496, 27.908913003087839 ], [ 112.921917114622332, 27.908776658704216 ], [ 112.921996069349248, 27.908771490039378 ], [ 112.922086365306654, 27.90876557913775 ], [ 112.922205236673264, 27.908757797958415 ] ] ] } },
{ "type": "Feature", "properties": { "name": "九华杉山学校", "isAssistFeature": false, "sourceFileId": null, "sourceFileName": null, "sourceGroupId": null, "id": null, "sourceFile": null }, "geometry": { "type": "Polygon", "coordinates": [ [ [ 112.900207969325493, 27.974670002793101 ], [ 112.901161969377412, 27.974575002853729 ], [ 112.901792339670195, 27.974989511224141 ], [ 112.902662969775562, 27.975562003278903 ], [ 112.90368135927045, 27.97648787431995 ], [ 112.906151969745224, 27.978734002731105 ], [ 112.909145969247248, 27.981220002619729 ], [ 112.9111159692754, 27.981426002718084 ], [ 112.912842969629367, 27.981062002624217 ], [ 112.915376969722146, 27.980439002801191 ], [ 112.916895969663614, 27.978471002749117 ], [ 112.916420374602751, 27.97859486351847 ], [ 112.917856826556118, 27.974588797664104 ], [ 112.919652577673702, 27.974682087125277 ], [ 112.920792110374563, 27.974741286211799 ], [ 112.921712567333813, 27.97478910385572 ], [ 112.921748723625683, 27.973958888393106 ], [ 112.921752339344692, 27.973875860386581 ], [ 112.921788170446419, 27.973053099480257 ], [ 112.919520086949092, 27.972185086419707 ], [ 112.92254419797942, 27.967778143638551 ], [ 112.923002060296582, 27.967635417599176 ], [ 112.925114691232338, 27.966976861399068 ], [ 112.92525695023734, 27.966806759295086 ], [ 112.928093965550204, 27.963156938463513 ], [ 112.928290007589595, 27.962903587594585 ], [ 112.928019580553112, 27.960897189061985 ], [ 112.927911993823088, 27.960098949427838 ], [ 112.928970432009976, 27.954823360363406 ], [ 112.927471861554707, 27.954671458630511 ], [ 112.924358663699323, 27.954355890077768 ], [ 112.922317389539856, 27.95716067825591 ], [ 112.919234353518462, 27.95784971858463 ], [ 112.919204829488322, 27.957865517471308 ], [ 112.918461648762204, 27.958028812171754 ], [ 112.918077477044434, 27.958101526901714 ], [ 112.917403209677005, 27.958229149898312 ], [ 112.914605907984537, 27.95682677879805 ], [ 112.914327219142379, 27.956993302953165 ], [ 112.912341148253759, 27.958180026000516 ], [ 112.912035413833323, 27.95836270791165 ], [ 112.909464920580447, 27.957694915399045 ], [ 112.90727244019574, 27.961300946364197 ], [ 112.905155562923653, 27.961300946364197 ], [ 112.905423892393955, 27.960817350209265 ], [ 112.907121234868796, 27.95776169436013 ], [ 112.906365207335767, 27.955157266017643 ], [ 112.907987621332751, 27.951616788152137 ], [ 112.908455791817815, 27.950582485491896 ], [ 112.908935700588685, 27.947944673190705 ], [ 112.904913220816184, 27.946353298256124 ], [ 112.908406481495234, 27.944471772109875 ], [ 112.911314787109049, 27.942995995930058 ], [ 112.91464059103933, 27.941308325292066 ], [ 112.917750979862859, 27.93972997569028 ], [ 112.929523675647388, 27.942764614214305 ], [ 112.929606071820203, 27.942785838675452 ], [ 112.931326988783042, 27.937823264434741 ], [ 112.932918673210779, 27.927526561426312 ], [ 112.930459954633747, 27.92617818052879 ], [ 112.928264551131093, 27.925441071681778 ], [ 112.926864010229508, 27.923997958451775 ], [ 112.925932423143891, 27.923399322183606 ], [ 112.92520291926796, 27.922930541976488 ], [ 112.923917651980247, 27.922104622700957 ], [ 112.921513179069976, 27.926884768066653 ], [ 112.921107534921958, 27.927691176675001 ], [ 112.921078205826248, 27.927942908473391 ], [ 112.920810206935954, 27.930243102809847 ], [ 112.92049282226462, 27.932967101379965 ], [ 112.909403638410069, 27.930668384110692 ], [ 112.903829589377182, 27.930133083083838 ], [ 112.903844972128098, 27.933967471932316 ], [ 112.902307392331579, 27.93464668649748 ], [ 112.900423319753614, 27.935068089396694 ], [ 112.899666765807837, 27.935237304215548 ], [ 112.899604508965396, 27.935765368967484 ], [ 112.899198806426867, 27.939194360840233 ], [ 112.893183708843978, 27.949565021287388 ], [ 112.892680804998477, 27.950385549723492 ], [ 112.892270271320356, 27.95078913922978 ], [ 112.890608414994219, 27.952422871717154 ], [ 112.89048261851508, 27.95254206160833 ], [ 112.890442045206953, 27.952580504198476 ], [ 112.885193460293053, 27.957553346404101 ], [ 112.885059757741118, 27.95950195967378 ], [ 112.884765119311098, 27.959935704673143 ], [ 112.882352279492224, 27.962661001525266 ], [ 112.881094946216592, 27.963997759515845 ], [ 112.881712052884197, 27.964836017605247 ], [ 112.886268411311505, 27.971025026528203 ], [ 112.886680116392739, 27.971529091234274 ], [ 112.892270271320356, 27.978385404671457 ], [ 112.89234780042095, 27.978480490900491 ], [ 112.893127118574341, 27.979436287769822 ], [ 112.894869969701475, 27.981623003221959 ], [ 112.896310969825123, 27.980239003006577 ], [ 112.897039969746189, 27.978788002545492 ], [ 112.898964969568524, 27.976327002643107 ], [ 112.899243969227783, 27.974763002610946 ], [ 112.900207969325493, 27.974670002793101 ] ] ] } },
{ "type": "Feature", "properties": { "name": "九华砂子塘潭州小学", "isAssistFeature": false, "sourceFileId": null, "sourceFileName": null, "sourceGroupId": null, "id": null, "sourceFile": null }, "geometry": { "type": "Polygon", "coordinates": [ [ [ 112.959206022165972, 27.917022928669866 ], [ 112.959203346084749, 27.91693536490526 ], [ 112.958927261458612, 27.917008835189385 ], [ 112.946019799434112, 27.920362830919341 ], [ 112.945896430202879, 27.920389892259653 ], [ 112.945547435613307, 27.920456722858901 ], [ 112.942474852388571, 27.920869499874268 ], [ 112.933401903053252, 27.922039794928672 ], [ 112.933402937014151, 27.924393636306718 ], [ 112.932918673210779, 27.927526561426312 ], [ 112.931326988783042, 27.937823264434741 ], [ 112.929606071820203, 27.942785838675452 ], [ 112.937703289060209, 27.944873016495631 ], [ 112.946569625880173, 27.946492014808424 ], [ 112.951274588113336, 27.946465541682795 ], [ 112.953455915913821, 27.946453267704744 ], [ 112.958597536630194, 27.946424337709988 ], [ 112.960017969825415, 27.946406955585193 ], [ 112.960017231410276, 27.946380220564034 ], [ 112.959883889082761, 27.941550604601719 ], [ 112.959208652433148, 27.917118105455557 ], [ 112.959206022165972, 27.917022928669866 ] ] ] } },
{ "type": "Feature", "properties": { "name": "九华莲城小学", "isAssistFeature": false, "sourceFileId": null, "sourceFileName": null, "sourceGroupId": null, "id": null, "sourceFile": null }, "geometry": { "type": "Polygon", "coordinates": [ [ [ 112.943134946137405, 27.905008526944137 ], [ 112.94237787655868, 27.899101489930391 ], [ 112.942347904269212, 27.898858562126716 ], [ 112.937531231140568, 27.900204248594729 ], [ 112.935693374189, 27.896212280155375 ], [ 112.930753153962684, 27.897727016618813 ], [ 112.930688150072086, 27.897746947105539 ], [ 112.930593546692904, 27.897775953642274 ], [ 112.929769619999121, 27.898753863798611 ], [ 112.925438142226795, 27.89875187584968 ], [ 112.925443506067367, 27.898795048630426 ], [ 112.926273080469286, 27.906546286628107 ], [ 112.943134946137405, 27.905008526944137 ] ] ] } },
{ "type": "Feature", "properties": { "name": "九华风车坪雅爱小学", "isAssistFeature": false, "sourceFileId": null, "sourceFileName": null, "sourceGroupId": null, "id": null, "sourceFile": null }, "geometry": { "type": "Polygon", "coordinates": [ [ [ 112.896074058931873, 27.922119872787015 ], [ 112.892660131170516, 27.921252627384458 ], [ 112.890280003502752, 27.921309107031934 ], [ 112.884751334663036, 27.921440301687532 ], [ 112.885385898291517, 27.924644220923067 ], [ 112.885664485624091, 27.926050782377036 ], [ 112.888893549083122, 27.92708025848837 ], [ 112.889617703491538, 27.927311128520845 ], [ 112.8941846027504, 27.926947311832858 ], [ 112.894521505117936, 27.926500808076771 ], [ 112.896368434155548, 27.926379521845917 ], [ 112.897291592348836, 27.926318898522133 ], [ 112.897010840076476, 27.923259465554803 ], [ 112.896102513966824, 27.922154667073027 ], [ 112.896074058931873, 27.922119872787015 ] ] ] } },
{ "type": "Feature", "properties": { "name": "九华风车坪雅爱小学", "isAssistFeature": false, "sourceFileId": null, "sourceFileName": null, "sourceGroupId": null, "id": null, "sourceFile": null }, "geometry": { "type": "Polygon", "coordinates": [ [ [ 112.921513179069976, 27.926884768066653 ], [ 112.923917651980247, 27.922104622700957 ], [ 112.92520291926796, 27.922930541976488 ], [ 112.925932423143891, 27.923399322183606 ], [ 112.926864010229508, 27.923997958451775 ], [ 112.928264551131093, 27.925441071681778 ], [ 112.930459954633747, 27.92617818052879 ], [ 112.932918673210779, 27.927526561426312 ], [ 112.933402937014151, 27.924393636306718 ], [ 112.933401903053252, 27.922039794928672 ], [ 112.93340658507249, 27.921794358030755 ], [ 112.933665129194438, 27.912912695810192 ], [ 112.927044321869971, 27.912735719128584 ], [ 112.926886616333618, 27.912731039637855 ], [ 112.922081985121338, 27.912606107083761 ], [ 112.92208537087167, 27.912500386139012 ], [ 112.922090981748909, 27.912325213112265 ], [ 112.922205236673264, 27.908757797958415 ], [ 112.922086365306654, 27.90876557913775 ], [ 112.921996069349248, 27.908771490039378 ], [ 112.921917114622332, 27.908776658704216 ], [ 112.919834200854496, 27.908913003087839 ], [ 112.91737534842845, 27.910077034063384 ], [ 112.913160173739314, 27.917138554673596 ], [ 112.912018564133533, 27.920513953809316 ], [ 112.904254993766486, 27.919495875431842 ], [ 112.899592579338403, 27.918884464043334 ], [ 112.899504048570535, 27.921522654855128 ], [ 112.899475111140291, 27.922257870370981 ], [ 112.899473925364092, 27.92229761038498 ], [ 112.899373039167813, 27.924432388940627 ], [ 112.899511217126502, 27.926104998242067 ], [ 112.899812120407319, 27.929747266306201 ], [ 112.903829589377182, 27.930133083083838 ], [ 112.909403638410069, 27.930668384110692 ], [ 112.92049282226462, 27.932967101379965 ], [ 112.920810206935954, 27.930243102809847 ], [ 112.921078205826248, 27.927942908473391 ], [ 112.921107534921958, 27.927691176675001 ], [ 112.921513179069976, 27.926884768066653 ] ] ] } },
{ "type": "Feature", "properties": { "name": "云塘学校", "isAssistFeature": false, "sourceFileId": null, "sourceFileName": null, "sourceGroupId": null, "id": null, "sourceFile": null }, "geometry": { "type": "Polygon", "coordinates": [ [ [ 112.90306870106015, 27.874558414750219 ], [ 112.903215525303438, 27.872949902283882 ], [ 112.904908223488263, 27.873445810920451 ], [ 112.905677195744502, 27.873599089392222 ], [ 112.906509137207252, 27.873764919869004 ], [ 112.905691404397359, 27.870412547486264 ], [ 112.905210365545884, 27.867840247671971 ], [ 112.903893587154613, 27.867465781729944 ], [ 112.903446638469859, 27.867338504246593 ], [ 112.903325329075585, 27.86730441976686 ], [ 112.900920718723057, 27.866739604546424 ], [ 112.900026764759616, 27.866534013162369 ], [ 112.899136450769745, 27.86633411859917 ], [ 112.896317692816737, 27.865698931740503 ], [ 112.894630435727592, 27.867553318018672 ], [ 112.894978134048188, 27.868386067873136 ], [ 112.895181977057504, 27.869002944667962 ], [ 112.89575249350122, 27.870868758084303 ], [ 112.89745909311506, 27.871297122863211 ], [ 112.898715183122306, 27.871607387009135 ], [ 112.900374582556182, 27.872004319766052 ], [ 112.900650271923595, 27.872099347149277 ], [ 112.900871920440167, 27.872174598079464 ], [ 112.901144298617496, 27.872265141010612 ], [ 112.9006451164922, 27.874082328524473 ], [ 112.901670200232573, 27.875238377185603 ], [ 112.902700168113142, 27.875228892672638 ], [ 112.90306870106015, 27.874558414750219 ] ] ] } },
{ "type": "Feature", "properties": { "name": "云塘学校", "isAssistFeature": false, "sourceFileId": null, "sourceFileName": null, "sourceGroupId": null, "id": null, "sourceFile": null }, "geometry": { "type": "Polygon", "coordinates": [ [ [ 112.897550880275816, 27.875155872059132 ], [ 112.896879109326562, 27.874812191077567 ], [ 112.896151154146196, 27.87436787505608 ], [ 112.895601554973922, 27.873450187177372 ], [ 112.895509954662714, 27.873045321916134 ], [ 112.894904096699108, 27.874595700292875 ], [ 112.89439830387164, 27.874680862857279 ], [ 112.894334076125475, 27.875142163020293 ], [ 112.894655213958075, 27.875120872079084 ], [ 112.894743527333659, 27.87541184500164 ], [ 112.895144950298146, 27.875511201895176 ], [ 112.895024523049457, 27.876185403689856 ], [ 112.895223608581063, 27.876728718641711 ], [ 112.89542678054886, 27.877280937121867 ], [ 112.895432951076543, 27.877649285815124 ], [ 112.895414036149944, 27.878373677091684 ], [ 112.895267531706878, 27.87853483437689 ], [ 112.894840539096137, 27.879004531925354 ], [ 112.895452269346748, 27.879196040942439 ], [ 112.895350314155223, 27.879804361456426 ], [ 112.896771951991283, 27.880042621735672 ], [ 112.896910509039017, 27.880065842830234 ], [ 112.897312949794724, 27.880412677759637 ], [ 112.897273349362038, 27.88045489864983 ], [ 112.896076743996261, 27.881730684827321 ], [ 112.893577991998583, 27.882750736013239 ], [ 112.89288793224847, 27.883036546335653 ], [ 112.893597248285033, 27.883068314460829 ], [ 112.893921361337846, 27.88308283001912 ], [ 112.895262426581098, 27.882742677436113 ], [ 112.895622296175489, 27.882649944600956 ], [ 112.900122028400574, 27.881506467609846 ], [ 112.900181135749634, 27.881491897051767 ], [ 112.900151619804333, 27.881411659692755 ], [ 112.900140991836196, 27.881382765494553 ], [ 112.899968921340175, 27.880912400943732 ], [ 112.899696907878877, 27.880167414018231 ], [ 112.898110941227927, 27.87851898339801 ], [ 112.898041476303618, 27.878445366282492 ], [ 112.897517090146422, 27.877879314026163 ], [ 112.897466401808202, 27.8776404804381 ], [ 112.897333479892225, 27.877036242782477 ], [ 112.897371418441637, 27.876203191758428 ], [ 112.897384264350194, 27.875952610877494 ], [ 112.897389345221441, 27.87591266485046 ], [ 112.897550880275816, 27.875155872059132 ] ] ] } },
{ "type": "Feature", "properties": { "name": "仁兴学校", "isAssistFeature": false, "sourceFileId": null, "sourceFileName": null, "sourceGroupId": null, "id": null, "sourceFile": null }, "geometry": { "type": "Polygon", "coordinates": [ [ [ 112.77485171858666, 27.968559655626468 ], [ 112.775264585189547, 27.967830362196015 ], [ 112.775393077512831, 27.967603389485351 ], [ 112.775330974282312, 27.967499256792792 ], [ 112.774289984073178, 27.965866359437332 ], [ 112.772920874325081, 27.965235452689452 ], [ 112.77244428303257, 27.965015831136025 ], [ 112.77244428303257, 27.963243875248498 ], [ 112.772906959421334, 27.962801161021272 ], [ 112.773195504578794, 27.962529331665774 ], [ 112.773219733938632, 27.962504569164146 ], [ 112.773407257254192, 27.962322447292276 ], [ 112.773355802653057, 27.961928568239443 ], [ 112.773264904824387, 27.96123275407702 ], [ 112.773206627518661, 27.960786639585553 ], [ 112.772839584876706, 27.960262935818477 ], [ 112.772947634239088, 27.960070323810086 ], [ 112.773296145535014, 27.959449054707775 ], [ 112.773334787465288, 27.95920468430511 ], [ 112.773365875462304, 27.95900881084664 ], [ 112.773654222092091, 27.957223944018288 ], [ 112.773659077486215, 27.957191529563758 ], [ 112.773665800477815, 27.957150182096406 ], [ 112.773681011650496, 27.957057797915972 ], [ 112.774518024102989, 27.956704464930546 ], [ 112.775402772131386, 27.956246809498065 ], [ 112.775472543381184, 27.956284230345013 ], [ 112.775680183569236, 27.956394198839824 ], [ 112.776243375150074, 27.956845601797177 ], [ 112.776509943922434, 27.957059011942171 ], [ 112.776975600921318, 27.957431917294773 ], [ 112.777204485367506, 27.957615219384074 ], [ 112.777118556120683, 27.957975746201871 ], [ 112.777061098976802, 27.958223582894639 ], [ 112.777286020055953, 27.959303494505686 ], [ 112.777375484173419, 27.959564797181013 ], [ 112.777408322986943, 27.959661417096736 ], [ 112.780629564814816, 27.960196044146809 ], [ 112.781752862263545, 27.961277520544265 ], [ 112.783161187965362, 27.961454677983067 ], [ 112.784744677961086, 27.962972448487541 ], [ 112.784803134031563, 27.963027239313892 ], [ 112.785776517930728, 27.963235732217584 ], [ 112.785759264887375, 27.963273639397919 ], [ 112.785166189950274, 27.964476530081356 ], [ 112.785090519463992, 27.964625303027933 ], [ 112.785530965244448, 27.964477567089972 ], [ 112.78576082975259, 27.96440046503594 ], [ 112.786624025400684, 27.964110927987171 ], [ 112.786858376993706, 27.96423353337795 ], [ 112.787660954326398, 27.964654574872636 ], [ 112.789296332809556, 27.965511973856483 ], [ 112.789359355016629, 27.965474078570221 ], [ 112.790509919927501, 27.964797031123233 ], [ 112.792265503775425, 27.962251568259084 ], [ 112.794263548308493, 27.962353278875646 ], [ 112.794295962218882, 27.963978918721605 ], [ 112.795314922144001, 27.964307053224406 ], [ 112.795236665408012, 27.964730214463284 ], [ 112.794885210332865, 27.965381748326035 ], [ 112.794651258490148, 27.965814158971455 ], [ 112.794709983156906, 27.965843172633335 ], [ 112.79513781389582, 27.966054548921061 ], [ 112.796048889748576, 27.966504678516404 ], [ 112.796310915740506, 27.966346038898184 ], [ 112.797223813376633, 27.965793338125639 ], [ 112.801394714596995, 27.961181461458054 ], [ 112.802828886626216, 27.960050540494187 ], [ 112.805460311706511, 27.960688212394295 ], [ 112.807991260222266, 27.96083594241103 ], [ 112.807956750542331, 27.96014293401522 ], [ 112.807884162175782, 27.958227049576415 ], [ 112.807490529401448, 27.956249535919842 ], [ 112.806459989294027, 27.955111920934538 ], [ 112.806521414296526, 27.954153366205439 ], [ 112.806976631973498, 27.953134350216011 ], [ 112.806336979388917, 27.951721777299539 ], [ 112.806976631973498, 27.951156743276034 ], [ 112.806090958680372, 27.948918309531027 ], [ 112.8066568056812, 27.947288352914455 ], [ 112.807419469069217, 27.946027835860477 ], [ 112.807173448360672, 27.944658637120643 ], [ 112.808354345785403, 27.943637160316168 ], [ 112.809714939504616, 27.940438352287085 ], [ 112.810076487151946, 27.939855437979521 ], [ 112.809756660859676, 27.938556479467611 ], [ 112.807665488879437, 27.938013111470539 ], [ 112.808452753529835, 27.936622075961257 ], [ 112.807763897522193, 27.935730934612621 ], [ 112.806386183710259, 27.93664381114041 ], [ 112.805721928965013, 27.933535652000813 ], [ 112.8066568056812, 27.931579422413325 ], [ 112.806336979388917, 27.929536211816259 ], [ 112.804678667814855, 27.928707659547115 ], [ 112.804671216289563, 27.928765629816084 ], [ 112.804663030840715, 27.928811015326641 ], [ 112.804554051721993, 27.929485016845312 ], [ 112.804507931317019, 27.929490601997724 ], [ 112.803408004438722, 27.929485016845312 ], [ 112.801272065814629, 27.929485016845312 ], [ 112.801240481947545, 27.929465774774702 ], [ 112.799462146468386, 27.928589512456796 ], [ 112.798061822959113, 27.929252312487083 ], [ 112.797483179457032, 27.929526194737907 ], [ 112.79743503694435, 27.929548981387342 ], [ 112.797277237983209, 27.930675320036837 ], [ 112.797851432129676, 27.932355491576413 ], [ 112.797995071845293, 27.932771941450998 ], [ 112.796735201727287, 27.934239593825176 ], [ 112.796666609965484, 27.934277003250152 ], [ 112.791503424292387, 27.93753226647673 ], [ 112.788216516515561, 27.938098536020131 ], [ 112.787806267603401, 27.93722442300508 ], [ 112.787447951196143, 27.937359960110996 ], [ 112.786821237046567, 27.937597021466921 ], [ 112.78645665039862, 27.93773492945143 ], [ 112.784621459646814, 27.938917130231946 ], [ 112.782556870612467, 27.938748244971432 ], [ 112.781524576095322, 27.93766737463968 ], [ 112.780109949610093, 27.938478028799064 ], [ 112.778886489108885, 27.938410474451992 ], [ 112.777289330347784, 27.940090010667014 ], [ 112.775827837855857, 27.940200647203273 ], [ 112.774594961213836, 27.940061113092973 ], [ 112.77283758163361, 27.93986221618168 ], [ 112.770805307694985, 27.93901702878874 ], [ 112.769654985329268, 27.937887527204861 ], [ 112.76766469146051, 27.935273831559666 ], [ 112.766508015310777, 27.934699370283035 ], [ 112.764500978641749, 27.932699831895494 ], [ 112.759439242408661, 27.93067463271429 ], [ 112.760691365455628, 27.927500072541545 ], [ 112.762106809407769, 27.926345663112617 ], [ 112.763777011082922, 27.925429191378235 ], [ 112.762980646498733, 27.923690787604343 ], [ 112.763141172745051, 27.920958259803708 ], [ 112.763594802200586, 27.91900137474267 ], [ 112.763250053049035, 27.917398578185509 ], [ 112.764318769759413, 27.91339314626692 ], [ 112.765673413038186, 27.91196507532619 ], [ 112.762905985718831, 27.909263837797074 ], [ 112.761486281057259, 27.907657849356564 ], [ 112.757988305121273, 27.904587130715598 ], [ 112.75844128778985, 27.902380083870078 ], [ 112.759115500360039, 27.899095066430551 ], [ 112.757449228814252, 27.898482857751098 ], [ 112.757420497098195, 27.898472301112012 ], [ 112.75605753721652, 27.897971530029142 ], [ 112.757145329651948, 27.896705889448082 ], [ 112.757224793723665, 27.896613432949696 ], [ 112.757700395971042, 27.89606006659201 ], [ 112.758013056402305, 27.895087386364807 ], [ 112.758599092140869, 27.893924986055346 ], [ 112.759521440053774, 27.894275928909128 ], [ 112.759837226622224, 27.893825505527936 ], [ 112.759336970111875, 27.893225859085884 ], [ 112.760348544088686, 27.892884807856358 ], [ 112.761473989409239, 27.892505363063819 ], [ 112.759876802800392, 27.889448756136471 ], [ 112.758629524367734, 27.889012057271341 ], [ 112.757609029221825, 27.887399533041098 ], [ 112.756865464016769, 27.887154305767872 ], [ 112.755435740444852, 27.886692850327972 ], [ 112.754320839549109, 27.886333709450899 ], [ 112.752772871634633, 27.885833911239551 ], [ 112.75193482611958, 27.885564553755152 ], [ 112.750913712932743, 27.887264292991603 ], [ 112.749790218752992, 27.889134421548739 ], [ 112.749776966805911, 27.889156480689334 ], [ 112.749089911022082, 27.890299969789357 ], [ 112.748467851942365, 27.891228716939462 ], [ 112.748336248753247, 27.891425157079397 ], [ 112.746553957093582, 27.894085496156084 ], [ 112.745740465230156, 27.89370708770274 ], [ 112.74379752605158, 27.892803292736108 ], [ 112.743079541272536, 27.892469307172547 ], [ 112.742985034911385, 27.892425345852327 ], [ 112.742294101998837, 27.892103941771275 ], [ 112.739723434472751, 27.892379339283373 ], [ 112.738382634232508, 27.892522980133208 ], [ 112.738177450936774, 27.892544961569705 ], [ 112.738085042141819, 27.892554861392405 ], [ 112.736161553285783, 27.892760925015718 ], [ 112.734895406638898, 27.892896567878172 ], [ 112.733809645294343, 27.892433222686872 ], [ 112.73037598334281, 27.89575696151266 ], [ 112.7298974292314, 27.896537098620232 ], [ 112.729689771975387, 27.896908841724393 ], [ 112.724548961539369, 27.895377937252537 ], [ 112.724277515813341, 27.895293861188662 ], [ 112.724220974951052, 27.895639001517665 ], [ 112.723480695783309, 27.901468389093342 ], [ 112.722883788633169, 27.905820334193997 ], [ 112.721988427908045, 27.908292952052008 ], [ 112.721494670708765, 27.909992335152854 ], [ 112.721279599656711, 27.910732546788559 ], [ 112.720734499247342, 27.911687477988806 ], [ 112.719153117597585, 27.914457767486994 ], [ 112.716085087932996, 27.918679694792136 ], [ 112.7224437039755, 27.919564806069861 ], [ 112.726950220277601, 27.921050763758732 ], [ 112.726950220277601, 27.923687849229541 ], [ 112.725719098943642, 27.924347110744769 ], [ 112.723294162411179, 27.925929321818785 ], [ 112.722995708836123, 27.927083002314106 ], [ 112.72359261598622, 27.928269633351487 ], [ 112.724336229700327, 27.929159476646202 ], [ 112.724871953494741, 27.929607798064662 ], [ 112.725283231876205, 27.930591931745969 ], [ 112.725471734355423, 27.931924282675364 ], [ 112.725934422422313, 27.932393630235694 ], [ 112.726362837066119, 27.932370919583988 ], [ 112.728393124829651, 27.931432264292074 ], [ 112.733545404955208, 27.931640530098587 ], [ 112.736306757866643, 27.932949615501524 ], [ 112.736643508418879, 27.934288437344325 ], [ 112.737552734640431, 27.935270229222041 ], [ 112.737889484294371, 27.939256807010583 ], [ 112.738832384762645, 27.942826751996758 ], [ 112.738562985398858, 27.945593378708303 ], [ 112.738259909991655, 27.948092206387933 ], [ 112.738664009037407, 27.949728311878065 ], [ 112.739741610984225, 27.951215659283463 ], [ 112.740852886279484, 27.952435268805072 ], [ 112.741202576165094, 27.953242277046016 ], [ 112.746930776999065, 27.959808154312238 ], [ 112.748698855514306, 27.96322471615489 ], [ 112.751467602458831, 27.966646027896989 ], [ 112.751588972938563, 27.966796002248415 ], [ 112.752080044175131, 27.966613304461561 ], [ 112.754468762431969, 27.965724605185986 ], [ 112.756474959176217, 27.966291621074202 ], [ 112.756394710875242, 27.964803198410021 ], [ 112.758160164513242, 27.964236174701167 ], [ 112.759925617252932, 27.965299341314623 ], [ 112.761289830284426, 27.967567395929358 ], [ 112.763055283922398, 27.96827615401364 ], [ 112.76433924955127, 27.967921775553418 ], [ 112.767950403331582, 27.968417904913149 ], [ 112.770678830292894, 27.970189775048048 ], [ 112.774627034662743, 27.974517030199401 ], [ 112.774778540026972, 27.974683075641373 ], [ 112.775731988513357, 27.97210718460186 ], [ 112.775110685815079, 27.970382623671728 ], [ 112.774995740086283, 27.970063564140244 ], [ 112.77485171858666, 27.968559655626468 ] ] ] } },
{ "type": "Feature", "properties": { "name": "先锋学校", "isAssistFeature": false, "sourceFileId": null, "sourceFileName": null, "sourceGroupId": null, "id": null, "sourceFile": null }, "geometry": { "type": "Polygon", "coordinates": [ [ [ 112.881027402788703, 27.886433084114937 ], [ 112.881361177222402, 27.885474110075897 ], [ 112.882573149169431, 27.884236873802138 ], [ 112.883849208725493, 27.882860825375182 ], [ 112.884029419754654, 27.881223296601402 ], [ 112.8815078253959, 27.880273223722487 ], [ 112.880422674007434, 27.879864365286803 ], [ 112.87993386113547, 27.879693078707824 ], [ 112.875996467091724, 27.87824290426677 ], [ 112.872734517208457, 27.877041046897297 ], [ 112.871147209372765, 27.876463142912996 ], [ 112.870908546764738, 27.87423962101013 ], [ 112.870512710423, 27.870818352493831 ], [ 112.867218964670215, 27.87110588893799 ], [ 112.865681397450146, 27.86560434029267 ], [ 112.865382007830576, 27.865649200362611 ], [ 112.865318446634319, 27.865658724627675 ], [ 112.862850212203469, 27.866028559776755 ], [ 112.858337906259379, 27.868036248197654 ], [ 112.85833549518118, 27.873189734864354 ], [ 112.858353623183604, 27.87383744273027 ], [ 112.861856526378901, 27.873580691826014 ], [ 112.862069595086183, 27.873581398569581 ], [ 112.862138892025555, 27.873581616151323 ], [ 112.861823077609316, 27.874647076881409 ], [ 112.859444263278462, 27.87596551144394 ], [ 112.858360807010925, 27.876559383697543 ], [ 112.858940479982294, 27.877661826468515 ], [ 112.860080322601931, 27.879962303104165 ], [ 112.860359112055392, 27.880597381725149 ], [ 112.860557686445588, 27.880722526716976 ], [ 112.860986284345742, 27.881014111882774 ], [ 112.8615489719717, 27.881396919198078 ], [ 112.868495876727465, 27.883528240976652 ], [ 112.867252591306269, 27.886889652820638 ], [ 112.864867718737145, 27.886434896816208 ], [ 112.864698602800061, 27.887115758921134 ], [ 112.864512365872017, 27.887865542173103 ], [ 112.86468959898599, 27.888222356352365 ], [ 112.866992552387714, 27.889532062612833 ], [ 112.86848870367993, 27.890361082539034 ], [ 112.87011755949581, 27.891258324666108 ], [ 112.870646052750487, 27.89133955909266 ], [ 112.871817930191469, 27.889836699233175 ], [ 112.875155103200001, 27.890828667652332 ], [ 112.876388992243335, 27.891195436323812 ], [ 112.877061196180549, 27.890465651628979 ], [ 112.880389673497177, 27.886877515791966 ], [ 112.880854661251135, 27.886378887270951 ], [ 112.881027402788703, 27.886433084114937 ] ] ] } },
{ "type": "Feature", "properties": { "name": "南谷小学", "isAssistFeature": false, "sourceFileId": null, "sourceFileName": null, "sourceGroupId": null, "id": null, "sourceFile": null }, "geometry": { "type": "Polygon", "coordinates": [ [ [ 112.777445973177137, 28.037298001872276 ], [ 112.77882597320145, 28.03728100229619 ], [ 112.781907972566998, 28.037900001592789 ], [ 112.783166973115797, 28.037036001950792 ], [ 112.784239541802094, 28.03589329738552 ], [ 112.784937972952363, 28.035131002076525 ], [ 112.784908462396942, 28.033307238049581 ], [ 112.784763972875069, 28.030993002341585 ], [ 112.784938972777255, 28.028639001751809 ], [ 112.785441809249107, 28.028053605525969 ], [ 112.786083972624922, 28.027306002231661 ], [ 112.786925972523861, 28.027106002191651 ], [ 112.789695972618205, 28.027543002329232 ], [ 112.792257973198431, 28.028544001805908 ], [ 112.797239972271953, 28.028575002381743 ], [ 112.798733972997397, 28.029024002635548 ], [ 112.798810724156965, 28.028876120235914 ], [ 112.800530482293098, 28.025803448215459 ], [ 112.799616132081141, 28.025048446640639 ], [ 112.798828142490322, 28.024397163931514 ], [ 112.798766630351238, 28.024346085333637 ], [ 112.79671405179225, 28.0239578188419 ], [ 112.796621860389578, 28.023927799449794 ], [ 112.796516072985114, 28.023891126868474 ], [ 112.795384140929869, 28.023495499767463 ], [ 112.795199995279802, 28.023430874839814 ], [ 112.795129037355508, 28.023406411009606 ], [ 112.79511106745656, 28.023207569425871 ], [ 112.795030455337894, 28.022313113193473 ], [ 112.79493067227277, 28.021569377172927 ], [ 112.795215137282213, 28.021569377172927 ], [ 112.797308966479065, 28.02156937796595 ], [ 112.797183778159351, 28.020768160077179 ], [ 112.797002089401587, 28.01960532165274 ], [ 112.798779465480024, 28.017785215306663 ], [ 112.801068205737309, 28.016896220902282 ], [ 112.801471972406375, 28.016442557718307 ], [ 112.801912117251177, 28.015948018942087 ], [ 112.801710461639587, 28.013856068324348 ], [ 112.801684128425336, 28.013582887805672 ], [ 112.801693508633534, 28.012901899498772 ], [ 112.802744410853492, 28.01192310826789 ], [ 112.803523219662125, 28.011206885491937 ], [ 112.804290411457472, 28.009852237599507 ], [ 112.802375144881239, 28.009593995175102 ], [ 112.800607891019439, 28.008768507336203 ], [ 112.800838048378381, 28.004568948195246 ], [ 112.803216342584676, 28.002265895210193 ], [ 112.804827445893906, 27.998878962458406 ], [ 112.803983534379995, 27.997185456162068 ], [ 112.805211041791566, 27.996440305278153 ], [ 112.806591986843557, 27.996914493160933 ], [ 112.806515267125008, 27.994204820921414 ], [ 112.807512615381015, 27.994069335362557 ], [ 112.807969883911767, 27.992983446647138 ], [ 112.80619693922263, 27.992051261979377 ], [ 112.805759461475901, 27.991821076113876 ], [ 112.804247010252837, 27.991025272854614 ], [ 112.802302514293913, 27.990002132004523 ], [ 112.800941826251574, 27.989286169650491 ], [ 112.799785025236034, 27.986790314603866 ], [ 112.801412848887651, 27.985397212855258 ], [ 112.803051517899704, 27.984454320742593 ], [ 112.803975004876392, 27.98308102105991 ], [ 112.805156710784871, 27.982638302556282 ], [ 112.805166706339051, 27.98165011585122 ], [ 112.805105070232472, 27.980628064889906 ], [ 112.805086382579589, 27.98031817459449 ], [ 112.804712197432849, 27.979726728529648 ], [ 112.804159983264739, 27.978852186194008 ], [ 112.803762662906152, 27.978770292437169 ], [ 112.803158196432946, 27.978645702012635 ], [ 112.801948407392032, 27.978398197819292 ], [ 112.801952413878212, 27.97805397545832 ], [ 112.801955575049703, 27.97778237968766 ], [ 112.801966113186296, 27.976876882301315 ], [ 112.802338108240392, 27.976467218168256 ], [ 112.802855026702645, 27.975897951095639 ], [ 112.802644204681883, 27.975858982097431 ], [ 112.801703722478337, 27.975685139098786 ], [ 112.800563127070504, 27.974554862014887 ], [ 112.800548402784685, 27.973444255575355 ], [ 112.800547062498282, 27.973343162334196 ], [ 112.799996456314545, 27.973119281849502 ], [ 112.799465371420268, 27.972903338514097 ], [ 112.799481915692851, 27.972813669227488 ], [ 112.799489666357147, 27.972775247330727 ], [ 112.7996496958351, 27.971640622217006 ], [ 112.798937493511531, 27.971361590646385 ], [ 112.797914706763365, 27.972387856516843 ], [ 112.796772418929535, 27.971990100501849 ], [ 112.796309876389728, 27.971006336116112 ], [ 112.796002245625758, 27.969630646093417 ], [ 112.795797208755403, 27.968235686705167 ], [ 112.795876130244665, 27.967692886173459 ], [ 112.796048889748576, 27.966504678516404 ], [ 112.79513781389582, 27.966054548921061 ], [ 112.794709983156906, 27.965843172633335 ], [ 112.794651258490148, 27.965814158971455 ], [ 112.794885210332865, 27.965381748326035 ], [ 112.795236665408012, 27.964730214463284 ], [ 112.795314922144001, 27.964307053224406 ], [ 112.794295962218882, 27.963978918721605 ], [ 112.794263548308493, 27.962353278875646 ], [ 112.792265503775425, 27.962251568259084 ], [ 112.790509919927501, 27.964797031123233 ], [ 112.789359355016629, 27.965474078570221 ], [ 112.789296332809556, 27.965511973856483 ], [ 112.787660954326398, 27.964654574872636 ], [ 112.786858376993706, 27.96423353337795 ], [ 112.786624025400684, 27.964110927987171 ], [ 112.78576082975259, 27.96440046503594 ], [ 112.785530965244448, 27.964477567089972 ], [ 112.785090519463992, 27.964625303027933 ], [ 112.785166189950274, 27.964476530081356 ], [ 112.785759264887375, 27.963273639397919 ], [ 112.785776517930728, 27.963235732217584 ], [ 112.784803134031563, 27.963027239313892 ], [ 112.784744677961086, 27.962972448487541 ], [ 112.784191056132954, 27.962491221103047 ], [ 112.783973494052617, 27.962299626297323 ], [ 112.783037000368921, 27.961471891061183 ], [ 112.781753034740049, 27.961471891061183 ], [ 112.780999020331606, 27.960615611283984 ], [ 112.78073545732218, 27.960316167289992 ], [ 112.780629564814816, 27.960196044146809 ], [ 112.777408322986943, 27.959661417096736 ], [ 112.777375484173419, 27.959564797181013 ], [ 112.777286020055953, 27.959303494505686 ], [ 112.777061098976802, 27.958223582894639 ], [ 112.777118556120683, 27.957975746201871 ], [ 112.777204485367506, 27.957615219384074 ], [ 112.776975600921318, 27.957431917294773 ], [ 112.776509943922434, 27.957059011942171 ], [ 112.776243375150074, 27.956845601797177 ], [ 112.775680183569236, 27.956394198839824 ], [ 112.775472543381184, 27.956284230345013 ], [ 112.775402772131386, 27.956246809498065 ], [ 112.774518024102989, 27.956704464930546 ], [ 112.773654222092091, 27.957223944018288 ], [ 112.773365875462304, 27.95900881084664 ], [ 112.773334787465288, 27.95920468430511 ], [ 112.773296145535014, 27.959449054707775 ], [ 112.773166513249635, 27.960479566986631 ], [ 112.77318930530501, 27.960654037510501 ], [ 112.773199206536091, 27.960729829074332 ], [ 112.773206627518661, 27.960786639585553 ], [ 112.773264904824387, 27.96123275407702 ], [ 112.773355802653057, 27.961928568239443 ], [ 112.773407257254192, 27.962322447292276 ], [ 112.773219733938632, 27.962504569164146 ], [ 112.773195504578794, 27.962529331665774 ], [ 112.772906959421334, 27.962801161021272 ], [ 112.77244428303257, 27.963243875248498 ], [ 112.77244428303257, 27.965015831136025 ], [ 112.772920874325081, 27.965235452689452 ], [ 112.774289984073178, 27.965866359437332 ], [ 112.775229322721387, 27.967288606127831 ], [ 112.775413453998439, 27.967567395929358 ], [ 112.775393077512831, 27.967603389485351 ], [ 112.775264585189547, 27.967830362196015 ], [ 112.77485171858666, 27.968559655626468 ], [ 112.775092462591218, 27.969835403666231 ], [ 112.775110685815079, 27.970382623671728 ], [ 112.775731988513357, 27.97210718460186 ], [ 112.774778540026972, 27.974683075641373 ], [ 112.774627034662743, 27.974517030199401 ], [ 112.770678830292894, 27.970189775048048 ], [ 112.767950403331582, 27.968417904913149 ], [ 112.76433924955127, 27.967921775553418 ], [ 112.763055283922398, 27.96827615401364 ], [ 112.761289830284426, 27.967567395929358 ], [ 112.759925617252932, 27.965299341314623 ], [ 112.758160164513242, 27.964236174701167 ], [ 112.756394710875242, 27.964803198410021 ], [ 112.756474959176217, 27.966291621074202 ], [ 112.754468762431969, 27.965724605185986 ], [ 112.752080044175131, 27.966613304461561 ], [ 112.751588972938563, 27.966796002248415 ], [ 112.75286597303068, 27.968742001817397 ], [ 112.754037973540832, 27.972660002185872 ], [ 112.754132973077077, 27.973794001726027 ], [ 112.752752973052807, 27.975682002215706 ], [ 112.753163395339783, 27.977251915911847 ], [ 112.754661972981594, 27.980410001790919 ], [ 112.754879973439813, 27.984025001666016 ], [ 112.756056443966827, 27.98615687912881 ], [ 112.758065973460759, 27.98894800199356 ], [ 112.758925972903086, 27.990150001945498 ], [ 112.759756583062526, 27.9927482623218 ], [ 112.759924973160878, 27.993275001871186 ], [ 112.760323973369026, 27.995033002214967 ], [ 112.760159973337508, 27.996444001550575 ], [ 112.760147278345912, 27.997683421169462 ], [ 112.760079972971567, 28.000004001907797 ], [ 112.758915276662975, 28.00344449415757 ], [ 112.758135972882641, 28.005679001651309 ], [ 112.758881973420458, 28.006422001954626 ], [ 112.761477973437508, 28.007361002037751 ], [ 112.761501413178237, 28.007385075337158 ], [ 112.762477973520234, 28.008388002295561 ], [ 112.763154973562763, 28.009752001727833 ], [ 112.763440972894685, 28.015457002215722 ], [ 112.764186297001103, 28.019168479617569 ], [ 112.764578973069675, 28.020768002267729 ], [ 112.767694972770428, 28.022465002122484 ], [ 112.769556469787005, 28.022675931959249 ], [ 112.769865972640048, 28.022711002305396 ], [ 112.770021204216107, 28.022793145774017 ], [ 112.771772362064638, 28.023719800580409 ], [ 112.773911973001645, 28.024852002103618 ], [ 112.774866972878513, 28.026302001738348 ], [ 112.774820228144378, 28.026774869509701 ], [ 112.774684973303636, 28.028040002318086 ], [ 112.773566973220142, 28.028428001925192 ], [ 112.770641389410159, 28.030981782281415 ], [ 112.769126568431403, 28.032281828992542 ], [ 112.768722347214776, 28.032656989334807 ], [ 112.76686197309229, 28.034384002192592 ], [ 112.766071973071874, 28.037051001890866 ], [ 112.766235973103406, 28.038690001934182 ], [ 112.767044973390412, 28.039546001673223 ], [ 112.769126568431403, 28.039927547844577 ], [ 112.771454972901722, 28.040309002275666 ], [ 112.772921972964653, 28.039520001744407 ], [ 112.774284973270539, 28.038467001724896 ], [ 112.777445973177137, 28.037298001872276 ] ] ] } },
{ "type": "Feature", "properties": { "name": "厂区", "isAssistFeature": false, "sourceFileId": null, "sourceFileName": null, "sourceGroupId": null, "id": null, "sourceFile": null }, "geometry": { "type": "Polygon", "coordinates": [ [ [ 112.930956975412457, 27.814594828306539 ], [ 112.930986106878791, 27.814479297828399 ], [ 112.935401279787868, 27.814965868867123 ], [ 112.935430932277058, 27.814913166544873 ], [ 112.935694271605982, 27.812532818664295 ], [ 112.93566685682012, 27.804870112294942 ], [ 112.935655341316505, 27.799803189201572 ], [ 112.935655200280991, 27.799729412967473 ], [ 112.933807637032771, 27.79934870207455 ], [ 112.932615248358942, 27.79909841723704 ], [ 112.932425150471772, 27.799066130246814 ], [ 112.93228995941142, 27.799975426789867 ], [ 112.928118977342692, 27.805040284643461 ], [ 112.927680141343231, 27.805625022904767 ], [ 112.927611360036877, 27.805716671841378 ], [ 112.927504961777998, 27.809298243566641 ], [ 112.927599481613854, 27.810619165030321 ], [ 112.927599481613854, 27.812562590904086 ], [ 112.927534878371901, 27.815215500602779 ], [ 112.930813891753985, 27.815238269992449 ], [ 112.930956975412457, 27.814594828306539 ] ], [ [ 112.932998891867328, 27.804861290678751 ], [ 112.93315476394217, 27.804755165038156 ], [ 112.933381818520104, 27.804781943776558 ], [ 112.933479336034083, 27.804792465043395 ], [ 112.933528909563051, 27.804797813479453 ], [ 112.93365823372632, 27.804761421701333 ], [ 112.933994662681684, 27.804783343857583 ], [ 112.934548469562742, 27.804821444012667 ], [ 112.934551812193945, 27.804871121433131 ], [ 112.934573446320911, 27.805192606158382 ], [ 112.934486909812989, 27.805379640861432 ], [ 112.934416103703967, 27.805656022297526 ], [ 112.934367585695469, 27.805812733059607 ], [ 112.933083435911982, 27.805713554661619 ], [ 112.933064847972119, 27.805294233970347 ], [ 112.932998891867328, 27.804861290678751 ] ] ] } },
{ "type": "Feature", "properties": { "name": "厂区", "isAssistFeature": false, "sourceFileId": null, "sourceFileName": null, "sourceGroupId": null, "id": null, "sourceFile": null }, "geometry": { "type": "Polygon", "coordinates": [ [ [ 112.894034185245943, 27.831865114574285 ], [ 112.895812205416448, 27.829495807353965 ], [ 112.897882503244446, 27.830077368958921 ], [ 112.899051612077699, 27.829991211704193 ], [ 112.899311077871076, 27.829571887832078 ], [ 112.89962984594797, 27.82905059300931 ], [ 112.899806662243648, 27.827147987902496 ], [ 112.900147651945716, 27.826760269253761 ], [ 112.901535969471254, 27.826458710141733 ], [ 112.902510227431165, 27.826458710141733 ], [ 112.902997355961972, 27.826781809612225 ], [ 112.904263890681065, 27.826803349172003 ], [ 112.904232658953589, 27.825818357010522 ], [ 112.904365067931522, 27.824296066611627 ], [ 112.904722571363465, 27.823933055736735 ], [ 112.905450820292913, 27.823874505789465 ], [ 112.905901010099242, 27.823265581447096 ], [ 112.905894902453639, 27.821485927343936 ], [ 112.907131993092648, 27.821224508062485 ], [ 112.907604062266003, 27.820693141238944 ], [ 112.908119045757147, 27.819820176038913 ], [ 112.908119045757147, 27.818909247656425 ], [ 112.907303654855212, 27.816176418246865 ], [ 112.907561146151636, 27.815075675883357 ], [ 112.908505284498389, 27.814468365140353 ], [ 112.909578167595043, 27.813063944947523 ], [ 112.910221897632709, 27.812760284375873 ], [ 112.91073688202215, 27.812190918416441 ], [ 112.91073688202215, 27.81112809376134 ], [ 112.909738379431005, 27.810802641119903 ], [ 112.910822424095088, 27.807712151515329 ], [ 112.911485394249496, 27.80756158716504 ], [ 112.911940095395181, 27.806671993040904 ], [ 112.911393997855839, 27.806407593364817 ], [ 112.910451100082497, 27.805631695883765 ], [ 112.909953002223773, 27.804194539061367 ], [ 112.90740321513816, 27.805925418591041 ], [ 112.906239992066659, 27.807156153335686 ], [ 112.905151967865862, 27.807983460812437 ], [ 112.903605828921371, 27.80848997289004 ], [ 112.902422276076649, 27.808527977985964 ], [ 112.90114141143215, 27.808285664780019 ], [ 112.896337670450308, 27.803985208925607 ], [ 112.895582817015395, 27.803746524879351 ], [ 112.895362477344193, 27.803607746990313 ], [ 112.895198602178496, 27.803507365133814 ], [ 112.893461500269169, 27.80484674557859 ], [ 112.893403516712524, 27.804886090050161 ], [ 112.891982579562423, 27.805987044534156 ], [ 112.888939028989341, 27.809250555377499 ], [ 112.88805675761617, 27.811025262893338 ], [ 112.887989215984916, 27.811190743312689 ], [ 112.887603200025879, 27.81213649297111 ], [ 112.886633738171227, 27.814511661279976 ], [ 112.88521071962461, 27.81824966046003 ], [ 112.884671313635863, 27.821235142935869 ], [ 112.884585438287971, 27.821710435543888 ], [ 112.884554473360112, 27.821881815324492 ], [ 112.884458893512203, 27.822410812786263 ], [ 112.884328447353155, 27.823132779027674 ], [ 112.884100764852818, 27.825221881451746 ], [ 112.884314217140741, 27.828078600592626 ], [ 112.885054132490794, 27.830967784220597 ], [ 112.885331879898573, 27.830939510511193 ], [ 112.886006870409773, 27.830854319939665 ], [ 112.894034185245943, 27.831865114574285 ] ] ] } },
{ "type": "Feature", "properties": { "name": "友谊学校", "isAssistFeature": false, "sourceFileId": null, "sourceFileName": null, "sourceGroupId": null, "id": null, "sourceFile": null }, "geometry": { "type": "Polygon", "coordinates": [ [ [ 112.931288966690317, 27.823034857398106 ], [ 112.93554744736268, 27.818216093661388 ], [ 112.935356018172243, 27.81752157187201 ], [ 112.935136073759779, 27.817351299106225 ], [ 112.935000994090487, 27.817313285974546 ], [ 112.934606997498463, 27.817202410225701 ], [ 112.934590787399173, 27.816284860653923 ], [ 112.934827861785791, 27.816230942570979 ], [ 112.935158132789894, 27.816155829201545 ], [ 112.935401279787868, 27.814965868867123 ], [ 112.930986106878791, 27.814479297828399 ], [ 112.930956975412457, 27.814594828306539 ], [ 112.930813891753985, 27.815238269992449 ], [ 112.927534878371901, 27.815215500602779 ], [ 112.927540456909796, 27.816507700009797 ], [ 112.927515222335145, 27.818560367171152 ], [ 112.927511456597472, 27.818866710423428 ], [ 112.92567144458755, 27.821210104981546 ], [ 112.925414986353715, 27.821190548122576 ], [ 112.925375198173143, 27.821187862788232 ], [ 112.924331577696876, 27.821117434707453 ], [ 112.921922954569951, 27.821117434707453 ], [ 112.921898814143361, 27.821029663905005 ], [ 112.921788843284574, 27.82097510385541 ], [ 112.921397241601085, 27.821027291591342 ], [ 112.920812520097812, 27.821141156233139 ], [ 112.920708294863616, 27.821357282626028 ], [ 112.919922117174735, 27.821228257995532 ], [ 112.919386034054199, 27.82168444989173 ], [ 112.919791191315326, 27.821865379275216 ], [ 112.923622139489453, 27.823593095702474 ], [ 112.923684058565343, 27.82362107499198 ], [ 112.923796890558307, 27.823672062616726 ], [ 112.923736478855446, 27.823749633609275 ], [ 112.923693627419766, 27.823804635572394 ], [ 112.922964118153942, 27.824703856357388 ], [ 112.924138077889737, 27.825895723886457 ], [ 112.925260108713914, 27.82704874477761 ], [ 112.925294913041256, 27.82708622222972 ], [ 112.927319312348104, 27.829368040426637 ], [ 112.9273307676646, 27.82933835700301 ], [ 112.927448058894626, 27.829058012098191 ], [ 112.927499865635355, 27.828934184983407 ], [ 112.928186073409563, 27.827294016691358 ], [ 112.928789129527786, 27.825852577669178 ], [ 112.929171359986228, 27.82542232767333 ], [ 112.929892920958395, 27.824604174049018 ], [ 112.930549723280066, 27.823859442070955 ], [ 112.931020955223588, 27.823334029924258 ], [ 112.931288966690317, 27.823034857398106 ] ] ] } },
{ "type": "Feature", "properties": { "name": "双湖学校", "isAssistFeature": false, "sourceFileId": null, "sourceFileName": null, "sourceGroupId": null, "id": null, "sourceFile": null }, "geometry": { "type": "Polygon", "coordinates": [ [ [ 112.811894291909752, 27.954511032908311 ], [ 112.813247403560979, 27.953880818375435 ], [ 112.812976781590052, 27.955010854955038 ], [ 112.814206883336155, 27.955206437313652 ], [ 112.815093281569716, 27.954108906249846 ], [ 112.816544076024911, 27.953924280990154 ], [ 112.818536840260734, 27.95231613196156 ], [ 112.819496320035924, 27.950642761920232 ], [ 112.81984701783125, 27.949021722950608 ], [ 112.81967754616133, 27.948041687582755 ], [ 112.819577833164786, 27.947469140795075 ], [ 112.821994003038398, 27.947792192012365 ], [ 112.822830472010139, 27.946488214455147 ], [ 112.825118461275878, 27.947009807526065 ], [ 112.826594582832186, 27.945901419735289 ], [ 112.826151745736482, 27.944640886494074 ], [ 112.826446134434875, 27.943361487006918 ], [ 112.825438287568161, 27.942076309305904 ], [ 112.824085175916935, 27.939837686563649 ], [ 112.825556196839088, 27.938598328477728 ], [ 112.82562722483199, 27.938538485785049 ], [ 112.828447913264554, 27.938538485785049 ], [ 112.828629893076496, 27.936970964462486 ], [ 112.830998346238815, 27.9362731831589 ], [ 112.832056233758451, 27.935403774361355 ], [ 112.832154641502882, 27.934317003130111 ], [ 112.833137423576545, 27.932699846975023 ], [ 112.834369302190254, 27.931389949003293 ], [ 112.834767971818422, 27.930966027722512 ], [ 112.835917452462724, 27.929743729659926 ], [ 112.834697002216018, 27.928084800423861 ], [ 112.834318321001248, 27.927570063218582 ], [ 112.835245597970157, 27.926211567058438 ], [ 112.83583604713165, 27.924363893190424 ], [ 112.832785394477924, 27.923885666284423 ], [ 112.833252833734349, 27.922277070069178 ], [ 112.833449650121509, 27.920624973130728 ], [ 112.831530691469453, 27.918842418484029 ], [ 112.831850517761765, 27.918016347326077 ], [ 112.830564044036635, 27.917787033870116 ], [ 112.828429602005784, 27.917406569092915 ], [ 112.828577214071615, 27.915863093774618 ], [ 112.826264623543523, 27.917754390882489 ], [ 112.825083726118791, 27.916732659753102 ], [ 112.82432106273076, 27.917515263472726 ], [ 112.822721930371017, 27.917558741511574 ], [ 112.821624721794777, 27.916275146141281 ], [ 112.820975186843754, 27.915515265107839 ], [ 112.819794289419022, 27.914906562645896 ], [ 112.819533618984835, 27.914412976059218 ], [ 112.818588789833612, 27.912623897899788 ], [ 112.817664537492291, 27.91316376744108 ], [ 112.817137269539657, 27.913471750883204 ], [ 112.815956372114911, 27.913080434703289 ], [ 112.812807312615078, 27.912949995926631 ], [ 112.812269181335708, 27.914386360129456 ], [ 112.811306588898077, 27.915906572477759 ], [ 112.809387631144318, 27.916558746958042 ], [ 112.808182131558908, 27.916645703787445 ], [ 112.807912824721569, 27.915547292793409 ], [ 112.806755213425632, 27.916058747007238 ], [ 112.805820336709445, 27.914363075749854 ], [ 112.804646916861131, 27.913917515444027 ], [ 112.804497977085347, 27.914365529369491 ], [ 112.804093375881394, 27.915587163073386 ], [ 112.804074198646688, 27.915645080050385 ], [ 112.805432039927894, 27.916604842468633 ], [ 112.805608548101418, 27.916731666737611 ], [ 112.803972442881189, 27.917498656975066 ], [ 112.803928094852267, 27.917519401404174 ], [ 112.803606153925784, 27.917667435738423 ], [ 112.803699384679248, 27.918046385882718 ], [ 112.803710112360349, 27.918089989917014 ], [ 112.804225748926712, 27.918982586424619 ], [ 112.804803769896267, 27.919983169752758 ], [ 112.805038896735354, 27.92039018356612 ], [ 112.80504103023415, 27.920440969300643 ], [ 112.805048176332235, 27.923063211797707 ], [ 112.805049074647528, 27.92332190426518 ], [ 112.804993505762383, 27.92412248971382 ], [ 112.804678667814855, 27.928707659547115 ], [ 112.806336979388917, 27.929536211816259 ], [ 112.8066568056812, 27.931579422413325 ], [ 112.805721928965013, 27.933535652000813 ], [ 112.806386183710259, 27.93664381114041 ], [ 112.807763897522193, 27.935730934612621 ], [ 112.808452753529835, 27.936622075961257 ], [ 112.807665488879437, 27.938013111470539 ], [ 112.809756660859676, 27.938556479467611 ], [ 112.810076487151946, 27.939855437979521 ], [ 112.809714939504616, 27.940438352287085 ], [ 112.808354345785403, 27.943637160316168 ], [ 112.807173448360672, 27.944658637120643 ], [ 112.807419469069217, 27.946027835860477 ], [ 112.8066568056812, 27.947288352914455 ], [ 112.806090958680372, 27.948918309531027 ], [ 112.806976631973498, 27.951156743276034 ], [ 112.806336979388917, 27.951721777299539 ], [ 112.806976631973498, 27.953134350216011 ], [ 112.806521414296526, 27.954153366205439 ], [ 112.806459989294027, 27.955111920934538 ], [ 112.807490529401448, 27.956249535919842 ], [ 112.807884162175782, 27.958227049576415 ], [ 112.807956750542331, 27.96014293401522 ], [ 112.808696028088562, 27.960074145108731 ], [ 112.809311079410762, 27.958748585149429 ], [ 112.810467374674801, 27.957140507981737 ], [ 112.811820486326027, 27.956075686719796 ], [ 112.811894291909752, 27.954511032908311 ] ] ] } },
{ "type": "Feature", "properties": { "name": "司马学校", "isAssistFeature": false, "sourceFileId": null, "sourceFileName": null, "sourceGroupId": null, "id": null, "sourceFile": null }, "geometry": { "type": "Polygon", "coordinates": [ [ [ 112.777289330347784, 27.940090010667014 ], [ 112.778886489108885, 27.938410474451992 ], [ 112.780109949610093, 27.938478028799064 ], [ 112.781524576095322, 27.93766737463968 ], [ 112.782556870612467, 27.938748244971432 ], [ 112.784621459646814, 27.938917130231946 ], [ 112.78645665039862, 27.93773492945143 ], [ 112.786821237046567, 27.937597021466921 ], [ 112.787447951196143, 27.937359960110996 ], [ 112.787806267603401, 27.93722442300508 ], [ 112.788216516515561, 27.938098536020131 ], [ 112.791503424292387, 27.93753226647673 ], [ 112.796666609965484, 27.934277003250152 ], [ 112.796735201727287, 27.934239593825176 ], [ 112.797995071845293, 27.932771941450998 ], [ 112.797851432129676, 27.932355491576413 ], [ 112.797277237983209, 27.930675320036837 ], [ 112.79743503694435, 27.929548981387342 ], [ 112.797483179457032, 27.929526194737907 ], [ 112.798061822959113, 27.929252312487083 ], [ 112.799462146468386, 27.928589512456796 ], [ 112.801240481947545, 27.929465774774702 ], [ 112.801272065814629, 27.929485016845312 ], [ 112.803408004438722, 27.929485016845312 ], [ 112.804507931317019, 27.929490601997724 ], [ 112.804554051721993, 27.929485016845312 ], [ 112.804663030840715, 27.928811015326641 ], [ 112.804671216289563, 27.928765629816084 ], [ 112.804678667814855, 27.928707659547115 ], [ 112.804993505762383, 27.92412248971382 ], [ 112.805049074647528, 27.92332190426518 ], [ 112.805048176332235, 27.923063211797707 ], [ 112.80504103023415, 27.920440969300643 ], [ 112.805038896735354, 27.92039018356612 ], [ 112.804803769896267, 27.919983169752758 ], [ 112.804225748926712, 27.918982586424619 ], [ 112.803710112360349, 27.918089989917014 ], [ 112.803699384679248, 27.918046385882718 ], [ 112.803606153925784, 27.917667435738423 ], [ 112.803928094852267, 27.917519401404174 ], [ 112.803972442881189, 27.917498656975066 ], [ 112.805608548101418, 27.916731666737611 ], [ 112.805432039927894, 27.916604842468633 ], [ 112.804074198646688, 27.915645080050385 ], [ 112.804093375881394, 27.915587163073386 ], [ 112.804497977085347, 27.914365529369491 ], [ 112.804646916861131, 27.913917515444027 ], [ 112.804630348334044, 27.91389011273829 ], [ 112.803999564816266, 27.912842379709499 ], [ 112.803984963599646, 27.912818651259872 ], [ 112.803766631663095, 27.912512848137094 ], [ 112.803814368137296, 27.911837908096679 ], [ 112.803836694865339, 27.911543502185477 ], [ 112.803738795567369, 27.911514843855638 ], [ 112.803109179859462, 27.911320661283803 ], [ 112.802390875280182, 27.911099850511317 ], [ 112.802362182191686, 27.911091041504584 ], [ 112.801870773188583, 27.909934488974631 ], [ 112.801728312062608, 27.909786967188165 ], [ 112.800125970920647, 27.908126875181118 ], [ 112.799669553094432, 27.90627961072498 ], [ 112.798251816641681, 27.90485170704947 ], [ 112.797761165816667, 27.904454427907172 ], [ 112.795524037365723, 27.902828458369644 ], [ 112.794973423995472, 27.900937845002783 ], [ 112.795067907898712, 27.900725102032474 ], [ 112.795465428581622, 27.899831706236998 ], [ 112.795246140837634, 27.89974378797158 ], [ 112.794409317031324, 27.899407800956137 ], [ 112.794265702468536, 27.899350139655652 ], [ 112.793454524665293, 27.899305827048412 ], [ 112.792565220381789, 27.899257246386494 ], [ 112.791821762974536, 27.899216632548967 ], [ 112.791819184809697, 27.899833028876738 ], [ 112.790611148381927, 27.900196543807816 ], [ 112.789453726630512, 27.89986358851894 ], [ 112.787885798150441, 27.900657569345682 ], [ 112.787097082720891, 27.900451039655291 ], [ 112.785365881844669, 27.900916991805637 ], [ 112.784738675418339, 27.901034068002595 ], [ 112.784025875715145, 27.902161956436544 ], [ 112.781342303432595, 27.902342354587649 ], [ 112.778831667622015, 27.903094776801943 ], [ 112.778808149727865, 27.903106418220499 ], [ 112.777566357306654, 27.904682207303374 ], [ 112.774886345047619, 27.905896764382483 ], [ 112.774394552463846, 27.90633989122529 ], [ 112.773134028372326, 27.907475669153332 ], [ 112.773340936433385, 27.909225748133803 ], [ 112.773374542408163, 27.909509992974375 ], [ 112.772962232760747, 27.911756813686367 ], [ 112.770935044184967, 27.910937033405457 ], [ 112.769148368746684, 27.909661806579759 ], [ 112.766441442063382, 27.911307086216667 ], [ 112.766085395698838, 27.91153075906502 ], [ 112.765673413038186, 27.91196507532619 ], [ 112.764318769759413, 27.91339314626692 ], [ 112.763250053049035, 27.917398578185509 ], [ 112.763594802200586, 27.91900137474267 ], [ 112.763141172745051, 27.920958259803708 ], [ 112.762980646498733, 27.923690787604343 ], [ 112.763777011082922, 27.925429191378235 ], [ 112.762106809407769, 27.926345663112617 ], [ 112.760691365455628, 27.927500072541545 ], [ 112.759439242408661, 27.93067463271429 ], [ 112.764500978641749, 27.932699831895494 ], [ 112.766508015310777, 27.934699370283035 ], [ 112.76766469146051, 27.935273831559666 ], [ 112.769654985329268, 27.937887527204861 ], [ 112.770805307694985, 27.93901702878874 ], [ 112.77283758163361, 27.93986221618168 ], [ 112.774594961213836, 27.940061113092973 ], [ 112.775827837855857, 27.940200647203273 ], [ 112.777289330347784, 27.940090010667014 ] ] ] } },
{ "type": "Feature", "properties": { "name": "响水中心小学", "isAssistFeature": false, "sourceFileId": null, "sourceFileName": null, "sourceGroupId": null, "id": null, "sourceFile": null }, "geometry": { "type": "Polygon", "coordinates": [ [ [ 112.88104449413531, 27.964051398555103 ], [ 112.881094946216592, 27.963997759515845 ], [ 112.882352279492224, 27.962661001525266 ], [ 112.884765119311098, 27.959935704673143 ], [ 112.885059757741118, 27.95950195967378 ], [ 112.885193460293053, 27.957553346404101 ], [ 112.890442045206953, 27.952580504198476 ], [ 112.89048261851508, 27.95254206160833 ], [ 112.890608414994219, 27.952422871717154 ], [ 112.892270271320356, 27.95078913922978 ], [ 112.892680804998477, 27.950385549723492 ], [ 112.893183708843978, 27.949565021287388 ], [ 112.899198806426867, 27.939194360840233 ], [ 112.899604508965396, 27.935765368967484 ], [ 112.899666765807837, 27.935237304215548 ], [ 112.900423319753614, 27.935068089396694 ], [ 112.902307392331579, 27.93464668649748 ], [ 112.903844972128098, 27.933967471932316 ], [ 112.903829589377182, 27.930133083083838 ], [ 112.899812120407319, 27.929747266306201 ], [ 112.899511217126502, 27.926104998242067 ], [ 112.899373039167813, 27.924432388940627 ], [ 112.899473925364092, 27.92229761038498 ], [ 112.899475111140291, 27.922257870370981 ], [ 112.899504048570535, 27.921522654855128 ], [ 112.899592579338403, 27.918884464043334 ], [ 112.899778114682263, 27.918066944465153 ], [ 112.901159838573577, 27.911978482816359 ], [ 112.901188213658457, 27.911853447784853 ], [ 112.901568713063355, 27.910176746530308 ], [ 112.90173675192041, 27.909436259600909 ], [ 112.895364114972949, 27.909004494094486 ], [ 112.893701986457287, 27.907519879977919 ], [ 112.891897262966609, 27.905907877584763 ], [ 112.890335610117148, 27.904512969267863 ], [ 112.88803582417512, 27.90357513431961 ], [ 112.88745828021095, 27.904118056201973 ], [ 112.887389957045414, 27.904191123174485 ], [ 112.88717769682188, 27.904429429810875 ], [ 112.873722045081735, 27.919186919328329 ], [ 112.872777372237422, 27.918881988300917 ], [ 112.872282103173504, 27.919509315326167 ], [ 112.871789508394201, 27.920133250976455 ], [ 112.872340803585743, 27.920528380207728 ], [ 112.872477007945747, 27.920626001829174 ], [ 112.872222512530826, 27.920858278672185 ], [ 112.872253301388866, 27.920873328116027 ], [ 112.875214460280702, 27.922320725577659 ], [ 112.874144839865181, 27.922793273897945 ], [ 112.874368364962393, 27.923484528897909 ], [ 112.874445076596061, 27.923719840364157 ], [ 112.874545947521, 27.924033703808149 ], [ 112.875955449117569, 27.924194399417928 ], [ 112.876070087622551, 27.924207468853492 ], [ 112.876618337525272, 27.924269974482687 ], [ 112.876677576926696, 27.924391269430259 ], [ 112.876862625383652, 27.924766418702287 ], [ 112.877286849386678, 27.925628521236661 ], [ 112.877218734630247, 27.925789010491979 ], [ 112.876484634973352, 27.927518645080834 ], [ 112.876193311326702, 27.927594910719481 ], [ 112.875631531897469, 27.927741978822137 ], [ 112.874679650072963, 27.927991170679125 ], [ 112.872674110895503, 27.926987050916669 ], [ 112.872252960927369, 27.927299138098583 ], [ 112.870786045306048, 27.928386682322007 ], [ 112.87060172089123, 27.928522759904812 ], [ 112.870805705834357, 27.928857830250895 ], [ 112.871136531098998, 27.929408735872965 ], [ 112.87086221795056, 27.930253385703899 ], [ 112.870756244594816, 27.93058493073309 ], [ 112.870735423443193, 27.930649089868236 ], [ 112.87334262455353, 27.930944409658554 ], [ 112.874545947521, 27.932361936117108 ], [ 112.874638620420669, 27.933098822366777 ], [ 112.874746501798086, 27.933956630661395 ], [ 112.875155537086286, 27.934101182173574 ], [ 112.876083527317491, 27.934429128111539 ], [ 112.876250441483805, 27.937771659912269 ], [ 112.876284080696252, 27.938445274604334 ], [ 112.879292388564139, 27.938976812404892 ], [ 112.880094603875762, 27.940335174285455 ], [ 112.879623065606722, 27.941668202638414 ], [ 112.879426091116073, 27.942225040904528 ], [ 112.878557024079271, 27.941457286503681 ], [ 112.87842332152735, 27.942756559313988 ], [ 112.88036200897966, 27.943996760087554 ], [ 112.880228306427725, 27.946181841580128 ], [ 112.875214460280702, 27.946949562399247 ], [ 112.873877434761312, 27.94771727696742 ], [ 112.872941515999372, 27.949311745646749 ], [ 112.872206152412858, 27.94878025870274 ], [ 112.870735423443193, 27.949429853413111 ], [ 112.870200613235411, 27.951791982406601 ], [ 112.870548737357467, 27.953042225251178 ], [ 112.86525361701689, 27.954744570783987 ], [ 112.864986211913006, 27.956338934902455 ], [ 112.862846970183611, 27.957933275474684 ], [ 112.863515482943342, 27.959704737734974 ], [ 112.864451401705239, 27.960177122549627 ], [ 112.867192304469228, 27.960295218430279 ], [ 112.867526561298249, 27.962243782202659 ], [ 112.868652543811351, 27.962867288584071 ], [ 112.870267464062223, 27.964074219973057 ], [ 112.871671341306779, 27.964015173719609 ], [ 112.872139300687721, 27.965727490845254 ], [ 112.870668572616367, 27.967026472412599 ], [ 112.872339854964807, 27.967085517018397 ], [ 112.873008367724509, 27.968030219970146 ], [ 112.874687396245633, 27.968498798915007 ], [ 112.875348161934326, 27.968679698848387 ], [ 112.876083526419194, 27.970155772164112 ], [ 112.877080218006682, 27.969872589719682 ], [ 112.877940094379809, 27.969628278621386 ], [ 112.878642032552946, 27.967089407888484 ], [ 112.881082104799631, 27.965672337211 ], [ 112.88054729459185, 27.964580000006535 ], [ 112.88104449413531, 27.964051398555103 ] ], [ [ 112.890280003502752, 27.921309107031934 ], [ 112.892660131170516, 27.921252627384458 ], [ 112.896074058931873, 27.922119872787015 ], [ 112.896102513966824, 27.922154667073027 ], [ 112.897010840076476, 27.923259465554803 ], [ 112.897291592348836, 27.926318898522133 ], [ 112.896368434155548, 27.926379521845917 ], [ 112.894521505117936, 27.926500808076771 ], [ 112.8941846027504, 27.926947311832858 ], [ 112.889617703491538, 27.927311128520845 ], [ 112.888893549083122, 27.92708025848837 ], [ 112.885664485624091, 27.926050782377036 ], [ 112.885385898291517, 27.924644220923067 ], [ 112.884751334663036, 27.921440301687532 ], [ 112.890280003502752, 27.921309107031934 ] ] ] } },
{ "type": "Feature", "properties": { "name": "响水乡黄龙学校", "isAssistFeature": false, "sourceFileId": null, "sourceFileName": null, "sourceGroupId": null, "id": null, "sourceFile": null }, "geometry": { "type": "Polygon", "coordinates": [ [ [ 112.875677622658046, 27.970316603854098 ], [ 112.875650736979921, 27.970091963372653 ], [ 112.876083526419194, 27.970155772164112 ], [ 112.875348161934326, 27.968679698848387 ], [ 112.874687396245633, 27.968498798915007 ], [ 112.873008367724509, 27.968030219970146 ], [ 112.872339854964807, 27.967085517018397 ], [ 112.870668572616367, 27.967026472412599 ], [ 112.872139300687721, 27.965727490845254 ], [ 112.871671341306779, 27.964015173719609 ], [ 112.870267464062223, 27.964074219973057 ], [ 112.868652543811351, 27.962867288584071 ], [ 112.867526561298249, 27.962243782202659 ], [ 112.867192304469228, 27.960295218430279 ], [ 112.864451401705239, 27.960177122549627 ], [ 112.863515482943342, 27.959704737734974 ], [ 112.862846970183611, 27.957933275474684 ], [ 112.864986211913006, 27.956338934902455 ], [ 112.86525361701689, 27.954744570783987 ], [ 112.870548737357467, 27.953042225251178 ], [ 112.870200613235411, 27.951791982406601 ], [ 112.870735423443193, 27.949429853413111 ], [ 112.872206152412858, 27.94878025870274 ], [ 112.872941515999372, 27.949311745646749 ], [ 112.873877434761312, 27.94771727696742 ], [ 112.875214460280702, 27.946949562399247 ], [ 112.880228306427725, 27.946181841580128 ], [ 112.88036200897966, 27.943996760087554 ], [ 112.87842332152735, 27.942756559313988 ], [ 112.878557024079271, 27.941457286503681 ], [ 112.879426091116073, 27.942225040904528 ], [ 112.879623065606722, 27.941668202638414 ], [ 112.880094603875762, 27.940335174285455 ], [ 112.879292388564139, 27.938976812404892 ], [ 112.876284080696252, 27.938445274604334 ], [ 112.876250441483805, 27.937771659912269 ], [ 112.876083527317491, 27.934429128111539 ], [ 112.875155537086286, 27.934101182173574 ], [ 112.874746501798086, 27.933956630661395 ], [ 112.874638620420669, 27.933098822366777 ], [ 112.874545947521, 27.932361936117108 ], [ 112.87334262455353, 27.930944409658554 ], [ 112.870735423443193, 27.930649089868236 ], [ 112.870756244594816, 27.93058493073309 ], [ 112.87086221795056, 27.930253385703899 ], [ 112.871136531098998, 27.929408735872965 ], [ 112.870805705834357, 27.928857830250895 ], [ 112.87060172089123, 27.928522759904812 ], [ 112.870786045306048, 27.928386682322007 ], [ 112.872252960927369, 27.927299138098583 ], [ 112.872674110895503, 27.926987050916669 ], [ 112.874679650072963, 27.927991170679125 ], [ 112.875631531897469, 27.927741978822137 ], [ 112.876193311326702, 27.927594910719481 ], [ 112.876484634973352, 27.927518645080834 ], [ 112.877218734630247, 27.925789010491979 ], [ 112.877286849386678, 27.925628521236661 ], [ 112.876862625383652, 27.924766418702287 ], [ 112.876677576926696, 27.924391269430259 ], [ 112.876618337525272, 27.924269974482687 ], [ 112.876070087622551, 27.924207468853492 ], [ 112.875955449117569, 27.924194399417928 ], [ 112.874545947521, 27.924033703808149 ], [ 112.874445076596061, 27.923719840364157 ], [ 112.874368364962393, 27.923484528897909 ], [ 112.874144839865181, 27.922793273897945 ], [ 112.875214460280702, 27.922320725577659 ], [ 112.872253301388866, 27.920873328116027 ], [ 112.872222512530826, 27.920858278672185 ], [ 112.871608262505816, 27.921418901585227 ], [ 112.870126136610153, 27.920843957092384 ], [ 112.870074462820057, 27.920738591069057 ], [ 112.869879218484641, 27.920340473340168 ], [ 112.869656193749023, 27.919885708683015 ], [ 112.869005504462862, 27.919725999656794 ], [ 112.867631825883223, 27.918384435951879 ], [ 112.866438895525278, 27.918576088815453 ], [ 112.865860504449813, 27.917713648254374 ], [ 112.863912314618403, 27.917002637391256 ], [ 112.863573940810468, 27.916877987593416 ], [ 112.862570907117032, 27.916499830308716 ], [ 112.862209412470293, 27.915988745702492 ], [ 112.861834284990792, 27.916064607502026 ], [ 112.861312828239704, 27.915486522895293 ], [ 112.86127055442077, 27.914718591237133 ], [ 112.860383732182385, 27.914224152843449 ], [ 112.860267600677403, 27.913701725199417 ], [ 112.860330945379673, 27.912796799363061 ], [ 112.858533450632123, 27.911786921455903 ], [ 112.858299866200355, 27.909779082090793 ], [ 112.857896402263563, 27.909309955468853 ], [ 112.858169247564803, 27.908120355368542 ], [ 112.857853931713564, 27.906926759444062 ], [ 112.856952445376479, 27.905487200126949 ], [ 112.855425541158823, 27.905596874199915 ], [ 112.852913949540763, 27.905562727932711 ], [ 112.851976740798108, 27.90554998569538 ], [ 112.851552273351643, 27.904377757745468 ], [ 112.850353300026782, 27.904067194529496 ], [ 112.848474881445171, 27.903580635865897 ], [ 112.848245181328693, 27.904846153966631 ], [ 112.847328035559613, 27.905607369016817 ], [ 112.846255966336585, 27.905240453101356 ], [ 112.845270653708795, 27.905719403902253 ], [ 112.846132027573475, 27.906929668901899 ], [ 112.847100834556258, 27.90758324069779 ], [ 112.847943180306586, 27.910076150534792 ], [ 112.847999285485969, 27.910242190278495 ], [ 112.84802417690419, 27.910315855627502 ], [ 112.84900170922333, 27.910782237616587 ], [ 112.848755166593619, 27.911640637371676 ], [ 112.85019285462883, 27.913436765672156 ], [ 112.849548373599575, 27.913579140240959 ], [ 112.849312890129312, 27.914542902662241 ], [ 112.848389745410756, 27.91488549543643 ], [ 112.848318152377544, 27.91491206440967 ], [ 112.846935275049404, 27.915425267959169 ], [ 112.84635276430005, 27.916575191669228 ], [ 112.848036667978221, 27.916987513587497 ], [ 112.848410226999221, 27.917079904254738 ], [ 112.850715403731286, 27.920276766874522 ], [ 112.850703009675314, 27.921065251203931 ], [ 112.846502329303263, 27.922724872357204 ], [ 112.845908948040659, 27.92487034020256 ], [ 112.844722186413748, 27.926277633687238 ], [ 112.844167843238452, 27.928919708558613 ], [ 112.847564168511823, 27.932327406231813 ], [ 112.846658481652483, 27.933437988863215 ], [ 112.844895713977195, 27.933135578213342 ], [ 112.85261344241701, 27.938695322694432 ], [ 112.856115301769947, 27.938273451421576 ], [ 112.855956126589788, 27.93982030417251 ], [ 112.855622268612791, 27.940775355403119 ], [ 112.8548418985322, 27.943007688603615 ], [ 112.854576606265852, 27.944835704381056 ], [ 112.854666467438676, 27.952179970080142 ], [ 112.853834110055971, 27.955016182488535 ], [ 112.85339306420093, 27.95686673065341 ], [ 112.85928255484923, 27.957101063261973 ], [ 112.860343724812878, 27.96202193212261 ], [ 112.860043916578391, 27.962892254916138 ], [ 112.85938867193542, 27.966708266187194 ], [ 112.860396782906847, 27.968207849504211 ], [ 112.867559676792879, 27.970832071153115 ], [ 112.868992255210742, 27.973128211944061 ], [ 112.875306213305549, 27.973221931084009 ], [ 112.875677622658046, 27.970316603854098 ] ] ] } },
{ "type": "Feature", "properties": { "name": "大桥学校", "isAssistFeature": false, "sourceFileId": null, "sourceFileName": null, "sourceGroupId": null, "id": null, "sourceFile": null }, "geometry": { "type": "Polygon", "coordinates": [ [ [ 112.93504033311342, 27.857859581771052 ], [ 112.935977381057654, 27.856478214578161 ], [ 112.935476497523226, 27.856256793175888 ], [ 112.933819417539411, 27.855626523876857 ], [ 112.933840689645351, 27.855533662994052 ], [ 112.933935943404805, 27.855117842708022 ], [ 112.934082808970601, 27.854476712787857 ], [ 112.932836952571066, 27.85387329984367 ], [ 112.933019065333667, 27.852532654595876 ], [ 112.933024397733163, 27.852501428725638 ], [ 112.933057094612892, 27.851422795153585 ], [ 112.933160601194885, 27.851205397462753 ], [ 112.933632149345399, 27.850186777617267 ], [ 112.92727154263622, 27.84768696866459 ], [ 112.927242827988167, 27.847676841547752 ], [ 112.923540311950205, 27.846556837752175 ], [ 112.92370214075369, 27.845892490756952 ], [ 112.923493086617441, 27.845800067138931 ], [ 112.92396481712592, 27.84461980142197 ], [ 112.924998737593754, 27.840992284619396 ], [ 112.923122068930354, 27.840557021221805 ], [ 112.913251429995796, 27.838135232592602 ], [ 112.913160776508903, 27.838352657275898 ], [ 112.90930531420895, 27.848162329698305 ], [ 112.906989673002158, 27.852216232822194 ], [ 112.90696511665557, 27.852259222414112 ], [ 112.908939225577853, 27.852888897336044 ], [ 112.914360142397527, 27.85461796878386 ], [ 112.916900853803824, 27.855502356976988 ], [ 112.919590319932965, 27.856438517110607 ], [ 112.930814999376722, 27.86075716339521 ], [ 112.932347575557088, 27.861351304052196 ], [ 112.932587024191037, 27.861431173472745 ], [ 112.934337575676764, 27.858882681102596 ], [ 112.93504033311342, 27.857859581771052 ] ], [ [ 112.932364017421719, 27.856252235142243 ], [ 112.932697730770002, 27.855722618763505 ], [ 112.933230447004846, 27.856069896961483 ], [ 112.933592163535465, 27.857266031137108 ], [ 112.933110771646056, 27.857527489072488 ], [ 112.93238491223525, 27.857129387417942 ], [ 112.93188897841803, 27.857025682019732 ], [ 112.932196570554467, 27.856528903226639 ], [ 112.932364017421719, 27.856252235142243 ] ] ] } },
{ "type": "Feature", "properties": { "name": "奇头学校", "isAssistFeature": false, "sourceFileId": null, "sourceFileName": null, "sourceGroupId": null, "id": null, "sourceFile": null }, "geometry": { "type": "Polygon", "coordinates": [ [ [ 112.810577849488425, 27.902954331054179 ], [ 112.814068004691563, 27.9005875795091 ], [ 112.815047683085879, 27.900888835577046 ], [ 112.816613306488932, 27.900382728778069 ], [ 112.816644811304258, 27.900372811411728 ], [ 112.81634064085074, 27.899137888167715 ], [ 112.816328593544469, 27.899100307009309 ], [ 112.816043742259453, 27.89836939823947 ], [ 112.815209270242576, 27.897584017809503 ], [ 112.813247577834133, 27.895745541604239 ], [ 112.813039101314587, 27.895541491519158 ], [ 112.81207668135346, 27.89463566668142 ], [ 112.811336335710394, 27.894402771416697 ], [ 112.811063450883239, 27.894316928074701 ], [ 112.808882425815057, 27.893983009903057 ], [ 112.807787862777332, 27.893114742569335 ], [ 112.806963090768889, 27.892162795486936 ], [ 112.806031006914949, 27.892309629123609 ], [ 112.805626005960676, 27.89237361644782 ], [ 112.80547220450255, 27.891820171248785 ], [ 112.805385578163083, 27.891508447743547 ], [ 112.803084236338989, 27.891327658370084 ], [ 112.802973202773217, 27.8909211195644 ], [ 112.80294695220401, 27.890825413973673 ], [ 112.802967016075868, 27.890766710384785 ], [ 112.803035774924339, 27.890565536198661 ], [ 112.803444981790776, 27.889368261866689 ], [ 112.805024936017517, 27.889079864795914 ], [ 112.80500691671125, 27.887501264882747 ], [ 112.80500594473412, 27.887475721367895 ], [ 112.804917692443979, 27.88623621489031 ], [ 112.804824969238666, 27.884933904670916 ], [ 112.804733251248152, 27.884699095608731 ], [ 112.804694020023049, 27.884601606722448 ], [ 112.804292592566995, 27.883582929952194 ], [ 112.804382414213947, 27.882828694319226 ], [ 112.804451536880094, 27.882248260468305 ], [ 112.804498674177992, 27.881852444339824 ], [ 112.802900252385626, 27.881435580833841 ], [ 112.801367817240788, 27.882327518962779 ], [ 112.800270954515909, 27.882959134468635 ], [ 112.799730485820191, 27.884306246939367 ], [ 112.797000948541168, 27.886753507771314 ], [ 112.795596796412127, 27.888012426895681 ], [ 112.793337804763794, 27.890037738210285 ], [ 112.791311595351644, 27.891854314706809 ], [ 112.788853574765582, 27.888008057579047 ], [ 112.785172952467747, 27.888213858313836 ], [ 112.784904719117179, 27.88720792816606 ], [ 112.784607837593867, 27.886094553086441 ], [ 112.784378501295066, 27.885549223085178 ], [ 112.783896141920124, 27.884402227463873 ], [ 112.782049100593099, 27.884806893060432 ], [ 112.780177647548186, 27.883737484360463 ], [ 112.778396059269411, 27.88271941800819 ], [ 112.777661770067937, 27.882299814465856 ], [ 112.777154975618942, 27.880774141787999 ], [ 112.773087494742285, 27.879639078590976 ], [ 112.773050692561725, 27.879641299547405 ], [ 112.773504789141228, 27.878639484765003 ], [ 112.773675703505489, 27.878561523443448 ], [ 112.774521815891816, 27.878180503064442 ], [ 112.77447499839414, 27.877752351314374 ], [ 112.774407836750257, 27.877180825105281 ], [ 112.775066098834273, 27.876590650281102 ], [ 112.775368741253473, 27.875936484770172 ], [ 112.775381753350374, 27.875907655813769 ], [ 112.775786242264928, 27.875589827674233 ], [ 112.777091714460013, 27.875368970999332 ], [ 112.777615305608208, 27.875081703946634 ], [ 112.777885775763821, 27.874193275579064 ], [ 112.777241736705705, 27.873710036147639 ], [ 112.77720330048966, 27.873681041427314 ], [ 112.776428569134097, 27.873068790681053 ], [ 112.775590424804363, 27.87171304069485 ], [ 112.774267371680835, 27.871131379137793 ], [ 112.773806954555042, 27.870692677502156 ], [ 112.773359712121149, 27.869780067871979 ], [ 112.772180365188603, 27.868430534490496 ], [ 112.772099179944789, 27.868353847551262 ], [ 112.771777917246354, 27.867729817447778 ], [ 112.77154553835372, 27.867267474783503 ], [ 112.771531804011346, 27.867245328593917 ], [ 112.770375097318905, 27.86728766897237 ], [ 112.769392490416749, 27.866902659669016 ], [ 112.768142976077357, 27.867325081697182 ], [ 112.766134571274151, 27.866930526138319 ], [ 112.76503403533809, 27.867375991602952 ], [ 112.76221908354691, 27.867386422623344 ], [ 112.761238170867372, 27.866985504620303 ], [ 112.759143552949723, 27.867797325407519 ], [ 112.758664847022999, 27.868430517019601 ], [ 112.757163942744612, 27.868818702968635 ], [ 112.756636730487529, 27.869951137448645 ], [ 112.755098176917272, 27.870525641618968 ], [ 112.754615872339556, 27.871498517872372 ], [ 112.753604470839264, 27.872118960741226 ], [ 112.754044749533037, 27.872997049491936 ], [ 112.753292497619171, 27.873445671953828 ], [ 112.752612940073035, 27.875173152084137 ], [ 112.752825293721358, 27.875852195883848 ], [ 112.753433573542978, 27.876746233460757 ], [ 112.753491317249441, 27.877827556232393 ], [ 112.752424963108268, 27.878121890289457 ], [ 112.75137037150742, 27.879047723698299 ], [ 112.751690461904417, 27.879997996310838 ], [ 112.752100780885158, 27.880793372669562 ], [ 112.751172164528185, 27.880685201993121 ], [ 112.750617304821589, 27.880185203814996 ], [ 112.750091808346681, 27.879256388140444 ], [ 112.749562712322458, 27.879020953758015 ], [ 112.749427798841509, 27.880289616777173 ], [ 112.747588561179327, 27.880283254096582 ], [ 112.746701553888002, 27.879192527258976 ], [ 112.746603721065355, 27.878053435095548 ], [ 112.746984092011175, 27.877157705032829 ], [ 112.747215821421861, 27.875962946577047 ], [ 112.746273892032391, 27.87545621900443 ], [ 112.745997601692025, 27.875591100583176 ], [ 112.743422681541418, 27.876273940613796 ], [ 112.742877562267452, 27.877274727519421 ], [ 112.742719177604741, 27.87756550566893 ], [ 112.742306882330382, 27.87832243329045 ], [ 112.741671793187436, 27.878143941350704 ], [ 112.737414534223873, 27.87695677554591 ], [ 112.737984477542398, 27.878846022719472 ], [ 112.738099145691791, 27.879292191952988 ], [ 112.738253699938113, 27.87989355368774 ], [ 112.738137863978864, 27.880656775291879 ], [ 112.738057336301807, 27.881165114253758 ], [ 112.73815153723578, 27.882322435583951 ], [ 112.738084301930016, 27.883141921287717 ], [ 112.738081662679718, 27.883210803626014 ], [ 112.73804836662373, 27.883590300050997 ], [ 112.738032974889634, 27.883766936125937 ], [ 112.738011985753005, 27.88400961909883 ], [ 112.737242872461252, 27.885378058246815 ], [ 112.734324629683798, 27.886136700301233 ], [ 112.73372381486223, 27.888033281785166 ], [ 112.733981110325871, 27.889265362248402 ], [ 112.733466322667482, 27.89084016112449 ], [ 112.733809645294343, 27.892433222686872 ], [ 112.734895406638898, 27.892896567878172 ], [ 112.736161553285783, 27.892760925015718 ], [ 112.738085042141819, 27.892554861392405 ], [ 112.738177450936774, 27.892544961569705 ], [ 112.738382634232508, 27.892522980133208 ], [ 112.739723434472751, 27.892379339283373 ], [ 112.742294101998837, 27.892103941771275 ], [ 112.742985034911385, 27.892425345852327 ], [ 112.743079541272536, 27.892469307172547 ], [ 112.74379752605158, 27.892803292736108 ], [ 112.745740465230156, 27.89370708770274 ], [ 112.746553957093582, 27.894085496156084 ], [ 112.748336248753247, 27.891425157079397 ], [ 112.748467851942365, 27.891228716939462 ], [ 112.749089911022082, 27.890299969789357 ], [ 112.749776966805911, 27.889156480689334 ], [ 112.749790218752992, 27.889134421548739 ], [ 112.750913712932743, 27.887264292991603 ], [ 112.75193482611958, 27.885564553755152 ], [ 112.752772871634633, 27.885833911239551 ], [ 112.754320839549109, 27.886333709450899 ], [ 112.755435740444852, 27.886692850327972 ], [ 112.756865464016769, 27.887154305767872 ], [ 112.757609029221825, 27.887399533041098 ], [ 112.758629524367734, 27.889012057271341 ], [ 112.759876802800392, 27.889448756136471 ], [ 112.761473989409239, 27.892505363063819 ], [ 112.760348544088686, 27.892884807856358 ], [ 112.759336970111875, 27.893225859085884 ], [ 112.759837226622224, 27.893825505527936 ], [ 112.759521440053774, 27.894275928909128 ], [ 112.758599092140869, 27.893924986055346 ], [ 112.758013056402305, 27.895087386364807 ], [ 112.757700395971042, 27.89606006659201 ], [ 112.757224793723665, 27.896613432949696 ], [ 112.757145329651948, 27.896705889448082 ], [ 112.75605753721652, 27.897971530029142 ], [ 112.757420497098195, 27.898472301112012 ], [ 112.757449228814252, 27.898482857751098 ], [ 112.759115500360039, 27.899095066430551 ], [ 112.75844128778985, 27.902380083870078 ], [ 112.757988305121273, 27.904587130715598 ], [ 112.761486281057259, 27.907657849356564 ], [ 112.762905985718831, 27.909263837797074 ], [ 112.765673413038186, 27.91196507532619 ], [ 112.766085395698838, 27.91153075906502 ], [ 112.766441442063382, 27.911307086216667 ], [ 112.769148368746684, 27.909661806579759 ], [ 112.770935044184967, 27.910937033405457 ], [ 112.772962232760747, 27.911756813686367 ], [ 112.773374542408163, 27.909509992974375 ], [ 112.773340936433385, 27.909225748133803 ], [ 112.773134028372326, 27.907475669153332 ], [ 112.774394552463846, 27.90633989122529 ], [ 112.774886345047619, 27.905896764382483 ], [ 112.777566357306654, 27.904682207303374 ], [ 112.778808149727865, 27.903106418220499 ], [ 112.778831667622015, 27.903094776801943 ], [ 112.781342303432595, 27.902342354587649 ], [ 112.784025875715145, 27.902161956436544 ], [ 112.784738675418339, 27.901034068002595 ], [ 112.785365881844669, 27.900916991805637 ], [ 112.787097082720891, 27.900451039655291 ], [ 112.787885798150441, 27.900657569345682 ], [ 112.789453726630512, 27.89986358851894 ], [ 112.790611148381927, 27.900196543807816 ], [ 112.791819184809697, 27.899833028876738 ], [ 112.791821762974536, 27.899216632548967 ], [ 112.792565220381789, 27.899257246386494 ], [ 112.793454524665293, 27.899305827048412 ], [ 112.794265702468536, 27.899350139655652 ], [ 112.794409317031324, 27.899407800956137 ], [ 112.795246140837634, 27.89974378797158 ], [ 112.795465428581622, 27.899831706236998 ], [ 112.795067907898712, 27.900725102032474 ], [ 112.794973423995472, 27.900937845002783 ], [ 112.795524037365723, 27.902828458369644 ], [ 112.797761165816667, 27.904454427907172 ], [ 112.798251816641681, 27.90485170704947 ], [ 112.799669553094432, 27.90627961072498 ], [ 112.800125970920647, 27.908126875181118 ], [ 112.801728312062608, 27.909786967188165 ], [ 112.801870773188583, 27.909934488974631 ], [ 112.802362182191686, 27.911091041504584 ], [ 112.802390875280182, 27.911099850511317 ], [ 112.803109179859462, 27.911320661283803 ], [ 112.803738795567369, 27.911514843855638 ], [ 112.803836694865339, 27.911543502185477 ], [ 112.803814368137296, 27.911837908096679 ], [ 112.803766631663095, 27.912512848137094 ], [ 112.803984963599646, 27.912818651259872 ], [ 112.803999564816266, 27.912842379709499 ], [ 112.804630348334044, 27.91389011273829 ], [ 112.804646916861131, 27.913917515444027 ], [ 112.805820336709445, 27.914363075749854 ], [ 112.806755213425632, 27.916058747007238 ], [ 112.807912824721569, 27.915547292793409 ], [ 112.807761384934352, 27.914929614327821 ], [ 112.807944342113288, 27.914302691764572 ], [ 112.808157241038998, 27.913573166891812 ], [ 112.807445596569252, 27.912609286283431 ], [ 112.806999689930194, 27.911668605049513 ], [ 112.806561871721968, 27.911034093723476 ], [ 112.805419008966368, 27.909461207322792 ], [ 112.806113519868731, 27.908816321113736 ], [ 112.805994489500293, 27.908617226197528 ], [ 112.805898733582595, 27.908459194580125 ], [ 112.805688015766407, 27.908094381695136 ], [ 112.805696568626217, 27.906960276552255 ], [ 112.806481198517886, 27.904642887122204 ], [ 112.809792579097987, 27.903548450625351 ], [ 112.810330431001304, 27.903120908069493 ], [ 112.810577849488425, 27.902954331054179 ] ] ] } },
{ "type": "Feature", "properties": { "name": "建设路学校", "isAssistFeature": false, "sourceFileId": null, "sourceFileName": null, "sourceGroupId": null, "id": null, "sourceFile": null }, "geometry": { "type": "Polygon", "coordinates": [ [ [ 112.929245700067554, 27.83961468221565 ], [ 112.929549660315303, 27.838776643409247 ], [ 112.929713091713268, 27.838326048069757 ], [ 112.929978177367076, 27.837595180435631 ], [ 112.930157775745187, 27.837100006210896 ], [ 112.930222670939642, 27.836872671724684 ], [ 112.930778559217231, 27.834925314302893 ], [ 112.93158530832612, 27.831744979857479 ], [ 112.931602801219654, 27.831669990026377 ], [ 112.926744701383328, 27.831171065388538 ], [ 112.926591283505886, 27.831126450030403 ], [ 112.920531598043837, 27.82790021738009 ], [ 112.920496095725511, 27.827881315541077 ], [ 112.920428551399297, 27.827845354133885 ], [ 112.918529118528255, 27.830568634167168 ], [ 112.913251429995796, 27.838135232592602 ], [ 112.923122068930354, 27.840557021221805 ], [ 112.923316300864442, 27.840300900034936 ], [ 112.923702450672494, 27.839793664170084 ], [ 112.924093535824682, 27.839867250347105 ], [ 112.924322086097575, 27.839576690384103 ], [ 112.924668854661874, 27.839120190813624 ], [ 112.92483490734385, 27.838808417359907 ], [ 112.925766122526923, 27.838978013841558 ], [ 112.925793831960164, 27.838982987250571 ], [ 112.926994799544985, 27.839202789300533 ], [ 112.929245700067554, 27.83961468221565 ] ] ] } },
{ "type": "Feature", "properties": { "name": "护潭学校", "isAssistFeature": false, "sourceFileId": null, "sourceFileName": null, "sourceGroupId": null, "id": null, "sourceFile": null }, "geometry": { "type": "Polygon", "coordinates": [ [ [ 112.924676970042157, 27.88080724774176 ], [ 112.923621910419058, 27.877455908009214 ], [ 112.923188242427443, 27.87607884276704 ], [ 112.923030946522886, 27.875579744456271 ], [ 112.916763840061734, 27.877169814564464 ], [ 112.916672249632015, 27.877059274739246 ], [ 112.91562082369424, 27.877002371781824 ], [ 112.914590855813628, 27.876774761241254 ], [ 112.914226075129577, 27.876585084631373 ], [ 112.913864632585131, 27.876014411453639 ], [ 112.913803244413558, 27.875913424781974 ], [ 112.913217564407887, 27.874821078475236 ], [ 112.913126157234458, 27.874099472931324 ], [ 112.913463903120032, 27.873415798893557 ], [ 112.912851438047539, 27.873077934715294 ], [ 112.912231200751179, 27.872740451445466 ], [ 112.91018760624334, 27.871857056777515 ], [ 112.907792412929965, 27.871087929298319 ], [ 112.905786930346366, 27.870443255197394 ], [ 112.905735912326421, 27.870426855093729 ], [ 112.905691404397359, 27.870412547486264 ], [ 112.906509137207252, 27.873764919869004 ], [ 112.905677195744502, 27.873599089392222 ], [ 112.904908223488263, 27.873445810920451 ], [ 112.903215525303438, 27.872949902283882 ], [ 112.90306870106015, 27.874558414750219 ], [ 112.902700168113142, 27.875228892672638 ], [ 112.901670200232573, 27.875238377185603 ], [ 112.9006451164922, 27.874082328524473 ], [ 112.901144298617496, 27.872265141010612 ], [ 112.900871920440167, 27.872174598079464 ], [ 112.900650271923595, 27.872099347149277 ], [ 112.900374582556182, 27.872004319766052 ], [ 112.898715183122306, 27.871607387009135 ], [ 112.897990306468415, 27.873001012041847 ], [ 112.897826798713652, 27.873823539766107 ], [ 112.897550880275816, 27.875155872059132 ], [ 112.897389345221441, 27.87591266485046 ], [ 112.897384264350194, 27.875952610877494 ], [ 112.897371418441637, 27.876203191758428 ], [ 112.897333479892225, 27.877036242782477 ], [ 112.897466401808202, 27.8776404804381 ], [ 112.897517090146422, 27.877879314026163 ], [ 112.898041476303618, 27.878445366282492 ], [ 112.898110941227927, 27.87851898339801 ], [ 112.899696907878877, 27.880167414018231 ], [ 112.899968921340175, 27.880912400943732 ], [ 112.900140991836196, 27.881382765494553 ], [ 112.900151619804333, 27.881411659692755 ], [ 112.900181135749634, 27.881491897051767 ], [ 112.902012351456321, 27.881024680546894 ], [ 112.90303277743196, 27.880694448609855 ], [ 112.903256242342025, 27.880622130438148 ], [ 112.903302083370974, 27.880630347981509 ], [ 112.903540259092125, 27.880673042829912 ], [ 112.906034314697521, 27.881119341905606 ], [ 112.906324688824881, 27.881172170872009 ], [ 112.905948063853828, 27.88362180042887 ], [ 112.905874077708688, 27.884093026630254 ], [ 112.905803543789219, 27.884265390875424 ], [ 112.905405622457721, 27.885237788805025 ], [ 112.905263127195767, 27.885586002238529 ], [ 112.904924721946784, 27.88621955992139 ], [ 112.90464371095959, 27.886745663077381 ], [ 112.903380275428262, 27.889111008667676 ], [ 112.904595812788671, 27.890238546562259 ], [ 112.90466344155648, 27.890301279048074 ], [ 112.904971355289817, 27.890586899530625 ], [ 112.905291523840205, 27.890505256438772 ], [ 112.917005990828059, 27.887664483282489 ], [ 112.926108833401059, 27.885454085224634 ], [ 112.926137681898112, 27.885446947102725 ], [ 112.925824314492701, 27.884451605631085 ], [ 112.924877674337893, 27.881444763069549 ], [ 112.924676970042157, 27.88080724774176 ] ] ] } },
{ "type": "Feature", "properties": { "name": "昭山和平小学", "isAssistFeature": false, "sourceFileId": null, "sourceFileName": null, "sourceGroupId": null, "id": null, "sourceFile": null }, "geometry": { "type": "Polygon", "coordinates": [ [ [ 113.071172964443377, 27.978776003558664 ], [ 113.069418964325266, 27.977164003506687 ], [ 113.067881963942128, 27.975163003097308 ], [ 113.0676479644887, 27.974592002807267 ], [ 113.067725964306504, 27.973579003045895 ], [ 113.068975964634475, 27.972077003195825 ], [ 113.071207964603488, 27.97183700351539 ], [ 113.072857964066202, 27.972035002933261 ], [ 113.073611314619683, 27.971826202541369 ], [ 113.07373535668907, 27.971791822527685 ], [ 113.074394964449368, 27.971609003086403 ], [ 113.074845964536081, 27.971113003439775 ], [ 113.074959964338873, 27.969140003064439 ], [ 113.075488964243377, 27.968190003574403 ], [ 113.076469964059541, 27.967417002938781 ], [ 113.077676963831479, 27.96704200337097 ], [ 113.079526964209066, 27.966964003424085 ], [ 113.081872014461595, 27.967693635145881 ], [ 113.082226246229283, 27.967793257159158 ], [ 113.084206964057103, 27.968292002944988 ], [ 113.085101963659511, 27.968251003271781 ], [ 113.085422964049897, 27.967750003239761 ], [ 113.085378963668973, 27.967072002908317 ], [ 113.085039963735227, 27.965542003175685 ], [ 113.083879051130637, 27.962148771322177 ], [ 113.083697712715818, 27.961614230908754 ], [ 113.082577050924158, 27.958267895156791 ], [ 113.082131964446944, 27.956568003091817 ], [ 113.081875975133698, 27.955824149018387 ], [ 113.081409964198599, 27.954470003401394 ], [ 113.080828964415531, 27.953248003008397 ], [ 113.080082411413827, 27.952738497498046 ], [ 113.079247964549808, 27.952169002880773 ], [ 113.076894964206957, 27.949360003068772 ], [ 113.076571384753393, 27.949227063988193 ], [ 113.076322964644746, 27.949125002956514 ], [ 113.075306963770203, 27.949051002994295 ], [ 113.0745507197432, 27.949314588100194 ], [ 113.074035964424169, 27.949494002944341 ], [ 113.063375964171343, 27.941737003271392 ], [ 113.061748153096119, 27.938377727379336 ], [ 113.06097438922616, 27.936780892585364 ], [ 113.059389964084204, 27.933511003485592 ], [ 113.058652663729916, 27.930924263060376 ], [ 113.058515904211077, 27.930409254448087 ], [ 113.056826914271781, 27.924048640101223 ], [ 113.056734720174163, 27.923701433854657 ], [ 113.055838965088597, 27.918855002784351 ], [ 113.055720170078772, 27.917021691174231 ], [ 113.055526965817364, 27.914040003175703 ], [ 113.052015776561888, 27.909128274193687 ], [ 113.051776983698119, 27.908820975371079 ], [ 113.051590869839231, 27.908573640571333 ], [ 113.049692417928483, 27.906095544381774 ], [ 113.047634966009085, 27.903553003493442 ], [ 113.04625551305881, 27.900949342164825 ], [ 113.042554407375818, 27.893963343900676 ], [ 113.04213853231505, 27.893178332442542 ], [ 113.041818151762229, 27.892573575699068 ], [ 113.039874724798437, 27.891392683984829 ], [ 113.038356422847954, 27.891500038092818 ], [ 113.037749101528775, 27.893271369076569 ], [ 113.034833962430582, 27.896169848667235 ], [ 113.030157591776273, 27.896652921184991 ], [ 113.026270738747058, 27.895525748622916 ], [ 113.019711673530381, 27.896974968332284 ], [ 113.010116005311019, 27.906421254843597 ], [ 113.005119640379448, 27.909294021674555 ], [ 113.004812160532424, 27.908638897943941 ], [ 113.002402799888671, 27.903519209061404 ], [ 112.99831345671295, 27.900851833775388 ], [ 112.990656498403808, 27.896834582125123 ], [ 112.985608508191177, 27.89292713186088 ], [ 112.98027069631506, 27.889903805161996 ], [ 112.978739409217127, 27.889495637325837 ], [ 112.975280666302837, 27.887020597029174 ], [ 112.974109286528559, 27.886190632069987 ], [ 112.973950542539768, 27.886082827261799 ], [ 112.973076961468678, 27.885495677678175 ], [ 112.967557900110947, 27.887451020272763 ], [ 112.964741843391977, 27.888300472692148 ], [ 112.964528171016809, 27.888358108119796 ], [ 112.960408495327201, 27.889469333651142 ], [ 112.960349688913766, 27.889485195730824 ], [ 112.960430169878393, 27.890072376875676 ], [ 112.961806888356946, 27.89767062230867 ], [ 112.965214590793423, 27.909340236180931 ], [ 112.966339252783015, 27.911124058010611 ], [ 112.969137911829876, 27.915562872431728 ], [ 112.969367728727335, 27.915927364839291 ], [ 112.969761193516717, 27.916402307359551 ], [ 112.971363489742942, 27.918336384567713 ], [ 112.972758879704656, 27.920020683331316 ], [ 112.979448183569545, 27.928094612862754 ], [ 112.991587783655476, 27.933580045822037 ], [ 112.993994448455069, 27.934710628936902 ], [ 112.99559096132748, 27.93546061962531 ], [ 112.997517208909741, 27.93636550178892 ], [ 112.99836992930328, 27.937390548830283 ], [ 112.999285525478527, 27.938491168726568 ], [ 113.001764067178954, 27.941820441687121 ], [ 113.002791982409121, 27.942149983913303 ], [ 113.003758171701151, 27.943380958328838 ], [ 113.004726280692978, 27.943413071400428 ], [ 113.009552518184449, 27.943573160467047 ], [ 113.011903379638582, 27.943651139223427 ], [ 113.011962999027375, 27.943712381338521 ], [ 113.013240577634548, 27.945024735207252 ], [ 113.014850967681454, 27.946146538421534 ], [ 113.021371289458244, 27.946866424735642 ], [ 113.022483181896106, 27.948155589354197 ], [ 113.0232476077787, 27.949506125804827 ], [ 113.027139230862062, 27.950120000858984 ], [ 113.028076315637222, 27.950351008934792 ], [ 113.030127441620394, 27.950856645365239 ], [ 113.032420719268188, 27.950672485106562 ], [ 113.033519022890758, 27.949618303265336 ], [ 113.033180449656783, 27.955704859596587 ], [ 113.030497052545712, 27.958865177384403 ], [ 113.032733217104365, 27.962683770870193 ], [ 113.031242440432521, 27.965317205177751 ], [ 113.027664576419994, 27.967555574210355 ], [ 113.029155353091866, 27.970057224989439 ], [ 113.026173799748108, 27.972295495693647 ], [ 113.023490401738741, 27.974007082434866 ], [ 113.023788557073104, 27.978615066275449 ], [ 113.024981966233099, 27.978170003406508 ], [ 113.028341965433043, 27.978363002775886 ], [ 113.02960896547944, 27.979354003351062 ], [ 113.02974867506569, 27.979669311584686 ], [ 113.030173965368974, 27.980645002804778 ], [ 113.0301559658256, 27.982762003054315 ], [ 113.030023504745401, 27.983136371256144 ], [ 113.029591965761, 27.984356003196474 ], [ 113.029471735243376, 27.984488753043113 ], [ 113.02888881126897, 27.985327235861003 ], [ 113.027638965451246, 27.987125003444053 ], [ 113.025726567195733, 27.991779650696802 ], [ 113.024322965733944, 27.995180003045416 ], [ 113.024452966328596, 27.99657200275136 ], [ 113.024764965599829, 27.997463002702446 ], [ 113.025137965868723, 27.997973002938146 ], [ 113.02737262844424, 27.999803441153194 ], [ 113.027432999722905, 27.999855429256254 ], [ 113.02760396618946, 27.999990003332726 ], [ 113.027946363551578, 28.000401637934942 ], [ 113.029878965816167, 28.002725002769541 ], [ 113.031521323310784, 28.004168655476544 ], [ 113.03177996534906, 28.004396003313186 ], [ 113.032041475708056, 28.004825955866135 ], [ 113.033159738997895, 28.00666492501292 ], [ 113.034036965432435, 28.008113002799508 ], [ 113.035921965970104, 28.009394003474167 ], [ 113.041920965743131, 28.010754003323498 ], [ 113.042681413885646, 28.010870705886866 ], [ 113.051327608663755, 28.012198153551815 ], [ 113.062394964355207, 28.013896003019678 ], [ 113.065893964370588, 28.0140520031593 ], [ 113.068515964326949, 28.013048002781474 ], [ 113.069983964214799, 28.011758002880079 ], [ 113.070547640885891, 28.01031509745204 ], [ 113.070894964609053, 28.009426003313337 ], [ 113.074385964228526, 28.005458003109656 ], [ 113.078260027943017, 28.002210486625202 ], [ 113.078476377297747, 28.002034244797169 ], [ 113.081115964470712, 28.000002003131254 ], [ 113.081905964491142, 27.998448003428667 ], [ 113.082200964043935, 27.996875003494551 ], [ 113.083060964384543, 27.995308003367793 ], [ 113.085092964337022, 27.993030002920012 ], [ 113.085170964154798, 27.992129003438048 ], [ 113.084449963731345, 27.990534002925145 ], [ 113.080975963830326, 27.9864070031227 ], [ 113.079096368455694, 27.984539328563294 ], [ 113.078493964514394, 27.983878003076303 ], [ 113.076189406721539, 27.982162150342589 ], [ 113.073593639368127, 27.980480863342397 ], [ 113.073143362425256, 27.98016373921201 ], [ 113.071172964443377, 27.978776003558664 ] ] ] } },
{ "type": "Feature", "properties": { "name": "曙光学校", "isAssistFeature": false, "sourceFileId": "file_1777361714379_25_g1", "sourceFileName": "曙光学校.geojson", "sourceGroupId": 1.0, "id": "imported_1777361714379_25_0_g1", "sourceFile": "曙光学校.geojson" }, "geometry": { "type": "Polygon", "coordinates": [ [ [ 112.910825596944562, 27.859333477807979 ], [ 112.910049991528354, 27.86215551276149 ], [ 112.909722618489383, 27.86354059578575 ], [ 112.909575496903713, 27.864165083625821 ], [ 112.909591218319505, 27.864198498025516 ], [ 112.914217400997202, 27.867121259182355 ], [ 112.915629346909625, 27.867968940508788 ], [ 112.919562164037004, 27.86956178501876 ], [ 112.92680027116684, 27.872431088674148 ], [ 112.926619688235178, 27.872523549940581 ], [ 112.922465820869178, 27.87465036678006 ], [ 112.9230309465229, 27.875579744456275 ], [ 112.923188242427457, 27.876078842767029 ], [ 112.925591643647579, 27.875623580798816 ], [ 112.92868154818764, 27.875282159668771 ], [ 112.930827316177599, 27.87448550565108 ], [ 112.933530982874757, 27.872323129613136 ], [ 112.935276537032564, 27.870492978022156 ], [ 112.935376342555571, 27.870388334852137 ], [ 112.931493328478055, 27.86789248586193 ], [ 112.923330897383124, 27.864176193949362 ], [ 112.921653169051822, 27.863642903936508 ], [ 112.910825596944562, 27.859333477807979 ] ] ] } },
{ "type": "Feature", "properties": { "name": "月塘实验学校", "isAssistFeature": false, "sourceFileId": null, "sourceFileName": null, "sourceGroupId": null, "id": null, "sourceFile": null }, "geometry": { "type": "Polygon", "coordinates": [ [ [ 112.8750985075405, 27.839866726876465 ], [ 112.872914276385032, 27.83657513001172 ], [ 112.87274057365012, 27.835524160960929 ], [ 112.872323150792084, 27.832998549890622 ], [ 112.872463643709267, 27.831524272175383 ], [ 112.872512868691885, 27.831007719799718 ], [ 112.872744813698247, 27.828573727007857 ], [ 112.874331518764379, 27.824694222038822 ], [ 112.874848898062368, 27.823798163913469 ], [ 112.875078203818418, 27.82340102290495 ], [ 112.875482658596994, 27.82194271639494 ], [ 112.875949741222243, 27.818366760033683 ], [ 112.876013374283687, 27.817879583726778 ], [ 112.877144962284191, 27.814831076342291 ], [ 112.879183581921964, 27.81208675689853 ], [ 112.880430300704205, 27.809471548298799 ], [ 112.88120835762291, 27.808095151670145 ], [ 112.881467988706319, 27.80763585469176 ], [ 112.882246253135875, 27.805432981099919 ], [ 112.881623641592228, 27.803826690980497 ], [ 112.880683200711189, 27.803877337478365 ], [ 112.880341840004888, 27.803895721440874 ], [ 112.879405353507735, 27.803826690980497 ], [ 112.878596756564306, 27.803826690980497 ], [ 112.878351805749261, 27.803826690980497 ], [ 112.876175778907282, 27.803964373626108 ], [ 112.874567362459075, 27.804423315842421 ], [ 112.873996412129102, 27.80509671761364 ], [ 112.873098507375062, 27.806155733227364 ], [ 112.872579852469343, 27.807070420473789 ], [ 112.87202502689874, 27.808048888418174 ], [ 112.871363286537957, 27.810214549088716 ], [ 112.870987338896626, 27.811444884050378 ], [ 112.869949650894469, 27.814381876892369 ], [ 112.869055781372708, 27.816608845296102 ], [ 112.867493371243413, 27.818843707418591 ], [ 112.867147893558197, 27.819337870922382 ], [ 112.865747013991751, 27.821265140804783 ], [ 112.860439362153002, 27.824437989527386 ], [ 112.859289830304718, 27.824807048459416 ], [ 112.859289830304718, 27.824996891132226 ], [ 112.859473826834474, 27.825304256155484 ], [ 112.859746062179624, 27.825437179057737 ], [ 112.860354257559621, 27.825975049802658 ], [ 112.861440795048566, 27.826935946903333 ], [ 112.863340951063407, 27.82779886414448 ], [ 112.8585983368434, 27.832212183180495 ], [ 112.858816905935186, 27.83319240897006 ], [ 112.858804314249838, 27.833550685312083 ], [ 112.858878326446089, 27.833815675857043 ], [ 112.859066165070345, 27.834598448296351 ], [ 112.859031977885564, 27.834973831666531 ], [ 112.858843567034512, 27.835570853383533 ], [ 112.859903378745457, 27.835668042414294 ], [ 112.863205514762981, 27.838228347473532 ], [ 112.863417353676638, 27.838389357125838 ], [ 112.864840229391149, 27.839484197042829 ], [ 112.865334808548923, 27.839268999588317 ], [ 112.87055692100968, 27.840987290649853 ], [ 112.873993481824641, 27.840139375310528 ], [ 112.875069277259442, 27.839873938697256 ], [ 112.8750985075405, 27.839866726876465 ] ] ] } },
{ "type": "Feature", "properties": { "name": "柴山学校", "isAssistFeature": false, "sourceFileId": null, "sourceFileName": null, "sourceGroupId": null, "id": null, "sourceFile": null }, "geometry": { "type": "Polygon", "coordinates": [ [ [ 112.795428657842095, 27.994978593311817 ], [ 112.796340176564257, 27.994270672233771 ], [ 112.797830849929866, 27.994381427738038 ], [ 112.800557361683005, 27.994584004599176 ], [ 112.801324840939273, 27.994818293358342 ], [ 112.801853264125356, 27.994979605437909 ], [ 112.80219895381299, 27.99515525041862 ], [ 112.803762672787627, 27.995466270417904 ], [ 112.804737265819156, 27.995560836317011 ], [ 112.805931409801047, 27.995092734265601 ], [ 112.805971937295098, 27.995030604365652 ], [ 112.806515267125008, 27.994204820921414 ], [ 112.807512615381015, 27.994069335362557 ], [ 112.807969883911767, 27.992983446647138 ], [ 112.808080404539496, 27.992746006407842 ], [ 112.808970280151513, 27.991698313290883 ], [ 112.814889079234277, 27.989653634623963 ], [ 112.816386034518672, 27.989136497857888 ], [ 112.815794443598421, 27.988509620478851 ], [ 112.817857274629745, 27.988031855330799 ], [ 112.818889957219142, 27.988624592468433 ], [ 112.819677045799722, 27.989076361917508 ], [ 112.819998279752042, 27.989260742205776 ], [ 112.820947957110874, 27.98888604861893 ], [ 112.822314203928158, 27.988125054631716 ], [ 112.82337161264573, 27.98753607954567 ], [ 112.823848536314912, 27.987128969744312 ], [ 112.824335781626701, 27.985838170079106 ], [ 112.824845783061264, 27.983337742031949 ], [ 112.824668306503852, 27.981874944074026 ], [ 112.825792328892987, 27.979628465378617 ], [ 112.827744578211167, 27.979680709139444 ], [ 112.828572805140183, 27.977904391207186 ], [ 112.827950461294506, 27.976955682696495 ], [ 112.831230035225332, 27.97478342743052 ], [ 112.83085735655331, 27.973532715257129 ], [ 112.82891942638075, 27.972874440201824 ], [ 112.829186093069495, 27.972516051297916 ], [ 112.829073113752827, 27.972419338166421 ], [ 112.828455248907161, 27.97153506455286 ], [ 112.820053193765375, 27.969417801104949 ], [ 112.818820726755135, 27.967516839426633 ], [ 112.819944754534163, 27.966287705579504 ], [ 112.818981302408801, 27.964585804710133 ], [ 112.81796108304566, 27.965883310777876 ], [ 112.815383039452811, 27.965315563590831 ], [ 112.815226446929103, 27.965279482788812 ], [ 112.813122880892905, 27.966580031182232 ], [ 112.811808151558836, 27.965372379622426 ], [ 112.812386632465845, 27.964722100107799 ], [ 112.812176275772401, 27.963049935585353 ], [ 112.808915747922185, 27.963514428549747 ], [ 112.805460311706511, 27.960688212394295 ], [ 112.802828886626216, 27.960050540494187 ], [ 112.801394714596995, 27.961181461458054 ], [ 112.797223813376633, 27.965793338125639 ], [ 112.796310915740506, 27.966346038898184 ], [ 112.796048889748576, 27.966504678516404 ], [ 112.79513781389582, 27.966054548921061 ], [ 112.794709983156906, 27.965843172633335 ], [ 112.794651258490148, 27.965814158971455 ], [ 112.794885210332865, 27.965381748326035 ], [ 112.795236665408012, 27.964730214463284 ], [ 112.795314922144001, 27.964307053224406 ], [ 112.794295962218882, 27.963978918721605 ], [ 112.794263548308493, 27.962353278875646 ], [ 112.793160992959685, 27.962317096316092 ], [ 112.792265503775425, 27.962251568259084 ], [ 112.790509919927501, 27.964797031123233 ], [ 112.789359355016629, 27.965474078570221 ], [ 112.789296332809556, 27.965511973856483 ], [ 112.787660954326398, 27.964654574872636 ], [ 112.786858376993706, 27.96423353337795 ], [ 112.786624025400684, 27.964110927987171 ], [ 112.78576082975259, 27.96440046503594 ], [ 112.785530965244448, 27.964477567089972 ], [ 112.785090519463992, 27.964625303027933 ], [ 112.785166189950274, 27.964476530081356 ], [ 112.785759264887375, 27.963273639397919 ], [ 112.785776517930728, 27.963235732217584 ], [ 112.784803134031563, 27.963027239313892 ], [ 112.784744677961086, 27.962972448487541 ], [ 112.783161187965362, 27.961454677983067 ], [ 112.781752862263545, 27.961277520544265 ], [ 112.780629564814816, 27.960196044146809 ], [ 112.777408322986943, 27.959661417096736 ], [ 112.777375484173419, 27.959564797181013 ], [ 112.777286020055953, 27.959303494505686 ], [ 112.777061098976802, 27.958223582894639 ], [ 112.777118556120683, 27.957975746201871 ], [ 112.777204485367506, 27.957615219384074 ], [ 112.776975600921318, 27.957431917294773 ], [ 112.776509943922434, 27.957059011942171 ], [ 112.776243375150074, 27.956845601797177 ], [ 112.775680183569236, 27.956394198839824 ], [ 112.775472543381184, 27.956284230345013 ], [ 112.775402772131386, 27.956246809498065 ], [ 112.774518024102989, 27.956704464930546 ], [ 112.773681011650496, 27.957057797915972 ], [ 112.773665800477815, 27.957150182096406 ], [ 112.773659077486215, 27.957191529563758 ], [ 112.773654222092091, 27.957223944018288 ], [ 112.773365875462304, 27.95900881084664 ], [ 112.773334787465288, 27.95920468430511 ], [ 112.773296145535014, 27.959449054707775 ], [ 112.772947634239088, 27.960070323810086 ], [ 112.772839584876706, 27.960262935818477 ], [ 112.773206627518661, 27.960786639585553 ], [ 112.773264904824387, 27.96123275407702 ], [ 112.773355802653057, 27.961928568239443 ], [ 112.773407257254192, 27.962322447292276 ], [ 112.773219733938632, 27.962504569164146 ], [ 112.773195504578794, 27.962529331665774 ], [ 112.772906959421334, 27.962801161021272 ], [ 112.77244428303257, 27.963243875248498 ], [ 112.77244428303257, 27.965015831136025 ], [ 112.772920874325081, 27.965235452689452 ], [ 112.774289984073178, 27.965866359437332 ], [ 112.775229322721387, 27.967288606127831 ], [ 112.775330974282312, 27.967499256792792 ], [ 112.775393077512831, 27.967603389485351 ], [ 112.775264585189547, 27.967830362196015 ], [ 112.77485171858666, 27.968559655626468 ], [ 112.774995740086283, 27.970063564140244 ], [ 112.775110685815079, 27.970382623671728 ], [ 112.775731988513357, 27.97210718460186 ], [ 112.774778540026972, 27.974683075641373 ], [ 112.774082034864691, 27.976564771782083 ], [ 112.77552984152328, 27.977683554674535 ], [ 112.774896425941705, 27.979641396415843 ], [ 112.776615696292637, 27.980360594466038 ], [ 112.777384843720384, 27.979601441092427 ], [ 112.778787406729663, 27.980840057168351 ], [ 112.778968382225102, 27.981998750163015 ], [ 112.778968382225102, 27.982997613742931 ], [ 112.778470698489713, 27.98447591460755 ], [ 112.779963748797584, 27.984795544712249 ], [ 112.781275823610002, 27.985634568535119 ], [ 112.782678386619267, 27.986953021351567 ], [ 112.783628509542467, 27.98723269161728 ], [ 112.784352413320931, 27.991028138799493 ], [ 112.783176070354685, 27.990748478379651 ], [ 112.782452166576221, 27.991227894891541 ], [ 112.781845147090991, 27.992491341655199 ], [ 112.781818751892985, 27.992546280098527 ], [ 112.783130826705403, 27.993145540410666 ], [ 112.783174720186807, 27.993134103031942 ], [ 112.784808756586941, 27.993065704800742 ], [ 112.78603566661883, 27.99547212898322 ], [ 112.785426101308076, 27.996123964965953 ], [ 112.784953644960794, 27.996629181463273 ], [ 112.784989859643147, 27.996654603203858 ], [ 112.785037462268363, 27.996694034254975 ], [ 112.785509560187833, 27.997052139750629 ], [ 112.786115118114111, 27.997501936924809 ], [ 112.786216691521631, 27.997627305088642 ], [ 112.786931319296457, 27.998538734877883 ], [ 112.787264531384778, 27.998691289496779 ], [ 112.787708249727814, 27.998894437273613 ], [ 112.789380225575627, 27.999814851649663 ], [ 112.789473769841109, 27.999739837091596 ], [ 112.791606285883958, 27.998031462685333 ], [ 112.794863320186039, 27.995419953950243 ], [ 112.795428657842095, 27.994978593311817 ] ] ] } },
{ "type": "Feature", "properties": { "name": "梅花学校", "isAssistFeature": false, "sourceFileId": null, "sourceFileName": null, "sourceGroupId": null, "id": null, "sourceFile": null }, "geometry": { "type": "Polygon", "coordinates": [ [ [ 112.82922083271815, 27.856658356059661 ], [ 112.828740676910584, 27.85492166871094 ], [ 112.827630341253126, 27.854919019157489 ], [ 112.827539577273413, 27.855135684271456 ], [ 112.827376959749117, 27.855580079149338 ], [ 112.826342405969029, 27.855619001767096 ], [ 112.826518500019233, 27.850987130416218 ], [ 112.826954445240077, 27.850955009764476 ], [ 112.827310924592581, 27.850928744387321 ], [ 112.827313443468654, 27.850898205884452 ], [ 112.827333713054713, 27.849846958607753 ], [ 112.828103348267661, 27.849780475988464 ], [ 112.828494915815156, 27.846834555209171 ], [ 112.828396976991314, 27.845623816362217 ], [ 112.829563061197007, 27.845568658654763 ], [ 112.829573862539974, 27.845509272068384 ], [ 112.829831854198005, 27.844090754144407 ], [ 112.827021885361745, 27.843985025081199 ], [ 112.825984921401712, 27.842857920872717 ], [ 112.823553385845173, 27.842803632332814 ], [ 112.820769379218916, 27.839131021725827 ], [ 112.819423398394406, 27.839803099357237 ], [ 112.81830080612319, 27.839973061269102 ], [ 112.815728315915422, 27.840024760089353 ], [ 112.808248903333961, 27.83872486614802 ], [ 112.808714476789547, 27.842421205790863 ], [ 112.812643472483657, 27.842360917513698 ], [ 112.812344283188409, 27.844064321888265 ], [ 112.812413056409923, 27.846891361217757 ], [ 112.812396006385811, 27.847670341129689 ], [ 112.81239220381724, 27.847913462377964 ], [ 112.812379018345482, 27.849265838946611 ], [ 112.808381101207814, 27.849032013733741 ], [ 112.808726259991104, 27.858352973533552 ], [ 112.809138309127093, 27.861067652294693 ], [ 112.812650293391627, 27.861975972078486 ], [ 112.816817601350834, 27.863053770811831 ], [ 112.818394292896485, 27.86308818859187 ], [ 112.819640072939251, 27.863673280444686 ], [ 112.822462545425992, 27.865290872808977 ], [ 112.823435072332359, 27.86587246089087 ], [ 112.823752718413445, 27.866060463924583 ], [ 112.825640957377715, 27.866898052052047 ], [ 112.825851295206562, 27.866991171619247 ], [ 112.826799772416138, 27.867409520162802 ], [ 112.827093702973755, 27.867539164888704 ], [ 112.827925527655481, 27.867656999843927 ], [ 112.829309422774827, 27.868024384620945 ], [ 112.829711441322374, 27.868131109116458 ], [ 112.837258391941816, 27.869350213669872 ], [ 112.83737038131504, 27.866736655095348 ], [ 112.837121259622137, 27.866372826112379 ], [ 112.836780225902615, 27.865832820866036 ], [ 112.836563724732613, 27.865662456347714 ], [ 112.834745004591554, 27.864231300115666 ], [ 112.834496053578533, 27.864114782923163 ], [ 112.833984592381626, 27.863875403578046 ], [ 112.833358525019108, 27.863789813200984 ], [ 112.83289551445705, 27.863726515002007 ], [ 112.831815180733415, 27.86357882223724 ], [ 112.830741657137978, 27.863262467647793 ], [ 112.830527662267613, 27.862395362880761 ], [ 112.830473276463678, 27.862174991554827 ], [ 112.830524947558814, 27.861080404532384 ], [ 112.830582896979507, 27.859919442829188 ], [ 112.831144228149398, 27.859406822727863 ], [ 112.830652196613755, 27.85802271140734 ], [ 112.830620045011457, 27.857991264739994 ], [ 112.82922083271815, 27.856658356059661 ] ] ] } },
{ "type": "Feature", "properties": { "name": "江南学校（小学部）", "isAssistFeature": false, "sourceFileId": null, "sourceFileName": null, "sourceGroupId": null, "id": null, "sourceFile": null }, "geometry": { "type": "Polygon", "coordinates": [ [ [ 112.645593700089961, 27.852481454965741 ], [ 112.645679530522116, 27.853442692356833 ], [ 112.645636615306032, 27.854277444084001 ], [ 112.64662366797053, 27.85473276078794 ], [ 112.6479969593763, 27.854846590062259 ], [ 112.651129779132447, 27.856098698632671 ], [ 112.652202663127412, 27.855339846222595 ], [ 112.65318971579191, 27.854884532862403 ], [ 112.653876361045619, 27.854277444084001 ], [ 112.65507799068881, 27.855529560021616 ], [ 112.655335482883515, 27.856212526472859 ], [ 112.656622942958847, 27.855377789644358 ], [ 112.658655112692898, 27.855222063797033 ], [ 112.65919786400778, 27.855301903581793 ], [ 112.659927424477559, 27.85613664099461 ], [ 112.660656985845677, 27.856591949890557 ], [ 112.660227831888349, 27.857730212970292 ], [ 112.659798678829347, 27.858071690199001 ], [ 112.659369525770359, 27.858754639841106 ], [ 112.657910403932462, 27.859058171722495 ], [ 112.657824572602024, 27.860082586043735 ], [ 112.658082064796744, 27.861486397764441 ], [ 112.661686953726246, 27.862245206353396 ], [ 112.662330683763912, 27.860537878366543 ], [ 112.663060245132002, 27.859247879014593 ], [ 112.663575228623131, 27.858982289030372 ], [ 112.664733943050251, 27.859551409514861 ], [ 112.664819774380717, 27.859058171722495 ], [ 112.664176043444755, 27.858564932480004 ], [ 112.664004382580472, 27.858071690199001 ], [ 112.663446482974962, 27.857540503816431 ], [ 112.663618144737541, 27.856743719362338 ], [ 112.663618144737541, 27.855795158464876 ], [ 112.663703975169682, 27.855150132885814 ], [ 112.662545260742576, 27.853860069420868 ], [ 112.662201938115714, 27.853935955698358 ], [ 112.661858615488853, 27.853822126262202 ], [ 112.658682879618311, 27.852266440559195 ], [ 112.658897456596989, 27.851773169622636 ], [ 112.661772785056712, 27.85173522573368 ], [ 112.662974413801564, 27.851659337915944 ], [ 112.663274821212354, 27.851545505295523 ], [ 112.664433535639461, 27.851507561326912 ], [ 112.665592250066567, 27.85134313677996 ], [ 112.667265948883127, 27.849559747014201 ], [ 112.667995508454609, 27.848851442587137 ], [ 112.667909678022468, 27.848889387485151 ], [ 112.666965541472337, 27.848687014012782 ], [ 112.665635165282652, 27.847890164496555 ], [ 112.664476450855531, 27.847624546690021 ], [ 112.664176043444755, 27.846637960343376 ], [ 112.665206012223649, 27.845271903321166 ], [ 112.665344170419374, 27.844444898255592 ], [ 112.664898233237608, 27.843218161415624 ], [ 112.664898233237608, 27.84234191175425 ], [ 112.664948520028901, 27.840945942447771 ], [ 112.664776858266308, 27.84018698400234 ], [ 112.66464811261811, 27.839845451247655 ], [ 112.66413312822867, 27.83973160622762 ], [ 112.663789805601809, 27.839465968442031 ], [ 112.662244853331785, 27.839541865585939 ], [ 112.661815700272797, 27.840262879847518 ], [ 112.660828646709945, 27.839655710010771 ], [ 112.660442408867027, 27.839428020247322 ], [ 112.660571155413535, 27.838820845738162 ], [ 112.655721720726476, 27.836126466965396 ], [ 112.655850467272984, 27.837037250072544 ], [ 112.655163822019276, 27.838555205722596 ], [ 112.653833445829591, 27.838972640081209 ], [ 112.653275546224052, 27.83957981374083 ], [ 112.652674731402485, 27.839807503185693 ], [ 112.651172694348517, 27.839124433417513 ], [ 112.649413165998126, 27.84246384340938 ], [ 112.648211536354935, 27.842198212314038 ], [ 112.64743905977079, 27.843829935797277 ], [ 112.648297366787091, 27.843943775722053 ], [ 112.649498996430268, 27.84462681514459 ], [ 112.649885234273185, 27.84538574252683 ], [ 112.649756488624988, 27.847358928232964 ], [ 112.649155673803406, 27.848193726793941 ], [ 112.648597774197896, 27.848345508021122 ], [ 112.648039874592371, 27.849028518929028 ], [ 112.64773946718158, 27.849825360080917 ], [ 112.64795404416023, 27.851039583298508 ], [ 112.64769655196551, 27.851684633331576 ], [ 112.647095737143928, 27.852177904670931 ], [ 112.646108684479401, 27.851912297366578 ], [ 112.645593700089961, 27.852481454965741 ] ] ] } },
{ "type": "Feature", "properties": { "name": "清联学校", "isAssistFeature": false, "sourceFileId": null, "sourceFileName": null, "sourceGroupId": null, "id": null, "sourceFile": null }, "geometry": { "type": "Polygon", "coordinates": [ [ [ 112.746553957093582, 27.894085496156084 ], [ 112.747927835099205, 27.891899818922429 ], [ 112.748358639261696, 27.89130686604441 ], [ 112.74848062329076, 27.891139146589733 ], [ 112.749089911022082, 27.890299969789357 ], [ 112.749720239992357, 27.88917190771404 ], [ 112.749731724054953, 27.88915132379098 ], [ 112.750243381982898, 27.888234235978658 ], [ 112.751143941258604, 27.886812851909816 ], [ 112.75193482611958, 27.885564553755152 ], [ 112.752772871634633, 27.885833911239551 ], [ 112.754320839549109, 27.886333709450899 ], [ 112.755435740444852, 27.886692850327972 ], [ 112.756865464016769, 27.887154305767872 ], [ 112.757609029221825, 27.887399533041098 ], [ 112.759179290626648, 27.886370682867788 ], [ 112.761347927028808, 27.884509460667338 ], [ 112.762481917124333, 27.884649793779616 ], [ 112.763707782415551, 27.884535066815012 ], [ 112.764963326247113, 27.884809050389975 ], [ 112.765698011605608, 27.883923187882274 ], [ 112.767456463774266, 27.883019016653336 ], [ 112.767874700505942, 27.883732880635606 ], [ 112.7684948443775, 27.883070006526694 ], [ 112.769475536969807, 27.882751315652744 ], [ 112.769749553674174, 27.881400056436696 ], [ 112.770672558255583, 27.881361812451679 ], [ 112.771359553852264, 27.880399096433141 ], [ 112.773050692561725, 27.879641299547405 ], [ 112.773087494742285, 27.879639078590976 ], [ 112.773504789141228, 27.878639484765003 ], [ 112.773675703505489, 27.878561523443448 ], [ 112.774521815891816, 27.878180503064442 ], [ 112.77447499839414, 27.877752351314374 ], [ 112.774407836750257, 27.877180825105281 ], [ 112.775066098834273, 27.876590650281102 ], [ 112.775091178898677, 27.876567831830037 ], [ 112.775368741253473, 27.875936484770172 ], [ 112.775786242264928, 27.875589827674233 ], [ 112.777091714460013, 27.875368970999332 ], [ 112.777615305608208, 27.875081703946634 ], [ 112.777885775763821, 27.874193275579064 ], [ 112.777888992630849, 27.874170980722148 ], [ 112.777241736705705, 27.873710036147639 ], [ 112.77720330048966, 27.873681041427314 ], [ 112.776428569134097, 27.873068790681053 ], [ 112.775590424804363, 27.87171304069485 ], [ 112.774267371680835, 27.871131379137793 ], [ 112.773806954555042, 27.870692677502156 ], [ 112.773359712121149, 27.869780067871979 ], [ 112.772180365188603, 27.868430534490496 ], [ 112.772099179944789, 27.868353847551262 ], [ 112.771777917246354, 27.867729817447778 ], [ 112.77154553835372, 27.867267474783503 ], [ 112.771531804011346, 27.867245328593917 ], [ 112.770704889520943, 27.865049544819236 ], [ 112.770509790712595, 27.864532982944613 ], [ 112.770551562373342, 27.863979053978955 ], [ 112.770617658615294, 27.863022602769838 ], [ 112.770624492099657, 27.862893133711939 ], [ 112.771212009160095, 27.862788017023291 ], [ 112.773375602420202, 27.862653787406369 ], [ 112.773413560732564, 27.861814850519647 ], [ 112.772464615500695, 27.861244369568716 ], [ 112.772307104898758, 27.860239983036099 ], [ 112.771629545205826, 27.858861740386338 ], [ 112.771857291486569, 27.858173788710367 ], [ 112.771477713753143, 27.857435493920839 ], [ 112.771617058623406, 27.856131544473573 ], [ 112.766771025856301, 27.855045808477819 ], [ 112.765885434309865, 27.856047646029182 ], [ 112.763626946616398, 27.855024079938609 ], [ 112.762302823599413, 27.854815440310407 ], [ 112.762222652553547, 27.8548398899277 ], [ 112.760628282163125, 27.85532611640955 ], [ 112.758923057869964, 27.855264631256279 ], [ 112.757993092243453, 27.855617007466758 ], [ 112.756987210890586, 27.854207497341555 ], [ 112.760745030810682, 27.853234254600224 ], [ 112.761029714110748, 27.85175759271781 ], [ 112.762680877790075, 27.849861395218596 ], [ 112.763046692435026, 27.849764928979599 ], [ 112.763990421150041, 27.849475439200916 ], [ 112.765831372797734, 27.848502153986697 ], [ 112.765432816357318, 27.847780574156268 ], [ 112.76649555118621, 27.847387624195143 ], [ 112.767520493891084, 27.847008645936278 ], [ 112.765186091369614, 27.84519627310015 ], [ 112.764085315583387, 27.843266397060244 ], [ 112.763534927690245, 27.841923854899225 ], [ 112.761642732545454, 27.839246775393878 ], [ 112.760048505885464, 27.837115402517782 ], [ 112.758523396501744, 27.834566350594667 ], [ 112.75757071427833, 27.833427885700619 ], [ 112.756030613809145, 27.831587426319661 ], [ 112.753927396319256, 27.830371558599541 ], [ 112.750148973538117, 27.828259002148165 ], [ 112.746985973083383, 27.824423002154642 ], [ 112.746216442075024, 27.826202369778986 ], [ 112.745455743302557, 27.827971474415605 ], [ 112.739986974125998, 27.833726001646426 ], [ 112.738357974579657, 27.836699001630507 ], [ 112.738330974815469, 27.839913001990141 ], [ 112.738925568803708, 27.841065621357433 ], [ 112.739793974680467, 27.84274900220824 ], [ 112.740763339517017, 27.843208646299509 ], [ 112.742318512818358, 27.843946060954917 ], [ 112.743819973153919, 27.844658001978356 ], [ 112.745205307374377, 27.846228275228128 ], [ 112.746024973358743, 27.847151002217661 ], [ 112.745544973858003, 27.84849400231473 ], [ 112.742235393501758, 27.849764178395962 ], [ 112.741300555413119, 27.850122954408214 ], [ 112.740623248146761, 27.850382894257148 ], [ 112.734822441878279, 27.852609123985886 ], [ 112.734109608937388, 27.852882691101271 ], [ 112.733538878694674, 27.853101722366141 ], [ 112.731793134094019, 27.853771691298945 ], [ 112.7295409741334, 27.85463600183963 ], [ 112.729178049368713, 27.85667705433055 ], [ 112.728686223547285, 27.859442965868816 ], [ 112.728316481467928, 27.861857521810208 ], [ 112.728386806079939, 27.861896379433865 ], [ 112.731171094777224, 27.863434822153764 ], [ 112.732538546235318, 27.864190391212631 ], [ 112.733809645294343, 27.86489271707481 ], [ 112.735526259326974, 27.865423867427438 ], [ 112.737672026418593, 27.867017302865499 ], [ 112.742306882330382, 27.868610714873217 ], [ 112.743107521997032, 27.869028124064606 ], [ 112.745485720083565, 27.870269775454929 ], [ 112.745654279065164, 27.870355853066847 ], [ 112.746281167487851, 27.871926001880112 ], [ 112.746684247844058, 27.872935571980733 ], [ 112.745997601692025, 27.875591100583176 ], [ 112.743422681541418, 27.876273940613796 ], [ 112.742877562267452, 27.877274727519421 ], [ 112.742719177604741, 27.87756550566893 ], [ 112.742306882330382, 27.87832243329045 ], [ 112.741671793187436, 27.878143941350704 ], [ 112.737414534223873, 27.87695677554591 ], [ 112.737984477542398, 27.878846022719472 ], [ 112.738101179477582, 27.879232862750204 ], [ 112.738253699938113, 27.87989355368774 ], [ 112.738137863978864, 27.880656775291879 ], [ 112.738057336301807, 27.881165114253758 ], [ 112.73815153723578, 27.882322435583951 ], [ 112.738084301930016, 27.883141921287717 ], [ 112.738081662679718, 27.883210803626014 ], [ 112.73804836662373, 27.883590300050997 ], [ 112.738032974889634, 27.883766936125937 ], [ 112.738011985753005, 27.88400961909883 ], [ 112.737242872461252, 27.885378058246815 ], [ 112.734324629683798, 27.886136700301233 ], [ 112.73372381486223, 27.888033281785166 ], [ 112.733981110325871, 27.889265362248402 ], [ 112.733466322667482, 27.89084016112449 ], [ 112.733809645294343, 27.892433222686872 ], [ 112.734895406638898, 27.892896567878172 ], [ 112.736161553285783, 27.892760925015718 ], [ 112.738085042141819, 27.892554861392405 ], [ 112.738177450936774, 27.892544961569705 ], [ 112.738382634232508, 27.892522980133208 ], [ 112.739723434472751, 27.892379339283373 ], [ 112.742294101998837, 27.892103941771275 ], [ 112.742985034911385, 27.892425345852327 ], [ 112.743079541272536, 27.892469307172547 ], [ 112.74379752605158, 27.892803292736108 ], [ 112.745740465230156, 27.89370708770274 ], [ 112.746553957093582, 27.894085496156084 ] ] ] } },
{ "type": "Feature", "properties": { "name": "湖南师范大学附属九华步步高小学", "isAssistFeature": false, "sourceFileId": null, "sourceFileName": null, "sourceGroupId": null, "id": null, "sourceFile": null }, "geometry": { "type": "Polygon", "coordinates": [ [ [ 112.932360796961433, 27.901776746411379 ], [ 112.930593546692904, 27.897775953642274 ], [ 112.930688150072086, 27.897746947105539 ], [ 112.930753153962684, 27.897727016618813 ], [ 112.935693374189, 27.896212280155375 ], [ 112.937531231140568, 27.900204248594729 ], [ 112.942347904269212, 27.898858562126716 ], [ 112.940777999495538, 27.894196525136362 ], [ 112.938121141312919, 27.885550300551557 ], [ 112.93773382908492, 27.885640039884301 ], [ 112.927038977792336, 27.888117981210499 ], [ 112.929548494302068, 27.895554709706857 ], [ 112.924205176651569, 27.896155234828555 ], [ 112.924483332792789, 27.897678962409163 ], [ 112.924696538942285, 27.89882866670235 ], [ 112.925438142226795, 27.89875187584968 ], [ 112.925443506067367, 27.898795048630426 ], [ 112.925887766992815, 27.902404063094714 ], [ 112.929825667686359, 27.902359254767386 ], [ 112.932360796961433, 27.901776746411379 ] ] ] } },
{ "type": "Feature", "properties": { "name": "湖湘学校教育集团湖湘校区", "isAssistFeature": false, "sourceFileId": null, "sourceFileName": null, "sourceGroupId": null, "id": null, "sourceFile": null }, "geometry": { "type": "Polygon", "coordinates": [ [ [ 112.941705231548667, 27.847864204175746 ], [ 112.941833363647518, 27.845847564527642 ], [ 112.942290070731261, 27.839598747698975 ], [ 112.944457913920957, 27.840018513401411 ], [ 112.946868603173016, 27.840601656532531 ], [ 112.946632802597478, 27.836750100677556 ], [ 112.946647177438635, 27.83516536525816 ], [ 112.946663542048171, 27.833264612620564 ], [ 112.946663674998817, 27.833214085481419 ], [ 112.942641789911079, 27.83280245742726 ], [ 112.931602801219654, 27.831669990026377 ], [ 112.93158530832612, 27.831744979857479 ], [ 112.930778559217231, 27.834925314302893 ], [ 112.930222670939642, 27.836872671724684 ], [ 112.930157775745187, 27.837100006210896 ], [ 112.929978177367076, 27.837595180435631 ], [ 112.929713091713268, 27.838326048069757 ], [ 112.929549660315303, 27.838776643409247 ], [ 112.929245700067554, 27.83961468221565 ], [ 112.928645521253202, 27.841509076217054 ], [ 112.928607005087073, 27.841628625030019 ], [ 112.929756067116443, 27.842002409724603 ], [ 112.931066021006444, 27.842428531029935 ], [ 112.931880562102108, 27.842693495920969 ], [ 112.940364207627908, 27.847213804928277 ], [ 112.941209569920986, 27.847784662330522 ], [ 112.941514989032754, 27.847990904842977 ], [ 112.941705231548667, 27.847864204175746 ] ] ] } },
{ "type": "Feature", "properties": { "name": "湖湘学校教育集团青山校区", "isAssistFeature": false, "sourceFileId": null, "sourceFileName": null, "sourceGroupId": null, "id": null, "sourceFile": null }, "geometry": { "type": "Polygon", "coordinates": [ [ [ 112.417522919141561, 27.776036283715158 ], [ 112.412538166731665, 27.778756968884164 ], [ 112.412130751105906, 27.779879546145732 ], [ 112.411748419137822, 27.78140325052901 ], [ 112.413866200115095, 27.782246300387996 ], [ 112.413178390644774, 27.783061836400329 ], [ 112.415604506665218, 27.786988130123714 ], [ 112.420409194471347, 27.788209845492645 ], [ 112.421097613897729, 27.788257573909501 ], [ 112.421582750863564, 27.788099451841958 ], [ 112.422254127452376, 27.788230967527021 ], [ 112.422808360134937, 27.787873562093964 ], [ 112.423579527873756, 27.788160814510142 ], [ 112.424497112918999, 27.787318979545184 ], [ 112.424746333426626, 27.786827905741553 ], [ 112.4252085121487, 27.785795354074892 ], [ 112.425974518167891, 27.784304442108631 ], [ 112.426127719551388, 27.782926459095002 ], [ 112.426302700588934, 27.781672490759263 ], [ 112.426383053992808, 27.781096652232279 ], [ 112.426817124429647, 27.779402358579905 ], [ 112.42679144698559, 27.779062957817555 ], [ 112.426658516086462, 27.778931799030659 ], [ 112.426556601319149, 27.778639320343064 ], [ 112.426422025604793, 27.778182896844822 ], [ 112.426345213359781, 27.777519616189018 ], [ 112.426385780379704, 27.776568476158246 ], [ 112.426527763601911, 27.775509649965425 ], [ 112.425821316784408, 27.773257499321655 ], [ 112.424825509139126, 27.772511959958141 ], [ 112.423778634066579, 27.773054170983269 ], [ 112.42291049409117, 27.773912666180284 ], [ 112.422680692465079, 27.774861522080418 ], [ 112.421838086203294, 27.775358537891307 ], [ 112.421291316724165, 27.775369897354139 ], [ 112.420724975649904, 27.775404625892016 ], [ 112.420298818472389, 27.77552369667022 ], [ 112.419999671397932, 27.775494087552833 ], [ 112.419437934189517, 27.774929296844512 ], [ 112.418901729796417, 27.774477462166647 ], [ 112.418059123534661, 27.774748563516482 ], [ 112.417522919141561, 27.776036283715158 ] ] ] } },
{ "type": "Feature", "properties": { "name": "湘机小学教育集团一完小校区", "isAssistFeature": false, "sourceFileId": null, "sourceFileName": null, "sourceGroupId": null, "id": null, "sourceFile": null }, "geometry": { "type": "Polygon", "coordinates": [ [ [ 112.915534748022026, 27.809137476012193 ], [ 112.917228624796479, 27.809160226017358 ], [ 112.927504961777998, 27.809298243566641 ], [ 112.927611360036877, 27.805716671841378 ], [ 112.927680141343231, 27.805625022904767 ], [ 112.928118977342692, 27.805040284643461 ], [ 112.93228995941142, 27.799975426789867 ], [ 112.932425150471772, 27.799066130246814 ], [ 112.927356690348773, 27.798334712244472 ], [ 112.926461864121208, 27.798279524150015 ], [ 112.921909736758892, 27.797998771668428 ], [ 112.918546079619148, 27.797384476622184 ], [ 112.916129939389933, 27.797102993925574 ], [ 112.91580322391772, 27.797064930796875 ], [ 112.912567340449044, 27.797064930796875 ], [ 112.903609052076575, 27.799595934935116 ], [ 112.898976629700911, 27.801132587147045 ], [ 112.895198602178496, 27.803507365133814 ], [ 112.895362477344193, 27.803607746990313 ], [ 112.895582817015395, 27.803746524879351 ], [ 112.896337670450308, 27.803985208925607 ], [ 112.90114141143215, 27.808285664780019 ], [ 112.902422276076649, 27.808527977985964 ], [ 112.903605828921371, 27.80848997289004 ], [ 112.905151967865862, 27.807983460812437 ], [ 112.906239992066659, 27.807156153335686 ], [ 112.90740321513816, 27.805925418591041 ], [ 112.909953002223773, 27.804194539061367 ], [ 112.910451100082497, 27.805631695883765 ], [ 112.911393997855839, 27.806407593364817 ], [ 112.911940095395181, 27.806671993040904 ], [ 112.911485394249496, 27.80756158716504 ], [ 112.910822424095088, 27.807712151515329 ], [ 112.909738379431005, 27.810802641119903 ], [ 112.91073688202215, 27.81112809376134 ], [ 112.914232419930443, 27.811276721616945 ], [ 112.914677878310158, 27.809711646005489 ], [ 112.915534748022026, 27.809137476012193 ] ] ] } },
{ "type": "Feature", "properties": { "name": "湘机小学教育集团一完小校区", "isAssistFeature": false, "sourceFileId": null, "sourceFileName": null, "sourceGroupId": null, "id": null, "sourceFile": null }, "geometry": { "type": "Polygon", "coordinates": [ [ [ 112.933994662681684, 27.804783343857583 ], [ 112.93365823372632, 27.804761421701333 ], [ 112.933528909563051, 27.804797813479453 ], [ 112.933479336034083, 27.804792465043395 ], [ 112.933381818520104, 27.804781943776558 ], [ 112.93315476394217, 27.804755165038156 ], [ 112.932998891867328, 27.804861290678751 ], [ 112.933064847972119, 27.805294233970347 ], [ 112.933083435911982, 27.805713554661619 ], [ 112.934367585695469, 27.805812733059607 ], [ 112.934416103703967, 27.805656022297526 ], [ 112.934486909812989, 27.805379640861432 ], [ 112.934573446320911, 27.805192606158382 ], [ 112.934551812193945, 27.804871121433131 ], [ 112.934548469562742, 27.804821444012667 ], [ 112.933994662681684, 27.804783343857583 ] ] ] } },
{ "type": "Feature", "properties": { "name": "湘机小学教育集团湘机校区", "isAssistFeature": false, "sourceFileId": null, "sourceFileName": null, "sourceGroupId": null, "id": null, "sourceFile": null }, "geometry": { "type": "Polygon", "coordinates": [ [ [ 112.917228624796479, 27.809160226017358 ], [ 112.915534748022026, 27.809137476012193 ], [ 112.914677878310158, 27.809711646005489 ], [ 112.914232419930443, 27.811276721616945 ], [ 112.913469850865553, 27.813955877467759 ], [ 112.913409776030917, 27.814161342870367 ], [ 112.91340431247734, 27.814321668382252 ], [ 112.913406046225845, 27.814385815364741 ], [ 112.914270261461766, 27.814481132390551 ], [ 112.916081804063737, 27.814554239150702 ], [ 112.916794274983559, 27.814581716245428 ], [ 112.91683747766055, 27.814584734649486 ], [ 112.916788671292835, 27.815827948486366 ], [ 112.916603206915894, 27.816130116327596 ], [ 112.918792078768092, 27.817305676196046 ], [ 112.917897566052602, 27.81905045383056 ], [ 112.918132626416352, 27.819042678919203 ], [ 112.926674057869434, 27.818760173411125 ], [ 112.926912108724764, 27.818704029585533 ], [ 112.927453030171392, 27.818576454142196 ], [ 112.927540456909796, 27.816507700009797 ], [ 112.927534878371901, 27.815215500602779 ], [ 112.927599481613854, 27.812562590904086 ], [ 112.927599481613854, 27.810619165030321 ], [ 112.927504961777998, 27.809298243566641 ], [ 112.917228624796479, 27.809160226017358 ] ] ] } },
{ "type": "Feature", "properties": { "name": "湘潭大学附属实验学校", "isAssistFeature": false, "sourceFileId": null, "sourceFileName": null, "sourceGroupId": null, "id": null, "sourceFile": null }, "geometry": { "type": "Polygon", "coordinates": [ [ [ 112.872282103173504, 27.919509315326167 ], [ 112.872777372237422, 27.918881988300917 ], [ 112.873722045081735, 27.919186919328329 ], [ 112.88717769682188, 27.904429429810875 ], [ 112.887389957045414, 27.904191123174485 ], [ 112.88745828021095, 27.904118056201973 ], [ 112.88803582417512, 27.90357513431961 ], [ 112.888607275764997, 27.90301523580764 ], [ 112.889267118883907, 27.902371348778264 ], [ 112.891032224873882, 27.903492303068472 ], [ 112.893539913312011, 27.900339824174257 ], [ 112.894237035616925, 27.900009616220633 ], [ 112.895589482514822, 27.899365330231738 ], [ 112.89579470803136, 27.899889298211484 ], [ 112.899087586011561, 27.898844964854188 ], [ 112.899505695182441, 27.897503293795431 ], [ 112.901295645878236, 27.896652217767691 ], [ 112.901235145242154, 27.896633383489597 ], [ 112.893936579697083, 27.894361232403398 ], [ 112.895781275522907, 27.892636060705946 ], [ 112.889954220481826, 27.891049904867753 ], [ 112.886446075616831, 27.88919536186885 ], [ 112.887756033998414, 27.886963741387376 ], [ 112.888492368663776, 27.885709316047961 ], [ 112.8887176293061, 27.885325557669415 ], [ 112.889311720237771, 27.885061914202694 ], [ 112.892500994617933, 27.883646576241411 ], [ 112.893597248285033, 27.883068314460829 ], [ 112.89288793224847, 27.883036546335653 ], [ 112.889112261007043, 27.882649923956215 ], [ 112.887934343294106, 27.88251556252218 ], [ 112.886506616677082, 27.882352225990878 ], [ 112.886476793507967, 27.882370857894006 ], [ 112.883963937960331, 27.883882284032723 ], [ 112.883167976719662, 27.884165341690139 ], [ 112.882913454355275, 27.886018074770757 ], [ 112.882164191136354, 27.88610465438153 ], [ 112.881840026879573, 27.886688558769887 ], [ 112.881027402788703, 27.886433084114937 ], [ 112.880854661251135, 27.886378887270951 ], [ 112.880389673497177, 27.886877515791966 ], [ 112.877061196180549, 27.890465651628979 ], [ 112.876388992243335, 27.891195436323812 ], [ 112.875155103200001, 27.890828667652332 ], [ 112.871817930191469, 27.889836699233175 ], [ 112.870646052750487, 27.89133955909266 ], [ 112.87011755949581, 27.891258324666108 ], [ 112.86848870367993, 27.890361082539034 ], [ 112.866992552387714, 27.889532062612833 ], [ 112.86468959898599, 27.888222356352365 ], [ 112.864512365872017, 27.887865542173103 ], [ 112.864698602800061, 27.887115758921134 ], [ 112.864867718737145, 27.886434896816208 ], [ 112.867252591306269, 27.886889652820638 ], [ 112.868495876727465, 27.883528240976652 ], [ 112.8615489719717, 27.881396919198078 ], [ 112.860986284345742, 27.881014111882774 ], [ 112.860557686445588, 27.880722526716976 ], [ 112.860359112055392, 27.880597381725149 ], [ 112.860080322601931, 27.879962303104165 ], [ 112.858940479982294, 27.877661826468515 ], [ 112.858360807010925, 27.876559383697543 ], [ 112.859444263278462, 27.87596551144394 ], [ 112.861823077609316, 27.874647076881409 ], [ 112.862138892025555, 27.873581616151323 ], [ 112.862069595086183, 27.873581398569581 ], [ 112.861856526378901, 27.873580691826014 ], [ 112.858353623183604, 27.87383744273027 ], [ 112.857228023352818, 27.873919945684513 ], [ 112.855699106010618, 27.873694690299995 ], [ 112.854449436262655, 27.873390902420464 ], [ 112.854000309163325, 27.873281721407981 ], [ 112.85281115172954, 27.873431892024094 ], [ 112.852471392719409, 27.874483081302589 ], [ 112.851112354882275, 27.874483081302589 ], [ 112.85026295645865, 27.873281721407981 ], [ 112.841390056547226, 27.87284415689474 ], [ 112.841389541812546, 27.872904776831042 ], [ 112.841380462539988, 27.873973454727974 ], [ 112.841061937906545, 27.875118494595696 ], [ 112.843150747317566, 27.875579671400981 ], [ 112.843181819144917, 27.875563777903437 ], [ 112.843758778305812, 27.875268662665682 ], [ 112.844956119391853, 27.876874231230708 ], [ 112.845054111216299, 27.878647392776656 ], [ 112.845875331286081, 27.87847346641227 ], [ 112.845901944774695, 27.878467830188107 ], [ 112.847666011413878, 27.882551571704585 ], [ 112.847183698751323, 27.883293905279984 ], [ 112.847814655643973, 27.883658982011028 ], [ 112.847639132922268, 27.886496955018703 ], [ 112.847228433954172, 27.887195016234848 ], [ 112.847062002183165, 27.888257421175243 ], [ 112.846546096122211, 27.889547785737395 ], [ 112.847363078838825, 27.890307009138922 ], [ 112.847636557452347, 27.893121194212359 ], [ 112.847660368197282, 27.893366216627953 ], [ 112.848530505127542, 27.893861281498726 ], [ 112.84909577091841, 27.893602487604277 ], [ 112.849767143015669, 27.893680084790553 ], [ 112.850379467951001, 27.892982353594206 ], [ 112.850396930301798, 27.892953161575925 ], [ 112.850486655828988, 27.891647203710381 ], [ 112.850506312764054, 27.891619854911028 ], [ 112.850843663390904, 27.891150908389125 ], [ 112.850867375321144, 27.891076645633422 ], [ 112.850935101107055, 27.890868165143761 ], [ 112.850935101107055, 27.890216873512525 ], [ 112.850935101107055, 27.889966113859799 ], [ 112.850957759313445, 27.890003554480639 ], [ 112.851661892070823, 27.891039007686224 ], [ 112.852628369722069, 27.891729207193176 ], [ 112.852783006613393, 27.892050387696621 ], [ 112.853111841211359, 27.892512275237141 ], [ 112.853145489406927, 27.892559569544179 ], [ 112.85371329204014, 27.892493289387165 ], [ 112.854270388551811, 27.892779471762655 ], [ 112.854849403058083, 27.8929249683415 ], [ 112.855179898640998, 27.892927919461311 ], [ 112.855411387303192, 27.892929986118478 ], [ 112.855435556475896, 27.892948460586837 ], [ 112.855538899564522, 27.893027454802336 ], [ 112.855621421501453, 27.893090533422448 ], [ 112.855962018639744, 27.893677534634268 ], [ 112.85598821171682, 27.893806114996057 ], [ 112.855997170615126, 27.893836770819604 ], [ 112.856248533604685, 27.895098645967575 ], [ 112.85604869618318, 27.895437822889697 ], [ 112.85602412726017, 27.895469672326968 ], [ 112.855859570273168, 27.895746638817407 ], [ 112.855750559713456, 27.895764012416322 ], [ 112.855550364762479, 27.895797877548397 ], [ 112.855313337088234, 27.895910436263417 ], [ 112.85490076692939, 27.896104624264403 ], [ 112.854562513495694, 27.896945719434495 ], [ 112.854512295874684, 27.897367348665384 ], [ 112.854435103642302, 27.898015447813229 ], [ 112.854434701197064, 27.899230942702218 ], [ 112.85443623012965, 27.899253654757409 ], [ 112.854820602171756, 27.900064695407913 ], [ 112.854724002735992, 27.900968503569615 ], [ 112.854650182779224, 27.901772837311061 ], [ 112.854647452799043, 27.901806330611528 ], [ 112.856952445376479, 27.905487200126949 ], [ 112.857853931713564, 27.906926759444062 ], [ 112.858169247564803, 27.908120355368542 ], [ 112.857896402263563, 27.909309955468853 ], [ 112.858299866200355, 27.909779082090793 ], [ 112.858533450632123, 27.911786921455903 ], [ 112.860330945379673, 27.912796799363061 ], [ 112.860267600677403, 27.913701725199417 ], [ 112.860383732182385, 27.914224152843449 ], [ 112.86127055442077, 27.914718591237133 ], [ 112.861312828239704, 27.915486522895293 ], [ 112.861834284990792, 27.916064607502026 ], [ 112.862209412470293, 27.915988745702492 ], [ 112.862570907117032, 27.916499830308716 ], [ 112.863573940810468, 27.916877987593416 ], [ 112.863912314618403, 27.917002637391256 ], [ 112.865860504449813, 27.917713648254374 ], [ 112.866438895525278, 27.918576088815453 ], [ 112.867631825883223, 27.918384435951879 ], [ 112.869005504462862, 27.919725999656794 ], [ 112.869656193749023, 27.919885708683015 ], [ 112.869879218484641, 27.920340473340168 ], [ 112.870074462820057, 27.920738591069057 ], [ 112.870126136610153, 27.920843957092384 ], [ 112.871608262505816, 27.921418901585227 ], [ 112.872222512530826, 27.920858278672185 ], [ 112.872477007945747, 27.920626001829174 ], [ 112.872340803585743, 27.920528380207728 ], [ 112.871789508394201, 27.920133250976455 ], [ 112.872282103173504, 27.919509315326167 ] ] ] } },
{ "type": "Feature", "properties": { "name": "湘潭市和平小学", "isAssistFeature": false, "sourceFileId": "file_1777361714380_37_g1", "sourceFileName": "湘潭市和平小学.geojson", "sourceGroupId": 1.0, "id": "imported_1777361714380_37_0_g1", "sourceFile": "湘潭市和平小学.geojson" }, "geometry": { "type": "Polygon", "coordinates": [ [ [ 112.906152197018983, 27.86787334487245 ], [ 112.907060908505883, 27.866912360123578 ], [ 112.909355026078472, 27.864407052090669 ], [ 112.909575496903713, 27.864165083625821 ], [ 112.909722618489383, 27.86354059578575 ], [ 112.910197761697631, 27.863543754189834 ], [ 112.912292972503394, 27.864009815133898 ], [ 112.914699084839071, 27.863352548672211 ], [ 112.915401994091042, 27.862432369088253 ], [ 112.914053407253874, 27.861821151544703 ], [ 112.913266231536738, 27.861464379845273 ], [ 112.910506305149966, 27.860484206232869 ], [ 112.910825596944562, 27.859333477807979 ], [ 112.906958859760095, 27.857220299796396 ], [ 112.904695403847256, 27.856230140563014 ], [ 112.901438622637144, 27.862562224665439 ], [ 112.900026764759616, 27.866534013162365 ], [ 112.900920718723071, 27.866739604546424 ], [ 112.903325329075571, 27.867304419766867 ], [ 112.903446638469859, 27.867338504246604 ], [ 112.903893587154599, 27.867465781729948 ], [ 112.905210365545869, 27.867840247671964 ], [ 112.905202950851489, 27.867804259805467 ], [ 112.906038429879843, 27.867929295691894 ], [ 112.906093617879321, 27.867935488359038 ], [ 112.906152197018983, 27.86787334487245 ] ] ] } },
{ "type": "Feature", "properties": { "name": "湘纺小学教育集团纺小校区", "isAssistFeature": false, "sourceFileId": null, "sourceFileName": null, "sourceGroupId": null, "id": null, "sourceFile": null }, "geometry": { "type": "Polygon", "coordinates": [ [ [ 112.956895738511562, 27.869268287741459 ], [ 112.957728821732985, 27.869707186527886 ], [ 112.958019664780949, 27.869586642665634 ], [ 112.958240662917277, 27.86949541375543 ], [ 112.958268234009964, 27.869256113796546 ], [ 112.958300825786793, 27.86905418255407 ], [ 112.957572783469843, 27.8681342896225 ], [ 112.957253468318939, 27.867586742491554 ], [ 112.95655103247914, 27.866413661130114 ], [ 112.9563882128339, 27.865870853530442 ], [ 112.954820881733511, 27.860645552142547 ], [ 112.95403024390923, 27.858013798805633 ], [ 112.953934920081167, 27.858023955136964 ], [ 112.950733270509659, 27.858370143461002 ], [ 112.948334715700469, 27.858730963071711 ], [ 112.944954797257452, 27.859328599777303 ], [ 112.944843974795802, 27.859370730403576 ], [ 112.941919133892554, 27.86048263770779 ], [ 112.940637201151176, 27.861454068970655 ], [ 112.939156679646587, 27.862575977387223 ], [ 112.938312511214548, 27.863695428952585 ], [ 112.941868627014003, 27.865490271362468 ], [ 112.94430388339245, 27.866879219745879 ], [ 112.948598316439117, 27.869795951894456 ], [ 112.949929729284648, 27.871055319076561 ], [ 112.951277725030337, 27.872321286499794 ], [ 112.953297568980346, 27.8717414165381 ], [ 112.953380680212135, 27.871662647408783 ], [ 112.9537032257048, 27.871338775547091 ], [ 112.955886541476957, 27.870819488077068 ], [ 112.955910755565455, 27.870812564195557 ], [ 112.956204704089345, 27.870335459332107 ], [ 112.956895738511562, 27.869268287741459 ] ] ] } },
{ "type": "Feature", "properties": { "name": "湘钢一校教育集团葩金校区", "isAssistFeature": false, "sourceFileId": null, "sourceFileName": null, "sourceGroupId": null, "id": null, "sourceFile": null }, "geometry": { "type": "Polygon", "coordinates": [ [ [ 112.920428551399297, 27.827845354133885 ], [ 112.922964118153942, 27.824703856357388 ], [ 112.923693627419766, 27.823804635572394 ], [ 112.923736478855446, 27.823749633609275 ], [ 112.923796890558307, 27.823672062616726 ], [ 112.923684058565343, 27.82362107499198 ], [ 112.923622139489453, 27.823593095702474 ], [ 112.919791191315326, 27.821865379275216 ], [ 112.919386034054199, 27.82168444989173 ], [ 112.918936918632937, 27.822384567510426 ], [ 112.918803838613499, 27.822508937568038 ], [ 112.918744755518944, 27.822568938154994 ], [ 112.918330029403421, 27.823032060089943 ], [ 112.91795322746421, 27.823693393850728 ], [ 112.917941290650745, 27.823722082566345 ], [ 112.917724516392894, 27.82461732541697 ], [ 112.917686859016172, 27.82475418884551 ], [ 112.917346261877881, 27.825880014566025 ], [ 112.917321777396481, 27.826096297563325 ], [ 112.917257650261618, 27.82624265110433 ], [ 112.916850926338654, 27.827510063308452 ], [ 112.916783378419183, 27.828270194019314 ], [ 112.916322467219928, 27.829522143857311 ], [ 112.918529118528255, 27.830568634167168 ], [ 112.920428551399297, 27.827845354133885 ] ] ] } },
{ "type": "Feature", "properties": { "name": "湘钢一校教育集团钢一校区", "isAssistFeature": false, "sourceFileId": null, "sourceFileName": null, "sourceGroupId": null, "id": null, "sourceFile": null }, "geometry": { "type": "Polygon", "coordinates": [ [ [ 112.91667410555138, 27.820382948305667 ], [ 112.915815309851567, 27.821232146961997 ], [ 112.915755023014526, 27.821280239840231 ], [ 112.914795412085297, 27.821887070760248 ], [ 112.914315440432361, 27.822204087867803 ], [ 112.914173052968266, 27.822298287362667 ], [ 112.91277969948726, 27.823246059914734 ], [ 112.912874738549377, 27.823328463923893 ], [ 112.913019976367877, 27.823466035253151 ], [ 112.914280262405867, 27.824742605741633 ], [ 112.913980321220706, 27.825083655338151 ], [ 112.914044021655812, 27.825558123940922 ], [ 112.913991033630452, 27.825917328766366 ], [ 112.913862899734966, 27.826133900071557 ], [ 112.913476849639906, 27.82641942353462 ], [ 112.91352684627536, 27.827006086007337 ], [ 112.913409573011648, 27.827605308436553 ], [ 112.913474724225978, 27.827951013126629 ], [ 112.913422603074849, 27.828177640991573 ], [ 112.913107783991947, 27.828460678885776 ], [ 112.915672844234024, 27.829214063884177 ], [ 112.916322467219928, 27.829522143857311 ], [ 112.916783378419183, 27.828270194019314 ], [ 112.916850926338654, 27.827510063308452 ], [ 112.917257650261618, 27.82624265110433 ], [ 112.917321777396481, 27.826096297563325 ], [ 112.917346261877881, 27.825880014566025 ], [ 112.917686859016172, 27.82475418884551 ], [ 112.917724516392894, 27.82461732541697 ], [ 112.917941290650745, 27.823722082566345 ], [ 112.91795322746421, 27.823693393850728 ], [ 112.918330029403421, 27.823032060089943 ], [ 112.918744755518944, 27.822568938154994 ], [ 112.918803838613499, 27.822508937568038 ], [ 112.918936918632937, 27.822384567510426 ], [ 112.919386034054199, 27.82168444989173 ], [ 112.917639745074467, 27.820850777326115 ], [ 112.916703556817993, 27.820397216434142 ], [ 112.91667410555138, 27.820382948305667 ] ] ] } },
{ "type": "Feature", "properties": { "name": "湘钢一校教育集团钢一校区", "isAssistFeature": false, "sourceFileId": null, "sourceFileName": null, "sourceGroupId": null, "id": null, "sourceFile": null }, "geometry": { "type": "Polygon", "coordinates": [ [ [ 112.922964118153942, 27.824703856357388 ], [ 112.920428551399297, 27.827845354133885 ], [ 112.920496095725511, 27.827881315541077 ], [ 112.920531598043837, 27.82790021738009 ], [ 112.926591283505886, 27.831126450030403 ], [ 112.926744701383328, 27.831171065388538 ], [ 112.926769530817822, 27.831107409732379 ], [ 112.927260104387713, 27.829554819797224 ], [ 112.927319312348104, 27.829368040426637 ], [ 112.925294913041256, 27.82708622222972 ], [ 112.925260108713914, 27.82704874477761 ], [ 112.924138077889737, 27.825895723886457 ], [ 112.922964118153942, 27.824703856357388 ] ] ] } },
{ "type": "Feature", "properties": { "name": "湘钢三校教育集团东坪校区", "isAssistFeature": false, "sourceFileId": null, "sourceFileName": null, "sourceGroupId": null, "id": null, "sourceFile": null }, "geometry": { "type": "Polygon", "coordinates": [ [ [ 112.913251429995796, 27.838135232592602 ], [ 112.909121175745383, 27.837136796247346 ], [ 112.908681088392754, 27.83702274979461 ], [ 112.908487330769148, 27.83697456539047 ], [ 112.908679890938501, 27.834986641784845 ], [ 112.908818545902591, 27.83360975354076 ], [ 112.909145024219569, 27.832715235465784 ], [ 112.908964683832991, 27.830443536131202 ], [ 112.907964372034897, 27.830120583405101 ], [ 112.907430228377066, 27.829948133845598 ], [ 112.906668790291093, 27.829246109148446 ], [ 112.906285475566122, 27.828892702697544 ], [ 112.904990015993192, 27.827346085402517 ], [ 112.904824089075376, 27.827147987902496 ], [ 112.904297997017437, 27.826824331827616 ], [ 112.904263890681065, 27.826803349172003 ], [ 112.902997355961972, 27.826781809612225 ], [ 112.902510227431165, 27.826458710141733 ], [ 112.901535969471254, 27.826458710141733 ], [ 112.900147651945716, 27.826760269253761 ], [ 112.899806662243648, 27.827147987902496 ], [ 112.89962984594797, 27.82905059300931 ], [ 112.899311077871076, 27.829571887832078 ], [ 112.899051612077699, 27.829991211704193 ], [ 112.897882503244446, 27.830077368958921 ], [ 112.895812205416448, 27.829495807353965 ], [ 112.894034185245943, 27.831865114574285 ], [ 112.886006870409773, 27.830854319939665 ], [ 112.885331879898573, 27.830939510511193 ], [ 112.885054132490794, 27.830967784220597 ], [ 112.886953789042352, 27.838330900767133 ], [ 112.887788477553215, 27.840279437821881 ], [ 112.888973734502002, 27.842316506925883 ], [ 112.891077148722928, 27.844309255888479 ], [ 112.892779913428825, 27.845932949050045 ], [ 112.895217202694752, 27.847645182188774 ], [ 112.896686254509802, 27.848663651961164 ], [ 112.897324772522197, 27.84891861758916 ], [ 112.897721268227343, 27.849076941821021 ], [ 112.898874758951052, 27.849511085262446 ], [ 112.90019194517744, 27.85000683745265 ], [ 112.90167187379393, 27.85043017915897 ], [ 112.903597473690894, 27.850981005881302 ], [ 112.90606922143283, 27.85189864257352 ], [ 112.90696511665557, 27.852259222414112 ], [ 112.906989673002158, 27.852216232822194 ], [ 112.90930531420895, 27.848162329698305 ], [ 112.913160776508903, 27.838352657275898 ], [ 112.913251429995796, 27.838135232592602 ] ] ] } },
{ "type": "Feature", "properties": { "name": "湘钢三校教育集团霞光校区", "isAssistFeature": false, "sourceFileId": null, "sourceFileName": null, "sourceGroupId": null, "id": null, "sourceFile": null }, "geometry": { "type": "Polygon", "coordinates": [ [ [ 112.918529118528255, 27.830568634167168 ], [ 112.916322467219928, 27.829522143857311 ], [ 112.915672844234024, 27.829214063884177 ], [ 112.913107783991947, 27.828460678885776 ], [ 112.913422603074849, 27.828177640991573 ], [ 112.913474724225978, 27.827951013126629 ], [ 112.913409573011648, 27.827605308436553 ], [ 112.91352684627536, 27.827006086007337 ], [ 112.913476849639906, 27.82641942353462 ], [ 112.913862899734966, 27.826133900071557 ], [ 112.913991033630452, 27.825917328766366 ], [ 112.914044021655812, 27.825558123940922 ], [ 112.913980321220706, 27.825083655338151 ], [ 112.914280262405867, 27.824742605741633 ], [ 112.913019976367877, 27.823466035253151 ], [ 112.912874738549377, 27.823328463923893 ], [ 112.91277969948726, 27.823246059914734 ], [ 112.911303984867757, 27.822096146327553 ], [ 112.908501483726411, 27.82155372944603 ], [ 112.905894902453639, 27.821485927343936 ], [ 112.905901010099242, 27.823265581447096 ], [ 112.905450820292913, 27.823874505789465 ], [ 112.904722571363465, 27.823933055736735 ], [ 112.904365067931522, 27.824296066611627 ], [ 112.904232658953589, 27.825818357010522 ], [ 112.904263890681065, 27.826803349172003 ], [ 112.904297997017437, 27.826824331827616 ], [ 112.904824089075376, 27.827147987902496 ], [ 112.904990015993192, 27.827346085402517 ], [ 112.906285475566122, 27.828892702697544 ], [ 112.906668790291093, 27.829246109148446 ], [ 112.907430228377066, 27.829948133845598 ], [ 112.907964372034897, 27.830120583405101 ], [ 112.908964683832991, 27.830443536131202 ], [ 112.909145024219569, 27.832715235465784 ], [ 112.908818545902591, 27.83360975354076 ], [ 112.908679890938501, 27.834986641784845 ], [ 112.908487330769148, 27.83697456539047 ], [ 112.908681088392754, 27.83702274979461 ], [ 112.909121175745383, 27.837136796247346 ], [ 112.913251429995796, 27.838135232592602 ], [ 112.918529118528255, 27.830568634167168 ] ] ] } },
{ "type": "Feature", "properties": { "name": "湘钢二校", "isAssistFeature": false, "sourceFileId": null, "sourceFileName": null, "sourceGroupId": null, "id": null, "sourceFile": null }, "geometry": { "type": "Polygon", "coordinates": [ [ [ 112.915815309851567, 27.821232146961997 ], [ 112.91667410555138, 27.820382948305667 ], [ 112.916703556817993, 27.820397216434142 ], [ 112.917639745074467, 27.820850777326115 ], [ 112.919386034054199, 27.82168444989173 ], [ 112.919791191315326, 27.821865379275216 ], [ 112.921499739375008, 27.822615455807156 ], [ 112.923697315902302, 27.822211325490965 ], [ 112.924555622918632, 27.822211325490965 ], [ 112.924664164557754, 27.822163328361604 ], [ 112.924748843349732, 27.822125883372188 ], [ 112.925070606409776, 27.821983599127073 ], [ 112.92567144458755, 27.821210104981546 ], [ 112.927511456597472, 27.818866710423428 ], [ 112.927515222335145, 27.818560367171152 ], [ 112.927540456909796, 27.816507700009797 ], [ 112.927503498422396, 27.816504068295988 ], [ 112.925328098604496, 27.816290287975498 ], [ 112.924598538134717, 27.815910722808379 ], [ 112.924598538134717, 27.814885891343046 ], [ 112.921079479637299, 27.814772020936367 ], [ 112.918792078768092, 27.817305676196046 ], [ 112.916603206915894, 27.816130116327596 ], [ 112.916788671292835, 27.815827948486366 ], [ 112.91683747766055, 27.814584734649486 ], [ 112.916794274983559, 27.814581716245428 ], [ 112.916081804063737, 27.814554239150702 ], [ 112.914270261461766, 27.814481132390551 ], [ 112.913406046225845, 27.814385815364741 ], [ 112.91340431247734, 27.814321668382252 ], [ 112.913409776030917, 27.814161342870367 ], [ 112.913469850865553, 27.813955877467759 ], [ 112.914232419930443, 27.811276721616945 ], [ 112.91073688202215, 27.81112809376134 ], [ 112.91073688202215, 27.812190918416441 ], [ 112.910221897632709, 27.812760284375873 ], [ 112.909578167595043, 27.813063944947523 ], [ 112.908505284498389, 27.814468365140353 ], [ 112.907561146151636, 27.815075675883357 ], [ 112.907303654855212, 27.816176418246865 ], [ 112.908119045757147, 27.818909247656425 ], [ 112.908119045757147, 27.819820176038913 ], [ 112.907604062266003, 27.820693141238944 ], [ 112.907131993092648, 27.821224508062485 ], [ 112.905894902453639, 27.821485927343936 ], [ 112.908501483726411, 27.82155372944603 ], [ 112.911303984867757, 27.822096146327553 ], [ 112.91277969948726, 27.823246059914734 ], [ 112.914173052968266, 27.822298287362667 ], [ 112.914315440432361, 27.822204087867803 ], [ 112.914795412085297, 27.821887070760248 ], [ 112.915755023014526, 27.821280239840231 ], [ 112.915815309851567, 27.821232146961997 ] ] ] } },
{ "type": "Feature", "properties": { "name": "湘锰小学", "isAssistFeature": false, "sourceFileId": null, "sourceFileName": null, "sourceGroupId": null, "id": null, "sourceFile": null }, "geometry": { "type": "Polygon", "coordinates": [ [ [ 112.876130714921047, 27.997038644465942 ], [ 112.876879970055128, 27.996407003127128 ], [ 112.877630619374543, 27.996421482048618 ], [ 112.879042388318894, 27.996484305982264 ], [ 112.880680970194319, 27.996819002798343 ], [ 112.881939969844808, 27.997461003085597 ], [ 112.882919969836024, 27.998723003006162 ], [ 112.883874969712892, 27.999314003005793 ], [ 112.884968969506929, 27.999526002959303 ], [ 112.886269969888502, 27.9993930027454 ], [ 112.886633748951027, 27.999160859942041 ], [ 112.887380969400994, 27.99886200281982 ], [ 112.88791781878443, 27.997910793001004 ], [ 112.888179969642238, 27.997245003000732 ], [ 112.888082443145123, 27.996137416739558 ], [ 112.888083969382748, 27.995662003120806 ], [ 112.887358096497223, 27.994015140932682 ], [ 112.886604878894417, 27.992442695805746 ], [ 112.886400969409763, 27.992017002637219 ], [ 112.885425595742262, 27.990422459750651 ], [ 112.885176969919399, 27.990016002578997 ], [ 112.883874969712892, 27.988523002603486 ], [ 112.881349798262704, 27.986231009922111 ], [ 112.878372970057342, 27.982661002635211 ], [ 112.878264103228062, 27.981981505454485 ], [ 112.878266426271395, 27.981955085457798 ], [ 112.879153746176442, 27.979335397680369 ], [ 112.879779669808528, 27.978261980783774 ], [ 112.880277457748491, 27.977786890555109 ], [ 112.880304930924808, 27.977767183473539 ], [ 112.880563644828356, 27.977523473351717 ], [ 112.880865853361286, 27.977462470170423 ], [ 112.881967929908029, 27.977240005607435 ], [ 112.882392918377391, 27.977154217739468 ], [ 112.883900969652146, 27.977914003167534 ], [ 112.885202969858668, 27.979178002605817 ], [ 112.886113969354597, 27.98066500288429 ], [ 112.886990969413645, 27.981416003146013 ], [ 112.889064970097209, 27.982416002568623 ], [ 112.893065969354637, 27.982267002680132 ], [ 112.89350911367417, 27.982108807480959 ], [ 112.894869969701475, 27.981623003221959 ], [ 112.893127118574341, 27.979436287769822 ], [ 112.89234780042095, 27.978480490900491 ], [ 112.892270271320356, 27.978385404671457 ], [ 112.886680116392739, 27.971529091234274 ], [ 112.886268411311505, 27.971025026528203 ], [ 112.881712052884197, 27.964836017605247 ], [ 112.881094946216592, 27.963997759515845 ], [ 112.88104449413531, 27.964051398555103 ], [ 112.88054729459185, 27.964580000006535 ], [ 112.881082104799631, 27.965672337211 ], [ 112.878642032552946, 27.967089407888484 ], [ 112.877940094379809, 27.969628278621386 ], [ 112.877080218006682, 27.969872589719682 ], [ 112.876083526419194, 27.970155772164112 ], [ 112.875650736979921, 27.970091963372653 ], [ 112.875677622658046, 27.970316603854098 ], [ 112.875306213305549, 27.973221931084009 ], [ 112.868992255210742, 27.973128211944061 ], [ 112.867559676792879, 27.970832071153115 ], [ 112.860396782906847, 27.968207849504211 ], [ 112.85938867193542, 27.966708266187194 ], [ 112.860043916578391, 27.962892254916138 ], [ 112.860343724812878, 27.96202193212261 ], [ 112.85928255484923, 27.957101063261973 ], [ 112.85339306420093, 27.95686673065341 ], [ 112.853834110055971, 27.955016182488535 ], [ 112.854666467438676, 27.952179970080142 ], [ 112.854576606265852, 27.944835704381056 ], [ 112.8548418985322, 27.943007688603615 ], [ 112.855622268612791, 27.940775355403119 ], [ 112.855956126589788, 27.93982030417251 ], [ 112.856115301769947, 27.938273451421576 ], [ 112.85261344241701, 27.938695322694432 ], [ 112.844895713977195, 27.933135578213342 ], [ 112.844866016572212, 27.933124975749752 ], [ 112.843172138899448, 27.932844759695961 ], [ 112.83864558657325, 27.932082639529419 ], [ 112.835396426902975, 27.931206353189488 ], [ 112.834767971818422, 27.930966027722512 ], [ 112.834369302190254, 27.931389949003293 ], [ 112.833137423576545, 27.932699846975023 ], [ 112.832154641502882, 27.934317003130111 ], [ 112.832056233758451, 27.935403774361355 ], [ 112.830998346238815, 27.9362731831589 ], [ 112.828629893076496, 27.936970964462486 ], [ 112.828447913264554, 27.938538485785049 ], [ 112.82562722483199, 27.938538485785049 ], [ 112.825556196839088, 27.938598328477728 ], [ 112.824085175916935, 27.939837686563649 ], [ 112.825438287568161, 27.942076309305904 ], [ 112.826446134434875, 27.943361487006918 ], [ 112.826151745736482, 27.944640886494074 ], [ 112.826594582832186, 27.945901419735289 ], [ 112.825118461275878, 27.947009807526065 ], [ 112.822830472010139, 27.946488214455147 ], [ 112.821994003038398, 27.947792192012365 ], [ 112.819577833164786, 27.947469140795075 ], [ 112.81967754616133, 27.948041687582755 ], [ 112.81984701783125, 27.949021722950608 ], [ 112.819496320035924, 27.950642761920232 ], [ 112.818536840260734, 27.95231613196156 ], [ 112.816544076024911, 27.953924280990154 ], [ 112.815093281569716, 27.954108906249846 ], [ 112.814206883336155, 27.955206437313652 ], [ 112.812976781590052, 27.955010854955038 ], [ 112.813247403560979, 27.953880818375435 ], [ 112.811894291909752, 27.954511032908311 ], [ 112.811820486326027, 27.956075686719796 ], [ 112.810467374674801, 27.957140507981737 ], [ 112.809311079410762, 27.958748585149429 ], [ 112.808696028088562, 27.960074145108731 ], [ 112.807956750542331, 27.96014293401522 ], [ 112.807991260222266, 27.96083594241103 ], [ 112.805460311706511, 27.960688212394295 ], [ 112.808915747922185, 27.963514428549747 ], [ 112.812176275772401, 27.963049935585353 ], [ 112.812386632465845, 27.964722100107799 ], [ 112.811808151558836, 27.965372379622426 ], [ 112.813122880892905, 27.966580031182232 ], [ 112.815226446929103, 27.965279482788812 ], [ 112.815383039452811, 27.965315563590831 ], [ 112.81796108304566, 27.965883310777876 ], [ 112.818981302408801, 27.964585804710133 ], [ 112.819944754534163, 27.966287705579504 ], [ 112.818820726755135, 27.967516839426633 ], [ 112.820053193765375, 27.969417801104949 ], [ 112.828455248907161, 27.97153506455286 ], [ 112.829073113752827, 27.972419338166421 ], [ 112.829186093069495, 27.972516051297916 ], [ 112.83063374881111, 27.970570444290153 ], [ 112.82735417488027, 27.967410598573256 ], [ 112.827351447595049, 27.967386686928677 ], [ 112.827205103950433, 27.966093969740054 ], [ 112.828397675880581, 27.965830641410946 ], [ 112.829515712795001, 27.967213105589753 ], [ 112.832720750811788, 27.968068907758969 ], [ 112.833317037226024, 27.967015611451398 ], [ 112.835105895570408, 27.967081442871013 ], [ 112.838012790829211, 27.971228733403766 ], [ 112.841590507518006, 27.974454294220997 ], [ 112.845391831949044, 27.97511255963585 ], [ 112.847028682770954, 27.975822574790403 ], [ 112.848146096254553, 27.976128024186661 ], [ 112.848750449540049, 27.976293226208664 ], [ 112.849119399305337, 27.978682658139022 ], [ 112.84997919572838, 27.97973310836462 ], [ 112.852521938225522, 27.980529001318438 ], [ 112.852547735145549, 27.980575808101772 ], [ 112.854325694230582, 27.98378717599169 ], [ 112.856580389236939, 27.985235221672706 ], [ 112.856334422427295, 27.989796440203044 ], [ 112.857508971457918, 27.989878002737601 ], [ 112.860460144677091, 27.990458617812212 ], [ 112.860727330592042, 27.990511183931968 ], [ 112.864495970719759, 27.991481003142827 ], [ 112.866387970930106, 27.992535002886697 ], [ 112.867628971037249, 27.993799003061923 ], [ 112.868844744654567, 27.995953225096184 ], [ 112.868945869802758, 27.996174380355008 ], [ 112.869450970927446, 27.997279002895905 ], [ 112.869941971197122, 27.999810003021643 ], [ 112.869771970419492, 28.000781002858805 ], [ 112.869121971039448, 28.00161900282491 ], [ 112.868991970444796, 28.001825002808641 ], [ 112.868920486107768, 28.001864155951136 ], [ 112.868027971245439, 28.002353002724242 ], [ 112.866898971291292, 28.002817002821434 ], [ 112.865085970723641, 28.002881003225038 ], [ 112.863991970929604, 28.003458002916549 ], [ 112.863627970881524, 28.004138003198065 ], [ 112.863887971172531, 28.004882003161491 ], [ 112.864529971054935, 28.00543700274017 ], [ 112.866396971150962, 28.005747003246707 ], [ 112.867420970624792, 28.006070002902309 ], [ 112.86793197098595, 28.006663002499113 ], [ 112.868550768282901, 28.007786029453587 ], [ 112.868583970914116, 28.007891002798026 ], [ 112.869607971286257, 28.008177003229402 ], [ 112.872178971188973, 28.007723002728575 ], [ 112.874602028445864, 28.005634865905019 ], [ 112.875603916787298, 28.004771448800465 ], [ 112.87705261098138, 28.002038866484153 ], [ 112.877212708731321, 28.00093628911365 ], [ 112.87738185970268, 27.99977135279379 ], [ 112.877284006218787, 27.999661119180814 ], [ 112.87547221747846, 27.997620077606882 ], [ 112.875524369172268, 27.997574029367566 ], [ 112.876130714921047, 27.997038644465942 ] ] ] } },
{ "type": "Feature", "properties": { "name": "源湘学校", "isAssistFeature": false, "sourceFileId": null, "sourceFileName": null, "sourceGroupId": null, "id": null, "sourceFile": null }, "geometry": { "type": "Polygon", "coordinates": [ [ [ 112.850789222789743, 27.846289438256242 ], [ 112.849957377446756, 27.843762674240626 ], [ 112.849606026576197, 27.842694034470064 ], [ 112.851706103555841, 27.841529495233214 ], [ 112.85174798840427, 27.841506269058776 ], [ 112.852437210924563, 27.841124077036941 ], [ 112.852644015679388, 27.840377258104642 ], [ 112.852652948526554, 27.840344999273313 ], [ 112.853066026233563, 27.838853265481074 ], [ 112.852240054075892, 27.836803877499342 ], [ 112.854813491107961, 27.83559875809194 ], [ 112.856044317794499, 27.835230173555054 ], [ 112.858193202938466, 27.834586662881872 ], [ 112.859066165070345, 27.834598448296351 ], [ 112.858878326446089, 27.833815675857043 ], [ 112.858804314249838, 27.833550685312083 ], [ 112.858816905935186, 27.83319240897006 ], [ 112.8585983368434, 27.832212183180495 ], [ 112.863340951063407, 27.82779886414448 ], [ 112.861440795048566, 27.826935946903333 ], [ 112.860354257559621, 27.825975049802658 ], [ 112.859746062179624, 27.825437179057737 ], [ 112.859473826834474, 27.825304256155484 ], [ 112.859289830304718, 27.824996891132226 ], [ 112.859289830304718, 27.824807048459416 ], [ 112.857849060149761, 27.825329626039014 ], [ 112.85666213413117, 27.825623537781016 ], [ 112.853075377695632, 27.826267343110857 ], [ 112.850192679457322, 27.826790604820456 ], [ 112.846974577241369, 27.827128075412286 ], [ 112.845130884833736, 27.827135073582511 ], [ 112.843469188407667, 27.826904145643237 ], [ 112.839481115907205, 27.825112690066092 ], [ 112.837084971277918, 27.82449500269782 ], [ 112.835682952647687, 27.824300927086469 ], [ 112.833372403091943, 27.824650825885978 ], [ 112.830797145174756, 27.825238883434274 ], [ 112.82856831805536, 27.826874480612279 ], [ 112.827454948787164, 27.829783759237994 ], [ 112.826885460914454, 27.831271822849867 ], [ 112.825899880588707, 27.83429935527478 ], [ 112.82298225675045, 27.83766815088844 ], [ 112.821636792457241, 27.838695582458513 ], [ 112.820769379218916, 27.839131021725827 ], [ 112.823553385845173, 27.842803632332814 ], [ 112.825984921401712, 27.842857920872717 ], [ 112.827021885361745, 27.843985025081199 ], [ 112.829831854198005, 27.844090754144407 ], [ 112.829573862539974, 27.845509272068384 ], [ 112.829563061197007, 27.845568658654763 ], [ 112.828396976991314, 27.845623816362217 ], [ 112.828494915815156, 27.846834555209171 ], [ 112.83253365599262, 27.846918806298053 ], [ 112.833257026171765, 27.848243173885027 ], [ 112.839966953558942, 27.848487895113138 ], [ 112.84092848149298, 27.850103157331503 ], [ 112.841390102361274, 27.850878621016744 ], [ 112.841707776290178, 27.850270053921914 ], [ 112.842569800535117, 27.850279120453266 ], [ 112.845010192582038, 27.849597889437529 ], [ 112.845509218400466, 27.849458586367358 ], [ 112.8473999277318, 27.848930794612599 ], [ 112.847961883230823, 27.848773924486139 ], [ 112.848978580299701, 27.84884543151297 ], [ 112.850789222789743, 27.846289438256242 ] ] ] } },
{ "type": "Feature", "properties": { "name": "滴水湖学校教育集团南天校区", "isAssistFeature": false, "sourceFileId": null, "sourceFileName": null, "sourceGroupId": null, "id": null, "sourceFile": null }, "geometry": { "type": "Polygon", "coordinates": [ [ [ 113.071172964443377, 27.978776003558664 ], [ 113.069418964325266, 27.977164003506687 ], [ 113.067881963942128, 27.975163003097308 ], [ 113.0676479644887, 27.974592002807267 ], [ 113.067725964306504, 27.973579003045895 ], [ 113.068975964634475, 27.972077003195825 ], [ 113.071207964603488, 27.97183700351539 ], [ 113.072857964066202, 27.972035002933261 ], [ 113.073611314619683, 27.971826202541369 ], [ 113.07373535668907, 27.971791822527685 ], [ 113.074394964449368, 27.971609003086403 ], [ 113.074845964536081, 27.971113003439775 ], [ 113.074959964338873, 27.969140003064439 ], [ 113.075488964243377, 27.968190003574403 ], [ 113.076469964059541, 27.967417002938781 ], [ 113.077676963831479, 27.96704200337097 ], [ 113.079526964209066, 27.966964003424085 ], [ 113.081872014461595, 27.967693635145881 ], [ 113.082226246229283, 27.967793257159158 ], [ 113.084206964057103, 27.968292002944988 ], [ 113.085101963659511, 27.968251003271781 ], [ 113.085422964049897, 27.967750003239761 ], [ 113.085378963668973, 27.967072002908317 ], [ 113.085039963735227, 27.965542003175685 ], [ 113.083879051130637, 27.962148771322177 ], [ 113.083697712715818, 27.961614230908754 ], [ 113.082651964130633, 27.958554003426237 ], [ 113.082577050924158, 27.958267895156791 ], [ 113.082131964446944, 27.956568003091817 ], [ 113.081875975133698, 27.955824149018387 ], [ 113.081409964198599, 27.954470003401394 ], [ 113.080828964415531, 27.953248003008397 ], [ 113.080082411413827, 27.952738497498046 ], [ 113.079247964549808, 27.952169002880773 ], [ 113.076894964206957, 27.949360003068772 ], [ 113.076571384753393, 27.949227063988193 ], [ 113.076322964644746, 27.949125002956514 ], [ 113.075306963770203, 27.949051002994295 ], [ 113.0745507197432, 27.949314588100194 ], [ 113.074035964424169, 27.949494002944341 ], [ 113.071592029421737, 27.950703206542805 ], [ 113.067661911731804, 27.9521135645873 ], [ 113.065942485972343, 27.953523904210108 ], [ 113.061521104806374, 27.95167961041108 ], [ 113.058941965268872, 27.950160755869781 ], [ 113.05538029788093, 27.949184338267585 ], [ 113.052923975110758, 27.947231477370782 ], [ 113.04911667418817, 27.947882434397766 ], [ 113.047028799923339, 27.947339970348825 ], [ 113.04236178612102, 27.947882434397766 ], [ 113.038554485198432, 27.947014490294151 ], [ 113.03560689715556, 27.949075847142399 ], [ 113.033519022890758, 27.949618303265336 ], [ 113.032420719268188, 27.950672485106562 ], [ 113.030127441620394, 27.950856645365239 ], [ 113.028076315637222, 27.950351008934792 ], [ 113.027139230862062, 27.950120000858984 ], [ 113.0232476077787, 27.949506125804827 ], [ 113.022483181896106, 27.948155589354197 ], [ 113.021371289458244, 27.946866424735642 ], [ 113.014850967681454, 27.946146538421534 ], [ 113.013240577634548, 27.945024735207252 ], [ 113.011962999027375, 27.943712381338521 ], [ 113.011903379638582, 27.943651139223427 ], [ 113.009552518184449, 27.943573160467047 ], [ 113.004726280692978, 27.943413071400428 ], [ 113.003758171701151, 27.943380958328838 ], [ 113.004949176071136, 27.944470809505013 ], [ 113.007602683537755, 27.947313010983169 ], [ 113.007736133663101, 27.947620959814866 ], [ 113.009227955973969, 27.951063430303652 ], [ 113.009162062751244, 27.952879899027721 ], [ 113.008597748276301, 27.955341092501122 ], [ 113.00740366987138, 27.958768960631495 ], [ 113.006051496959657, 27.960931950230332 ], [ 113.006104149913398, 27.962420132712069 ], [ 113.003524189315712, 27.965814972223672 ], [ 113.001154837838087, 27.967512351931887 ], [ 112.999624966485058, 27.969658002927243 ], [ 113.000110706220426, 27.969823087915405 ], [ 113.000492966323264, 27.969953003425555 ], [ 113.002757965904266, 27.971715003380563 ], [ 113.002867521741337, 27.97184735464614 ], [ 113.005588966097946, 27.975135003460615 ], [ 113.006681966067092, 27.975891003000459 ], [ 113.008305966488848, 27.976010002753902 ], [ 113.010605217034964, 27.975928540797351 ], [ 113.013673932114102, 27.975927715721234 ], [ 113.015067965619778, 27.976970003183379 ], [ 113.017966927856335, 27.980005334666288 ], [ 113.018192966439685, 27.980242003307712 ], [ 113.018704965727466, 27.981534002797265 ], [ 113.018722966169108, 27.982638003484784 ], [ 113.018464855035162, 27.984057104232566 ], [ 113.017918965905011, 27.986657002787268 ], [ 113.017257295612794, 27.988268964062172 ], [ 113.017150965625902, 27.988528003249968 ], [ 113.017182229692708, 27.988537121655391 ], [ 113.017440665118485, 27.988612498592985 ], [ 113.018566965635188, 27.988941003178141 ], [ 113.020415966187855, 27.98891200286797 ], [ 113.020674702549243, 27.988781966615573 ], [ 113.02199073713544, 27.988120548163 ], [ 113.022744502710552, 27.987741715372408 ], [ 113.024217966151966, 27.986838003156745 ], [ 113.024695966002866, 27.986302003296974 ], [ 113.024521965925587, 27.985439003250345 ], [ 113.023481671012476, 27.984688106367276 ], [ 113.022877402168632, 27.984251935065462 ], [ 113.022646966331962, 27.984071003336737 ], [ 113.022244395320541, 27.983450495952798 ], [ 113.02214859718201, 27.983302834977554 ], [ 113.02209096576496, 27.983214003323198 ], [ 113.022064965825692, 27.981725003377665 ], [ 113.022629965715197, 27.980178002947845 ], [ 113.02358496559205, 27.978912003368503 ], [ 113.02428244093484, 27.978541548245317 ], [ 113.024981966233099, 27.978170003406508 ], [ 113.026557454934618, 27.978213151602592 ], [ 113.028341965433043, 27.978363002775886 ], [ 113.02960896547944, 27.979354003351062 ], [ 113.02974867506569, 27.979669311584686 ], [ 113.030173965368974, 27.980645002804778 ], [ 113.0301559658256, 27.982762003054315 ], [ 113.030023504745401, 27.983136371256144 ], [ 113.029591965761, 27.984356003196474 ], [ 113.028856671344755, 27.985398525721706 ], [ 113.027638965451246, 27.987125003444053 ], [ 113.026347383007121, 27.990498442988237 ], [ 113.024945767720439, 27.993739766051441 ], [ 113.024322965733944, 27.995180003045416 ], [ 113.024452966328596, 27.99657200275136 ], [ 113.024764965599829, 27.997463002702446 ], [ 113.025137965868723, 27.997973002938146 ], [ 113.02737262844424, 27.999803441153194 ], [ 113.027432999722905, 27.999855429256254 ], [ 113.02760396618946, 27.999990003332726 ], [ 113.027946363551578, 28.000401637934942 ], [ 113.029878965816167, 28.002725002769541 ], [ 113.031521323310784, 28.004168655476544 ], [ 113.03177996534906, 28.004396003313186 ], [ 113.032041475708056, 28.004825955866135 ], [ 113.033159738997895, 28.00666492501292 ], [ 113.034036965432435, 28.008113002799508 ], [ 113.035921965970104, 28.009394003474167 ], [ 113.042681413885646, 28.010870705886866 ], [ 113.047274431661364, 28.011874107167941 ], [ 113.051327608663755, 28.012198153551815 ], [ 113.062394964355207, 28.013896003019678 ], [ 113.065893964370588, 28.0140520031593 ], [ 113.068515964326949, 28.013048002781474 ], [ 113.069983964214799, 28.011758002880079 ], [ 113.070547640885891, 28.01031509745204 ], [ 113.070894964609053, 28.009426003313337 ], [ 113.074385964228526, 28.005458003109656 ], [ 113.078260027943017, 28.002210486625202 ], [ 113.078476377297747, 28.002034244797169 ], [ 113.081115964470712, 28.000002003131254 ], [ 113.081905964491142, 27.998448003428667 ], [ 113.082200964043935, 27.996875003494551 ], [ 113.083060964384543, 27.995308003367793 ], [ 113.085092964337022, 27.993030002920012 ], [ 113.085170964154798, 27.992129003438048 ], [ 113.084449963731345, 27.990534002925145 ], [ 113.080975963830326, 27.9864070031227 ], [ 113.078493964514394, 27.983878003076303 ], [ 113.076426964401804, 27.982318002862137 ], [ 113.076189406721539, 27.982162150342589 ], [ 113.073143362425256, 27.98016373921201 ], [ 113.072654380670002, 27.979842930793946 ], [ 113.071172964443377, 27.978776003558664 ] ] ] } },
{ "type": "Feature", "properties": { "name": "滴水湖学校教育集团江滨学校小学部", "isAssistFeature": false, "sourceFileId": null, "sourceFileName": null, "sourceGroupId": null, "id": null, "sourceFile": null }, "geometry": { "type": "Polygon", "coordinates": [ [ [ 112.960349688913766, 27.889485195730824 ], [ 112.960408495327201, 27.889469333651142 ], [ 112.964528171016809, 27.888358108119796 ], [ 112.964741843391977, 27.888300472692148 ], [ 112.967557900110947, 27.887451020272763 ], [ 112.973076961468678, 27.885495677678175 ], [ 112.972934454528627, 27.885400927246113 ], [ 112.972747576203446, 27.885274290955287 ], [ 112.972791216359937, 27.885239695219294 ], [ 112.973039025614241, 27.885043243062071 ], [ 112.970408983041153, 27.882058635527542 ], [ 112.969291391691129, 27.880790352931477 ], [ 112.968517942231486, 27.879912606064998 ], [ 112.96989008109874, 27.879940171420287 ], [ 112.97010697034095, 27.87786051539123 ], [ 112.969135932841311, 27.876460255664341 ], [ 112.968988610931348, 27.876293891725513 ], [ 112.968337255993575, 27.875626514920459 ], [ 112.969261059177228, 27.87417963629829 ], [ 112.969278028352946, 27.873587363802866 ], [ 112.968481478715816, 27.871090010666336 ], [ 112.967277363434221, 27.870359752183951 ], [ 112.966449059250095, 27.869860219346712 ], [ 112.965063592977316, 27.869003055051682 ], [ 112.964536228006608, 27.868454594294757 ], [ 112.960835842772497, 27.868530669681871 ], [ 112.960375057337401, 27.868540142869275 ], [ 112.959059912083347, 27.86692135776099 ], [ 112.957253468318939, 27.867586742491554 ], [ 112.957572783469843, 27.8681342896225 ], [ 112.958300825786793, 27.86905418255407 ], [ 112.958268234009964, 27.869256113796546 ], [ 112.958240662917277, 27.86949541375543 ], [ 112.958019664780949, 27.869586642665634 ], [ 112.957728821732985, 27.869707186527886 ], [ 112.956895738511562, 27.869268287741459 ], [ 112.956204704089345, 27.870335459332107 ], [ 112.955910755565455, 27.870812564195557 ], [ 112.955886541476957, 27.870819488077068 ], [ 112.9537032257048, 27.871338775547091 ], [ 112.953380680212135, 27.871662647408783 ], [ 112.953297568980346, 27.8717414165381 ], [ 112.951277725030337, 27.872321286499794 ], [ 112.954228387108088, 27.876156986924631 ], [ 112.956953453471925, 27.87969930405264 ], [ 112.958272925910705, 27.881994739772921 ], [ 112.95880936745904, 27.884251754451007 ], [ 112.959539020455281, 27.886519749145787 ], [ 112.960113183160715, 27.888304397364831 ], [ 112.960105223188961, 27.888979720017677 ], [ 112.960099858450093, 27.889401701045642 ], [ 112.960180325041662, 27.889534458835275 ], [ 112.960349688913766, 27.889485195730824 ] ] ] } },
{ "type": "Feature", "properties": { "name": "滴水湖学校教育集团滴水湖校区", "isAssistFeature": false, "sourceFileId": null, "sourceFileName": null, "sourceGroupId": null, "id": null, "sourceFile": null }, "geometry": { "type": "Polygon", "coordinates": [ [ [ 112.95403024390923, 27.858013798805633 ], [ 112.954014507222084, 27.857964326784455 ], [ 112.953554020027667, 27.85662587413028 ], [ 112.952945105097172, 27.854855976286093 ], [ 112.953049993288062, 27.854807203336012 ], [ 112.953132664345333, 27.854768761731279 ], [ 112.953217342238972, 27.854729386096015 ], [ 112.953175037877301, 27.854704158900422 ], [ 112.952945780630273, 27.854567447619395 ], [ 112.952684677208097, 27.854411744435172 ], [ 112.94468775507292, 27.849642857003829 ], [ 112.941705231548667, 27.847864204175746 ], [ 112.941514989032754, 27.847990904842977 ], [ 112.941692665914459, 27.848110886543402 ], [ 112.940613946463415, 27.849669927287064 ], [ 112.939899266586309, 27.848861089057863 ], [ 112.9395968649156, 27.848821343527796 ], [ 112.938916908517484, 27.848735505364999 ], [ 112.938841540763434, 27.848722068597827 ], [ 112.938584975630079, 27.848750217737514 ], [ 112.936882304348998, 27.848944626108295 ], [ 112.937040521925042, 27.851186484592819 ], [ 112.937042341013495, 27.85121198106598 ], [ 112.936754676204998, 27.851413964611982 ], [ 112.933632149345399, 27.850186777617267 ], [ 112.933160601194885, 27.851205397462753 ], [ 112.933057094612892, 27.851422795153585 ], [ 112.933024397733163, 27.852501428725638 ], [ 112.933019065333667, 27.852532654595876 ], [ 112.932836952571066, 27.85387329984367 ], [ 112.934082808970601, 27.854476712787857 ], [ 112.933935943404805, 27.855117842708022 ], [ 112.933840689645351, 27.855533662994052 ], [ 112.933819417539411, 27.855626523876857 ], [ 112.935476497523226, 27.856256793175888 ], [ 112.935977381057654, 27.856478214578161 ], [ 112.93504033311342, 27.857859581771052 ], [ 112.934337575676764, 27.858882681102596 ], [ 112.932587024191037, 27.861431173472745 ], [ 112.938312511214548, 27.863695428952585 ], [ 112.939156679646587, 27.862575977387223 ], [ 112.940637201151176, 27.861454068970655 ], [ 112.941919133892554, 27.86048263770779 ], [ 112.944843974795802, 27.859370730403576 ], [ 112.944954797257452, 27.859328599777303 ], [ 112.948334715700469, 27.858730963071711 ], [ 112.950733270509659, 27.858370143461002 ], [ 112.953934920081167, 27.858023955136964 ], [ 112.95403024390923, 27.858013798805633 ] ] ] } },
{ "type": "Feature", "properties": { "name": "火炬学校教育集团火炬校区", "isAssistFeature": false, "sourceFileId": null, "sourceFileName": null, "sourceGroupId": null, "id": null, "sourceFile": null }, "geometry": { "type": "Polygon", "coordinates": [ [ [ 112.951150529874312, 27.841218200536002 ], [ 112.951203284337666, 27.833108241753038 ], [ 112.951220818553708, 27.830412488999556 ], [ 112.951228447945425, 27.827959458691744 ], [ 112.942994788291841, 27.827439427215761 ], [ 112.942643946766069, 27.832768821249751 ], [ 112.942641789911079, 27.83280245742726 ], [ 112.946663674998817, 27.833214085481419 ], [ 112.946663542048171, 27.833264612620564 ], [ 112.946647177438635, 27.83516536525816 ], [ 112.946632802597478, 27.836750100677556 ], [ 112.946868603173016, 27.840601656532531 ], [ 112.944457913920957, 27.840018513401411 ], [ 112.942290070731261, 27.839598747698975 ], [ 112.941833363647518, 27.845847564527642 ], [ 112.941705231548667, 27.847864204175746 ], [ 112.94468775507292, 27.849642857003829 ], [ 112.952684677208097, 27.854411744435172 ], [ 112.952945780630273, 27.854567447619395 ], [ 112.953175037877301, 27.854704158900422 ], [ 112.953217342238972, 27.854729386096015 ], [ 112.953207796740742, 27.854654923638659 ], [ 112.95313613813056, 27.854128948973596 ], [ 112.951626303699911, 27.844317441235919 ], [ 112.951535258547551, 27.843724369313946 ], [ 112.951370451828893, 27.842650805967569 ], [ 112.951150529874312, 27.841218200536002 ] ] ] } },
{ "type": "Feature", "properties": { "name": "火炬学校教育集团红旗校区", "isAssistFeature": false, "sourceFileId": null, "sourceFileName": null, "sourceGroupId": null, "id": null, "sourceFile": null }, "geometry": { "type": "Polygon", "coordinates": [ [ [ 112.938584975630079, 27.848750217737514 ], [ 112.938841540763434, 27.848722068597827 ], [ 112.938916908517484, 27.848735505364999 ], [ 112.9395968649156, 27.848821343527796 ], [ 112.939899266586309, 27.848861089057863 ], [ 112.940613946463415, 27.849669927287064 ], [ 112.941692665914459, 27.848110886543402 ], [ 112.941514989032754, 27.847990904842977 ], [ 112.941209569920986, 27.847784662330522 ], [ 112.940364207627908, 27.847213804928277 ], [ 112.931880562102108, 27.842693495920969 ], [ 112.931066021006444, 27.842428531029935 ], [ 112.929756067116443, 27.842002409724603 ], [ 112.928607005087073, 27.841628625030019 ], [ 112.928645521253202, 27.841509076217054 ], [ 112.929245700067554, 27.83961468221565 ], [ 112.926994799544985, 27.839202789300533 ], [ 112.925793831960164, 27.838982987250571 ], [ 112.925766122526923, 27.838978013841558 ], [ 112.92483490734385, 27.838808417359907 ], [ 112.924668854661874, 27.839120190813624 ], [ 112.924322086097575, 27.839576690384103 ], [ 112.924093535824682, 27.839867250347105 ], [ 112.923702450672494, 27.839793664170084 ], [ 112.923316300864442, 27.840300900034936 ], [ 112.923122068930354, 27.840557021221805 ], [ 112.923057041683577, 27.840644021614899 ], [ 112.922965179962617, 27.840766923471989 ], [ 112.922479540838538, 27.841416657601641 ], [ 112.921980389255978, 27.842520080589928 ], [ 112.921698260764586, 27.844467833878703 ], [ 112.921535493221612, 27.845974200829925 ], [ 112.923540311950205, 27.846556837752175 ], [ 112.927242827988167, 27.847676841547752 ], [ 112.92727154263622, 27.84768696866459 ], [ 112.933632149345399, 27.850186777617267 ], [ 112.936754676204998, 27.851413964611982 ], [ 112.937042341013495, 27.85121198106598 ], [ 112.937040521925042, 27.851186484592819 ], [ 112.936882304348998, 27.848944626108295 ], [ 112.938584975630079, 27.848750217737514 ] ] ] } },
{ "type": "Feature", "properties": { "name": "火炬学校教育集团红旗校区", "isAssistFeature": false, "sourceFileId": null, "sourceFileName": null, "sourceGroupId": null, "id": null, "sourceFile": null }, "geometry": { "type": "Polygon", "coordinates": [ [ [ 112.933230447004846, 27.856069896961483 ], [ 112.932697730770002, 27.855722618763505 ], [ 112.932364017421719, 27.856252235142243 ], [ 112.932196570554467, 27.856528903226639 ], [ 112.93188897841803, 27.857025682019732 ], [ 112.93238491223525, 27.857129387417942 ], [ 112.933110771646056, 27.857527489072488 ], [ 112.933592163535465, 27.857266031137108 ], [ 112.933230447004846, 27.856069896961483 ] ] ] } },
{ "type": "Feature", "properties": { "name": "烧汤河学校", "isAssistFeature": false, "sourceFileId": null, "sourceFileName": null, "sourceGroupId": null, "id": null, "sourceFile": null }, "geometry": { "type": "Polygon", "coordinates": [ [ [ 112.777445973177137, 28.037298001872276 ], [ 112.77882597320145, 28.03728100229619 ], [ 112.781907972566998, 28.037900001592789 ], [ 112.783166973115797, 28.037036001950792 ], [ 112.784239541802094, 28.03589329738552 ], [ 112.784937972952363, 28.035131002076525 ], [ 112.784763972875069, 28.030993002341585 ], [ 112.784938972777255, 28.028639001751809 ], [ 112.785441809249107, 28.028053605525969 ], [ 112.786083972624922, 28.027306002231661 ], [ 112.786925972523861, 28.027106002191651 ], [ 112.789695972618205, 28.027543002329232 ], [ 112.792257973198431, 28.028544001805908 ], [ 112.795319541281174, 28.028504479329687 ], [ 112.797239972271953, 28.028575002381743 ], [ 112.798733972997397, 28.029024002635548 ], [ 112.798810724156965, 28.028876120235914 ], [ 112.800530482293098, 28.025803448215459 ], [ 112.799616132081141, 28.025048446640639 ], [ 112.798828142490322, 28.024397163931514 ], [ 112.798766630351238, 28.024346085333637 ], [ 112.79671405179225, 28.0239578188419 ], [ 112.796621860389578, 28.023927799449794 ], [ 112.796516072985114, 28.023891126868474 ], [ 112.795384140929869, 28.023495499767463 ], [ 112.795199995279802, 28.023430874839814 ], [ 112.795129037355508, 28.023406411009606 ], [ 112.79511106745656, 28.023207569425871 ], [ 112.795030455337894, 28.022313113193473 ], [ 112.79493067227277, 28.021569377172927 ], [ 112.795129037355508, 28.021340095753281 ], [ 112.794925495281802, 28.019722951974064 ], [ 112.793500701664158, 28.020441685893775 ], [ 112.79289007544304, 28.022058818877422 ], [ 112.788310381479604, 28.022193578532534 ], [ 112.788310381479604, 28.021205335029848 ], [ 112.78866657965942, 28.018554999914532 ], [ 112.784392197908218, 28.01693781430421 ], [ 112.783527144544124, 28.016084289862533 ], [ 112.783476259474867, 28.014152603802593 ], [ 112.783120060396712, 28.012580276483273 ], [ 112.781949693922044, 28.010244203962177 ], [ 112.779659846940348, 28.009705102925118 ], [ 112.77777708320771, 28.009210925000737 ], [ 112.777319113991027, 28.008042858931827 ], [ 112.775945205442667, 28.00786315521346 ], [ 112.774825724935582, 28.006021175212528 ], [ 112.774876610004867, 28.003505250247866 ], [ 112.773960671571487, 28.002876259430014 ], [ 112.774215098714478, 28.00139362408467 ], [ 112.77319738924426, 28.000809550254225 ], [ 112.772506584790762, 27.998849013013427 ], [ 112.772484991986303, 27.998787731595865 ], [ 112.771430049144186, 27.999115423896555 ], [ 112.770774510752105, 27.999737107009945 ], [ 112.77101730291551, 28.001173397218928 ], [ 112.768467986547137, 28.001730758874249 ], [ 112.767642494089827, 28.002502484844204 ], [ 112.766404255403899, 28.00243817488828 ], [ 112.766344752796087, 28.00265680256658 ], [ 112.765768107147224, 28.004987855742833 ], [ 112.76479568444546, 28.005771616230309 ], [ 112.763053726243683, 28.007175597082544 ], [ 112.761758205585352, 28.007479488016664 ], [ 112.76163076878251, 28.007431277212685 ], [ 112.761477973437508, 28.007361002037751 ], [ 112.761501413178237, 28.007385075337158 ], [ 112.762477973520234, 28.008388002295561 ], [ 112.763154973562763, 28.009752001727833 ], [ 112.763440972894685, 28.015457002215722 ], [ 112.763788973049245, 28.017550001848935 ], [ 112.764186297001103, 28.019168479617569 ], [ 112.764578973069675, 28.020768002267729 ], [ 112.767694972770428, 28.022465002122484 ], [ 112.769556469787005, 28.022675931959249 ], [ 112.769865972640048, 28.022711002305396 ], [ 112.770021204216107, 28.022793145774017 ], [ 112.771772362064638, 28.023719800580409 ], [ 112.773911973001645, 28.024852002103618 ], [ 112.774866972878513, 28.026302001738348 ], [ 112.774820228144378, 28.026774869509701 ], [ 112.774684973303636, 28.028040002318086 ], [ 112.773566973220142, 28.028428001925192 ], [ 112.770641389410159, 28.030981782281415 ], [ 112.768722347214776, 28.032656989334807 ], [ 112.76686197309229, 28.034384002192592 ], [ 112.7665808381376, 28.035495568804681 ], [ 112.766071973071874, 28.037051001890866 ], [ 112.766235973103406, 28.038690001934182 ], [ 112.767044973390412, 28.039546001673223 ], [ 112.768600040690529, 28.039795111309527 ], [ 112.771454972901722, 28.040309002275666 ], [ 112.772921972964653, 28.039520001744407 ], [ 112.774284973270539, 28.038467001724896 ], [ 112.777445973177137, 28.037298001872276 ] ] ] } },
{ "type": "Feature", "properties": { "name": "熙春路逸夫小学", "isAssistFeature": false, "sourceFileId": null, "sourceFileName": null, "sourceGroupId": null, "id": null, "sourceFile": null }, "geometry": { "type": "Polygon", "coordinates": [ [ [ 112.915629346909625, 27.867968940508788 ], [ 112.914217400997202, 27.867121259182355 ], [ 112.909591218319505, 27.864198498025505 ], [ 112.909575496903699, 27.864165083625817 ], [ 112.909355026078472, 27.864407052090652 ], [ 112.907060908505898, 27.866912360123582 ], [ 112.906152197018983, 27.867873344872443 ], [ 112.906093617879307, 27.867935488359034 ], [ 112.906038429879828, 27.867929295691887 ], [ 112.905202950851503, 27.867804259805474 ], [ 112.905210365545884, 27.867840247671971 ], [ 112.905691404397359, 27.870412547486264 ], [ 112.905735912326421, 27.870426855093729 ], [ 112.905786930346366, 27.870443255197394 ], [ 112.907792412929965, 27.871087929298319 ], [ 112.91018760624334, 27.871857056777515 ], [ 112.912231200751179, 27.872740451445466 ], [ 112.912851438047539, 27.873077934715294 ], [ 112.913463903120032, 27.873415798893557 ], [ 112.913126157234458, 27.874099472931324 ], [ 112.913217564407887, 27.874821078475236 ], [ 112.913803244413558, 27.875913424781974 ], [ 112.913864632585131, 27.876014411453639 ], [ 112.914226075129577, 27.876585084631373 ], [ 112.914590855813628, 27.876774761241254 ], [ 112.91562082369424, 27.877002371781824 ], [ 112.916672249632015, 27.877059274739246 ], [ 112.916763840061734, 27.877169814564464 ], [ 112.923030946522886, 27.875579744456271 ], [ 112.922465820869192, 27.874650366780042 ], [ 112.926619688235164, 27.872523549940574 ], [ 112.926800271166826, 27.872431088674123 ], [ 112.919562164037004, 27.869561785018771 ], [ 112.915629346909625, 27.867968940508788 ] ] ] } },
{ "type": "Feature", "properties": { "name": "碑头富利学校", "isAssistFeature": false, "sourceFileId": null, "sourceFileName": null, "sourceGroupId": null, "id": null, "sourceFile": null }, "geometry": { "type": "Polygon", "coordinates": [ [ [ 112.788827972780012, 28.073853001640686 ], [ 112.796615972831233, 28.072765001671105 ], [ 112.79986593829031, 28.073311863617125 ], [ 112.800357972520857, 28.073435002603269 ], [ 112.801823972758896, 28.073508002468937 ], [ 112.802841223189986, 28.073297674042582 ], [ 112.803361972966925, 28.073190002995485 ], [ 112.804957972002995, 28.072701002402109 ], [ 112.806224972049392, 28.072943003029081 ], [ 112.807753972036608, 28.073356002519024 ], [ 112.810140971816296, 28.07513600254498 ], [ 112.811295971709711, 28.074921002473801 ], [ 112.812901971689826, 28.073815002588017 ], [ 112.813109971203957, 28.072632003184673 ], [ 112.812450971603127, 28.070591002602551 ], [ 112.811077971251521, 28.068205002531911 ], [ 112.810600971225526, 28.066337002869137 ], [ 112.810435971369088, 28.064921003001732 ], [ 112.810583971507086, 28.063738003171174 ], [ 112.811173971510968, 28.062504002766413 ], [ 112.815450440946904, 28.05703078627829 ], [ 112.816633971333729, 28.055516002945382 ], [ 112.818095805185465, 28.052096104844001 ], [ 112.820088971866511, 28.047433003101787 ], [ 112.821484810985908, 28.046596105750577 ], [ 112.82374248660237, 28.045306086903377 ], [ 112.824023617065478, 28.045168134911396 ], [ 112.825544612165189, 28.044421770807023 ], [ 112.826503971566126, 28.043951003122736 ], [ 112.827393007253377, 28.042684965627778 ], [ 112.827493679650615, 28.042461324353674 ], [ 112.828083971606958, 28.041150002451634 ], [ 112.828162971249668, 28.039909002584828 ], [ 112.827875971194501, 28.037817003028739 ], [ 112.82779057734362, 28.037395118242237 ], [ 112.827346130466893, 28.035199320471772 ], [ 112.82705197173722, 28.033746002620468 ], [ 112.826844910962564, 28.033027247317847 ], [ 112.826512971786954, 28.031875002457454 ], [ 112.82633097131378, 28.030800002870716 ], [ 112.826477971626872, 28.029728002570263 ], [ 112.827137971052608, 28.028608002780288 ], [ 112.824018599974622, 28.026139671599644 ], [ 112.821225417956029, 28.026700041837092 ], [ 112.818559199328149, 28.026363820203297 ], [ 112.819574901962014, 28.023113623334748 ], [ 112.816400831568032, 28.022889467963186 ], [ 112.816400831568032, 28.020087489214305 ], [ 112.813734612940152, 28.019751246927417 ], [ 112.814115501315555, 28.017957937260668 ], [ 112.813099798681705, 28.015604171857085 ], [ 112.810179654170753, 28.015043744657198 ], [ 112.808529138176738, 28.012465739276909 ], [ 112.806751658792038, 28.012353650169366 ], [ 112.804290411457472, 28.009852237599507 ], [ 112.803536099706662, 28.011232193554576 ], [ 112.802658582218015, 28.012049613577982 ], [ 112.801693508633534, 28.012901899498772 ], [ 112.801912117251177, 28.015948018942087 ], [ 112.801471972406375, 28.016442557718307 ], [ 112.801068205737309, 28.016896220902282 ], [ 112.798779465480024, 28.017785215306663 ], [ 112.797002089401587, 28.01960532165274 ], [ 112.797183778159351, 28.020768160077179 ], [ 112.797308966479065, 28.02156937796595 ], [ 112.795215137282213, 28.021569377172927 ], [ 112.79493067227277, 28.021569377172927 ], [ 112.795030455337894, 28.022313113193473 ], [ 112.79511106745656, 28.023207569425871 ], [ 112.795129037355508, 28.023406411009606 ], [ 112.795199995279802, 28.023430874839814 ], [ 112.795384140929869, 28.023495499767463 ], [ 112.796516072985114, 28.023891126868474 ], [ 112.796621860389578, 28.023927799449794 ], [ 112.79671405179225, 28.0239578188419 ], [ 112.798766630351238, 28.024346085333637 ], [ 112.798828142490322, 28.024397163931514 ], [ 112.799616132081141, 28.025048446640639 ], [ 112.800530482293098, 28.025803448215459 ], [ 112.798810724156965, 28.028876120235914 ], [ 112.798733972997397, 28.029024002635548 ], [ 112.799915119255459, 28.031249720963476 ], [ 112.800637148249905, 28.032610270194699 ], [ 112.801258525508331, 28.033891718425785 ], [ 112.801909768156747, 28.035249930069067 ], [ 112.802466972466235, 28.036412002431398 ], [ 112.80316197295042, 28.04026000299606 ], [ 112.801815972362974, 28.041972002392043 ], [ 112.798881972237098, 28.043605002537795 ], [ 112.796797972406111, 28.046073002056705 ], [ 112.794991972409434, 28.047743001603525 ], [ 112.788879972658535, 28.051618001816927 ], [ 112.787082972882715, 28.052330002095339 ], [ 112.786263972549989, 28.053138001821885 ], [ 112.782029972765727, 28.05362000169109 ], [ 112.780502973326662, 28.053657001859833 ], [ 112.779146972693496, 28.054488001588329 ], [ 112.777019973204773, 28.056153002159508 ], [ 112.771593972818906, 28.064495001886204 ], [ 112.771498973282647, 28.066581001895429 ], [ 112.771906972813355, 28.068732002258596 ], [ 112.773269973119213, 28.070949001760315 ], [ 112.773503972572641, 28.072308001683254 ], [ 112.773394299954532, 28.073106304833495 ], [ 112.773087972646039, 28.074223002059739 ], [ 112.7730089730033, 28.0751800019904 ], [ 112.773321972997749, 28.075694002030762 ], [ 112.774197973231907, 28.076549001742713 ], [ 112.775344972729371, 28.076790002159029 ], [ 112.777184973061225, 28.076927002082247 ], [ 112.782611973271997, 28.075923001936747 ], [ 112.785441972742518, 28.074605002196385 ], [ 112.788827972780012, 28.073853001640686 ] ] ] } },
{ "type": "Feature", "properties": { "name": "立云中心小学", "isAssistFeature": false, "sourceFileId": null, "sourceFileName": null, "sourceGroupId": null, "id": null, "sourceFile": null }, "geometry": { "type": "Polygon", "coordinates": [ [ [ 112.870512710423, 27.870818352493831 ], [ 112.87257808997478, 27.870638048723706 ], [ 112.87253974628517, 27.869903634737181 ], [ 112.874712771855769, 27.869328276760832 ], [ 112.874932080261033, 27.869267981208992 ], [ 112.875198207062283, 27.868924526934737 ], [ 112.874500006779073, 27.866896489178814 ], [ 112.874862876746505, 27.866762281327468 ], [ 112.875896408243833, 27.866380026640641 ], [ 112.876381856026725, 27.865082847764359 ], [ 112.876637355758163, 27.864402329214208 ], [ 112.876708601143349, 27.862147458211528 ], [ 112.87632387785996, 27.861454611397502 ], [ 112.876740578472493, 27.861108669591435 ], [ 112.876687510497092, 27.861054595088206 ], [ 112.872867951164139, 27.857217527715498 ], [ 112.872602918510921, 27.856951910518866 ], [ 112.872182587806321, 27.856532885439986 ], [ 112.870648223978534, 27.855000336433353 ], [ 112.870216647264897, 27.852868980038966 ], [ 112.870052959847101, 27.851711178103137 ], [ 112.870030763374743, 27.8515541793581 ], [ 112.869986923792226, 27.851466283058553 ], [ 112.86933744184185, 27.850164091014388 ], [ 112.869007168142787, 27.849501894760706 ], [ 112.877414843144976, 27.845342047253883 ], [ 112.878885928745817, 27.844614184883408 ], [ 112.878263262404957, 27.844035795029242 ], [ 112.876009165676592, 27.841444433713868 ], [ 112.875181249564676, 27.84001007751252 ], [ 112.8750985075405, 27.839866726876465 ], [ 112.875069277259442, 27.839873938697256 ], [ 112.873993481824641, 27.840139375310528 ], [ 112.87055692100968, 27.840987290649853 ], [ 112.865334808548923, 27.839268999588317 ], [ 112.864840229391149, 27.839484197042829 ], [ 112.863417353676638, 27.838389357125838 ], [ 112.863205514762981, 27.838228347473532 ], [ 112.859903378745457, 27.835668042414294 ], [ 112.858843567034512, 27.835570853383533 ], [ 112.859031977885564, 27.834973831666531 ], [ 112.859066165070345, 27.834598448296351 ], [ 112.858193202938466, 27.834586662881872 ], [ 112.856044317794499, 27.835230173555054 ], [ 112.854813491107961, 27.83559875809194 ], [ 112.852240054075892, 27.836803877499342 ], [ 112.853066026233563, 27.838853265481074 ], [ 112.852652948526554, 27.840344999273313 ], [ 112.852644015679388, 27.840377258104642 ], [ 112.852437210924563, 27.841124077036941 ], [ 112.85174798840427, 27.841506269058776 ], [ 112.851706103555841, 27.841529495233214 ], [ 112.849606026576197, 27.842694034470064 ], [ 112.849957377446756, 27.843762674240626 ], [ 112.850789222789743, 27.846289438256242 ], [ 112.852995194971712, 27.853162663100687 ], [ 112.853075431594561, 27.853984396254845 ], [ 112.853285709236275, 27.857217682587216 ], [ 112.853740448111196, 27.859278628805143 ], [ 112.854051927257871, 27.860651109080777 ], [ 112.85475744970897, 27.86430560192753 ], [ 112.854884601745866, 27.865823354589285 ], [ 112.855040910401939, 27.865842530946189 ], [ 112.857669475246354, 27.866165013593946 ], [ 112.858337906259379, 27.868036248197654 ], [ 112.862850212203469, 27.866028559776755 ], [ 112.865318446634319, 27.865658724627675 ], [ 112.865382007830576, 27.865649200362611 ], [ 112.865681397450146, 27.86560434029267 ], [ 112.867218964670215, 27.87110588893799 ], [ 112.870512710423, 27.870818352493831 ] ] ] } },
{ "type": "Feature", "properties": { "name": "立新学校", "isAssistFeature": false, "sourceFileId": null, "sourceFileName": null, "sourceGroupId": null, "id": null, "sourceFile": null }, "geometry": { "type": "Polygon", "coordinates": [ [ [ 112.834563791042541, 28.024781574149113 ], [ 112.835891971749689, 28.024654002959863 ], [ 112.837440970930047, 28.024837002842027 ], [ 112.837943691519243, 28.02495417227572 ], [ 112.8380800162535, 28.024983692596351 ], [ 112.840050760985065, 28.02546288302057 ], [ 112.840406678890517, 28.025546277293312 ], [ 112.842961970852173, 28.026145002755857 ], [ 112.844037971102878, 28.026046003229226 ], [ 112.846329971346321, 28.022460003050984 ], [ 112.847140318207948, 28.021184704894086 ], [ 112.848058054170181, 28.018405518659094 ], [ 112.84813214272323, 28.01822446266614 ], [ 112.849257197276671, 28.015414590605371 ], [ 112.850235971067519, 28.012970002805805 ], [ 112.850802049833689, 28.012285996146034 ], [ 112.851308009747783, 28.011674629650642 ], [ 112.851994144758436, 28.010845544460071 ], [ 112.852179971156431, 28.010621002694457 ], [ 112.853357403779086, 28.008996553703057 ], [ 112.853856173577668, 28.008305485389403 ], [ 112.854322971436972, 28.007654003063177 ], [ 112.854889614345169, 28.005928272151738 ], [ 112.855156018725822, 28.005191017821787 ], [ 112.855468971109531, 28.004168002726743 ], [ 112.855442971170277, 28.001515002914537 ], [ 112.855850970700956, 28.000013002747131 ], [ 112.855131655516956, 27.998275619016916 ], [ 112.854608847699708, 27.996891539883354 ], [ 112.854588800895854, 27.99683380290584 ], [ 112.853923810430359, 27.994583842785296 ], [ 112.853804124291784, 27.994164158693589 ], [ 112.853556792941248, 27.993322667725156 ], [ 112.853298971064817, 27.992337003030112 ], [ 112.853142971429207, 27.991261002715042 ], [ 112.853220971247012, 27.99081000313139 ], [ 112.853932971449638, 27.990204003182253 ], [ 112.855310640345749, 27.990013580820921 ], [ 112.855719971179695, 27.989957003047795 ], [ 112.856334422427295, 27.989796440203044 ], [ 112.856580389236939, 27.985235221672706 ], [ 112.854325694230582, 27.98378717599169 ], [ 112.852547735145549, 27.980575808101772 ], [ 112.852521938225522, 27.980529001318438 ], [ 112.84997919572838, 27.97973310836462 ], [ 112.849119399305337, 27.978682658139022 ], [ 112.848750449540049, 27.976293226208664 ], [ 112.848146096254553, 27.976128024186661 ], [ 112.847028682770954, 27.975822574790403 ], [ 112.845391831949044, 27.97511255963585 ], [ 112.841590507518006, 27.974454294220997 ], [ 112.838012790829211, 27.971228733403766 ], [ 112.835105895570408, 27.967081442871013 ], [ 112.833317037226024, 27.967015611451398 ], [ 112.832720750811788, 27.968068907758969 ], [ 112.829515712795001, 27.967213105589753 ], [ 112.828397675880581, 27.965830641410946 ], [ 112.827205103950433, 27.966093969740054 ], [ 112.827351447595049, 27.967386686928677 ], [ 112.82735417488027, 27.967410598573256 ], [ 112.83063374881111, 27.970570444290153 ], [ 112.829186093069495, 27.972516051297916 ], [ 112.82891942638075, 27.972874440201824 ], [ 112.83085735655331, 27.973532715257129 ], [ 112.831230035225332, 27.97478342743052 ], [ 112.827950461294506, 27.976955682696495 ], [ 112.828572805140183, 27.977904391207186 ], [ 112.827744578211167, 27.979680709139444 ], [ 112.825792328892987, 27.979628465378617 ], [ 112.824668306503852, 27.981874944074026 ], [ 112.824845783061264, 27.983337742031949 ], [ 112.824335781626701, 27.985838170079106 ], [ 112.823848536314912, 27.987128969744312 ], [ 112.82337161264573, 27.98753607954567 ], [ 112.822314203928158, 27.988125054631716 ], [ 112.820947957110874, 27.98888604861893 ], [ 112.819998279752042, 27.989260742205776 ], [ 112.819677045799722, 27.989076361917508 ], [ 112.818889957219142, 27.988624592468433 ], [ 112.817857274629745, 27.988031855330799 ], [ 112.815794443598421, 27.988509620478851 ], [ 112.816386034518672, 27.989136497857888 ], [ 112.814889079234277, 27.989653634623963 ], [ 112.814670421209286, 27.990860391656437 ], [ 112.81360555737318, 27.991905162744686 ], [ 112.813901352833298, 27.993629013060673 ], [ 112.816792753950082, 27.99360155998269 ], [ 112.819403147672972, 27.993576775264884 ], [ 112.820053898044577, 27.994046911342725 ], [ 112.820468011509064, 27.99577072740566 ], [ 112.821651193349581, 27.995614017849526 ], [ 112.824145353159494, 27.997899068996531 ], [ 112.825848498751057, 27.998269303733412 ], [ 112.826088124353106, 27.998225811392263 ], [ 112.827744578211167, 28.00057637066833 ], [ 112.825082419968382, 28.001829981422905 ], [ 112.824017556132262, 28.003501440005564 ], [ 112.821414556442477, 28.004180462871151 ], [ 112.821296238438109, 28.00522510483313 ], [ 112.819698943133091, 28.005642958147234 ], [ 112.818456602739559, 28.005590726968151 ], [ 112.818101647828087, 28.006426429932571 ], [ 112.820645488066489, 28.007732203579462 ], [ 112.821710351902595, 28.010134785258408 ], [ 112.822952692296127, 28.010395932263595 ], [ 112.82342596521201, 28.01217171479016 ], [ 112.824490829048102, 28.01144051395276 ], [ 112.825851487446045, 28.011492742295427 ], [ 112.826206442357517, 28.01217171479016 ], [ 112.825910646897384, 28.013425190617333 ], [ 112.827685419658124, 28.013999695958432 ], [ 112.82957850952495, 28.016663269639384 ], [ 112.829401032967539, 28.017603338271762 ], [ 112.82851364658714, 28.017446661264984 ], [ 112.827448782751048, 28.016454363767505 ], [ 112.826443078366282, 28.016036552394038 ], [ 112.826265600910531, 28.016663269639384 ], [ 112.825259896525793, 28.019692351703224 ], [ 112.824076715583615, 28.020266823608591 ], [ 112.824372511043734, 28.022094666567195 ], [ 112.825141578521396, 28.022825795061422 ], [ 112.824786624508221, 28.025959148011506 ], [ 112.824018599974622, 28.026139671599644 ], [ 112.827137971052608, 28.028608002780288 ], [ 112.829125442414764, 28.027275486584568 ], [ 112.829449878861112, 28.027050172633274 ], [ 112.830288971811783, 28.026445002976086 ], [ 112.831957198091644, 28.025592945577504 ], [ 112.833309971077995, 28.024902002798981 ], [ 112.834563791042541, 28.024781574149113 ] ] ] } },
{ "type": "Feature", "properties": { "name": "红霞学校", "isAssistFeature": false, "sourceFileId": null, "sourceFileName": null, "sourceGroupId": null, "id": null, "sourceFile": null }, "geometry": { "type": "Polygon", "coordinates": [ [ [ 112.951311902333629, 27.818310016952655 ], [ 112.951463950280299, 27.817797630831972 ], [ 112.9514765105246, 27.817750665399632 ], [ 112.952892373091686, 27.81405589133669 ], [ 112.953392982639969, 27.812728643433381 ], [ 112.955662401033806, 27.806711618928638 ], [ 112.955808408708506, 27.806324490787677 ], [ 112.955719606649396, 27.80629052380468 ], [ 112.955307865635532, 27.806133033446624 ], [ 112.952400199622247, 27.805020845651281 ], [ 112.947887890983196, 27.802954159153344 ], [ 112.945738526138882, 27.802283437851063 ], [ 112.943987144609792, 27.801734504667664 ], [ 112.935655200280991, 27.799729412967473 ], [ 112.935655341316505, 27.799803189201572 ], [ 112.93566685682012, 27.804870112294942 ], [ 112.935694271605982, 27.812532818664295 ], [ 112.935430932277058, 27.814913166544873 ], [ 112.935401279787868, 27.814965868867123 ], [ 112.935158132789894, 27.816155829201545 ], [ 112.934827861785791, 27.816230942570979 ], [ 112.934590787399173, 27.816284860653923 ], [ 112.934606997498463, 27.817202410225701 ], [ 112.935000994090487, 27.817313285974546 ], [ 112.935136073759779, 27.817351299106225 ], [ 112.935356018172243, 27.81752157187201 ], [ 112.93554744736268, 27.818216093661388 ], [ 112.936220939484002, 27.818274864352791 ], [ 112.936251326795102, 27.818275736712625 ], [ 112.937839077500229, 27.818225974055082 ], [ 112.943218954786161, 27.818057357338436 ], [ 112.949326641725378, 27.81786592941744 ], [ 112.949297614463603, 27.82211471549612 ], [ 112.951234633744463, 27.822090514322632 ], [ 112.95127504266091, 27.822090084513814 ], [ 112.951279130893766, 27.821670839756933 ], [ 112.951284006949109, 27.821170755300216 ], [ 112.951311902333629, 27.818310016952655 ] ] ] } },
{ "type": "Feature", "properties": { "name": "育才学校教育集团清水校区", "isAssistFeature": false, "sourceFileId": null, "sourceFileName": null, "sourceGroupId": null, "id": null, "sourceFile": null }, "geometry": { "type": "Polygon", "coordinates": [ [ [ 113.000226420008801, 27.919744279842266 ], [ 113.000497424662029, 27.917408937709826 ], [ 113.001552459132299, 27.916663131976215 ], [ 113.001682078841299, 27.916571503774112 ], [ 113.002881758241969, 27.915723440925564 ], [ 113.002200519947962, 27.912894155689226 ], [ 113.005334217358097, 27.912954353916785 ], [ 113.006287951508753, 27.910185196008577 ], [ 113.010102888111248, 27.909823996099501 ], [ 113.014530939268226, 27.910004595807901 ], [ 113.017392140821798, 27.908439385936084 ], [ 113.018413998711978, 27.910004595807901 ], [ 113.020525839130272, 27.910305595445628 ], [ 113.023455164423396, 27.911328986837265 ], [ 113.028428206395262, 27.910124995445972 ], [ 113.028905073470554, 27.90693435420053 ], [ 113.031698152182869, 27.907897576478895 ], [ 113.033605620484138, 27.907415966411779 ], [ 113.034899973332628, 27.906512941657603 ], [ 113.036126203339862, 27.907235362381506 ], [ 113.03837429033895, 27.906753749366217 ], [ 113.039259900749997, 27.904646666718666 ], [ 113.042393598160174, 27.905850719084327 ], [ 113.047898636816342, 27.904084176208446 ], [ 113.044919413702402, 27.898881067049984 ], [ 113.044786841231101, 27.898649527392219 ], [ 113.042564129842134, 27.894065876221031 ], [ 113.042554407375818, 27.893963343900676 ], [ 113.042262530366969, 27.890885183828466 ], [ 113.041946709662511, 27.887342836396886 ], [ 113.041771536385482, 27.885620924200218 ], [ 113.04058696574954, 27.879598003196609 ], [ 113.040148966081645, 27.878801002950024 ], [ 113.039819216100426, 27.87851362827265 ], [ 113.036783965960552, 27.875861002994402 ], [ 113.035371977827296, 27.874302210299486 ], [ 113.034494966090151, 27.873334003094691 ], [ 113.033571966000324, 27.871904002758203 ], [ 113.033212965975125, 27.871053003444707 ], [ 113.032734807122424, 27.869730756869441 ], [ 113.032607926376755, 27.869793070821039 ], [ 113.032067993975247, 27.870058241223848 ], [ 113.031902523401584, 27.870747102165598 ], [ 113.030265128200611, 27.871804803760011 ], [ 113.028973197210149, 27.872071973560235 ], [ 113.026659396651368, 27.873049212201373 ], [ 113.026097059368325, 27.873022700448669 ], [ 113.024807137010839, 27.872961886024211 ], [ 113.023300632634971, 27.875079532923934 ], [ 113.021769431775297, 27.875603481070886 ], [ 113.02085565019695, 27.875297845158343 ], [ 113.018232709704506, 27.873963573058678 ], [ 113.015696754877624, 27.875352610551289 ], [ 113.016910279113489, 27.878281908473987 ], [ 113.015199323568851, 27.87820599795209 ], [ 113.014959157181011, 27.878191254638914 ], [ 113.011444043186032, 27.877866761486988 ], [ 113.008680095041754, 27.875682676137281 ], [ 113.009457995653619, 27.872560763920376 ], [ 113.006579764737211, 27.872230688822395 ], [ 113.005973002170123, 27.873564736889918 ], [ 113.001793843635667, 27.873792396262267 ], [ 113.000418796023524, 27.873867302174713 ], [ 112.999405212515413, 27.87357879155925 ], [ 112.999271059009217, 27.873540605163765 ], [ 112.997108737763526, 27.872925110524715 ], [ 112.995592506429745, 27.87249352018798 ], [ 112.994957936513046, 27.872409479559103 ], [ 112.991596541331177, 27.872484739008989 ], [ 112.989216166626719, 27.872581010327476 ], [ 112.98935618882669, 27.87189335299939 ], [ 112.989433978438711, 27.871054404259034 ], [ 112.989060586504337, 27.869018896305207 ], [ 112.987832155624659, 27.868645233331229 ], [ 112.987793504711235, 27.868633476234635 ], [ 112.987613691635772, 27.868578781299256 ], [ 112.986600156636669, 27.865327005252094 ], [ 112.985585881425791, 27.864131440496852 ], [ 112.98515161066463, 27.864820351028833 ], [ 112.983279727326703, 27.867700967248275 ], [ 112.98319968743489, 27.86782413703402 ], [ 112.983067956684991, 27.868026852791381 ], [ 112.983037970022522, 27.868018351579938 ], [ 112.98217348619032, 27.867773272604552 ], [ 112.982115956282868, 27.867815949490474 ], [ 112.98037732005109, 27.869040467978369 ], [ 112.98011642863132, 27.869224525857522 ], [ 112.979390642882336, 27.870507731912443 ], [ 112.977690693496569, 27.869754712354997 ], [ 112.977677623907496, 27.869803887551843 ], [ 112.977544515141958, 27.870357752596007 ], [ 112.97751519952098, 27.870357752596007 ], [ 112.976277639063056, 27.870357752596007 ], [ 112.975084314344684, 27.872646374369097 ], [ 112.973695161385976, 27.87345904768754 ], [ 112.971745699540108, 27.872432511705512 ], [ 112.969278028352946, 27.873587363802866 ], [ 112.969261059177228, 27.87417963629829 ], [ 112.968337255993575, 27.875626514920459 ], [ 112.968988610931348, 27.876293891725513 ], [ 112.969135932841311, 27.876460255664341 ], [ 112.97010697034095, 27.87786051539123 ], [ 112.96989008109874, 27.879940171420287 ], [ 112.968517942231486, 27.879912606064998 ], [ 112.969291391691129, 27.880790352931477 ], [ 112.970408983041153, 27.882058635527542 ], [ 112.973039025614241, 27.885043243062071 ], [ 112.972791216359937, 27.885239695219294 ], [ 112.972747576203446, 27.885274290955287 ], [ 112.972934454528627, 27.885400927246113 ], [ 112.973076961468678, 27.885495677678175 ], [ 112.973950542539768, 27.886082827261799 ], [ 112.974109286528559, 27.886190632069987 ], [ 112.975280666302837, 27.887020597029174 ], [ 112.978739409217127, 27.889495637325837 ], [ 112.98027069631506, 27.889903805161996 ], [ 112.980264637178465, 27.889956151870411 ], [ 112.980673380514204, 27.892304359633624 ], [ 112.979924018480617, 27.893689176271945 ], [ 112.975836586021487, 27.894411682612738 ], [ 112.974405985693863, 27.895254600316871 ], [ 112.970931668687527, 27.894833142285343 ], [ 112.969501067461579, 27.895375016369023 ], [ 112.967934218756497, 27.894893350562626 ], [ 112.962688680928053, 27.896458756397688 ], [ 112.96302986556455, 27.897463185819845 ], [ 112.962758220412525, 27.898603543316668 ], [ 112.963012887405682, 27.90019402079762 ], [ 112.96370031688862, 27.9006533212116 ], [ 112.967121523698765, 27.900944238225254 ], [ 112.968615572933203, 27.902084558245694 ], [ 112.968072281730826, 27.903119838716801 ], [ 112.965287917575083, 27.9035849616847 ], [ 112.965899119616296, 27.905400421677374 ], [ 112.96956919120116, 27.906874152622578 ], [ 112.972634764871756, 27.907054757255882 ], [ 112.970386677872639, 27.909763796129706 ], [ 112.966776112488844, 27.909643395295745 ], [ 112.966558396796572, 27.910381309611239 ], [ 112.966339252783015, 27.911124058010611 ], [ 112.969137911829876, 27.915562872431728 ], [ 112.96966502976386, 27.916219772776518 ], [ 112.971363489742942, 27.918336384567713 ], [ 112.973929118618571, 27.916987565976715 ], [ 112.975972834398945, 27.913797127171829 ], [ 112.9822402292193, 27.917830307800987 ], [ 112.986463909157521, 27.919575966286974 ], [ 112.991777569827264, 27.918492457030265 ], [ 112.993480666909775, 27.919034213412701 ], [ 112.995115639354452, 27.917770112287595 ], [ 112.997636222210161, 27.920478881976546 ], [ 112.999066823436081, 27.920779852462065 ], [ 113.000226420008801, 27.919744279842266 ] ] ] } },
{ "type": "Feature", "properties": { "name": "育才学校教育集团育才校区", "isAssistFeature": false, "sourceFileId": null, "sourceFileName": null, "sourceGroupId": null, "id": null, "sourceFile": null }, "geometry": { "type": "Polygon", "coordinates": [ [ [ 112.969278028352946, 27.873587363802866 ], [ 112.971745699540108, 27.872432511705512 ], [ 112.973695161385976, 27.87345904768754 ], [ 112.975084314344684, 27.872646374369097 ], [ 112.976277639063056, 27.870357752596007 ], [ 112.97751519952098, 27.870357752596007 ], [ 112.977544515141958, 27.870357752596007 ], [ 112.977677623907496, 27.869803887551843 ], [ 112.977690693496569, 27.869754712354997 ], [ 112.979390642882336, 27.870507731912443 ], [ 112.98011642863132, 27.869224525857522 ], [ 112.98037732005109, 27.869040467978369 ], [ 112.982115956282868, 27.867815949490474 ], [ 112.98217348619032, 27.867773272604552 ], [ 112.983037970022522, 27.868018351579938 ], [ 112.983067956684991, 27.868026852791381 ], [ 112.98319968743489, 27.86782413703402 ], [ 112.983279727326703, 27.867700967248275 ], [ 112.98515161066463, 27.864820351028833 ], [ 112.985585881425791, 27.864131440496852 ], [ 112.985680785740612, 27.864005997587206 ], [ 112.985768560127042, 27.863105861273503 ], [ 112.985810532112055, 27.862675431822229 ], [ 112.986203003364736, 27.858668576046252 ], [ 112.986406571489596, 27.856562744887356 ], [ 112.983307678406803, 27.857237245660322 ], [ 112.981533015240501, 27.857623513972012 ], [ 112.971846765399462, 27.859731774617821 ], [ 112.964197528110176, 27.86139664000995 ], [ 112.963181428420981, 27.842915454176879 ], [ 112.956889589543437, 27.842096197256581 ], [ 112.956991509700629, 27.834299727839785 ], [ 112.951370776120712, 27.833673680203621 ], [ 112.951203284337666, 27.833108241753038 ], [ 112.951150529874312, 27.841218200536002 ], [ 112.951370451828893, 27.842650805967569 ], [ 112.951535258547551, 27.843724369313946 ], [ 112.951626303699911, 27.844317441235919 ], [ 112.95313613813056, 27.854128948973596 ], [ 112.953207796740742, 27.854654923638659 ], [ 112.953217342238972, 27.854729386096015 ], [ 112.953132664345333, 27.854768761731279 ], [ 112.953049993288062, 27.854807203336012 ], [ 112.952945105097172, 27.854855976286093 ], [ 112.953554020027667, 27.85662587413028 ], [ 112.954014507222084, 27.857964326784455 ], [ 112.95403024390923, 27.858013798805633 ], [ 112.954820881733511, 27.860645552142547 ], [ 112.9563882128339, 27.865870853530442 ], [ 112.95655103247914, 27.866413661130114 ], [ 112.957253468318939, 27.867586742491554 ], [ 112.959059912083347, 27.86692135776099 ], [ 112.960375057337401, 27.868540142869275 ], [ 112.960835842772497, 27.868530669681871 ], [ 112.964536228006608, 27.868454594294757 ], [ 112.965063592977316, 27.869003055051682 ], [ 112.966449059250095, 27.869860219346712 ], [ 112.967277363434221, 27.870359752183951 ], [ 112.968481478715816, 27.871090010666336 ], [ 112.969278028352946, 27.873587363802866 ] ] ] } },
{ "type": "Feature", "properties": { "name": "进军学校", "isAssistFeature": false, "sourceFileId": null, "sourceFileName": null, "sourceGroupId": null, "id": null, "sourceFile": null }, "geometry": { "type": "Polygon", "coordinates": [ [ [ 112.733809645294343, 27.892433222686872 ], [ 112.733466322667482, 27.89084016112449 ], [ 112.733981110325871, 27.889265362248402 ], [ 112.73372381486223, 27.888033281785166 ], [ 112.734324629683798, 27.886136700301233 ], [ 112.737242872461252, 27.885378058246815 ], [ 112.738011985753005, 27.88400961909883 ], [ 112.738032974889634, 27.883766936125937 ], [ 112.73804836662373, 27.883590300050997 ], [ 112.738081662679718, 27.883210803626014 ], [ 112.738084301930016, 27.883141921287717 ], [ 112.73815153723578, 27.882322435583951 ], [ 112.738057336301807, 27.881165114253758 ], [ 112.738137863978864, 27.880656775291879 ], [ 112.738253699938113, 27.87989355368774 ], [ 112.738099145691791, 27.879292191952988 ], [ 112.737984477542398, 27.878846022719472 ], [ 112.737414534223873, 27.87695677554591 ], [ 112.741671793187436, 27.878143941350704 ], [ 112.742306882330382, 27.87832243329045 ], [ 112.742719177604741, 27.87756550566893 ], [ 112.742877562267452, 27.877274727519421 ], [ 112.743422681541418, 27.876273940613796 ], [ 112.745997601692025, 27.875591100583176 ], [ 112.746684247844058, 27.872935571980733 ], [ 112.746281167487851, 27.871926001880112 ], [ 112.745654279065164, 27.870355853066847 ], [ 112.745485720083565, 27.870269775454929 ], [ 112.743107521997032, 27.869028124064606 ], [ 112.742306882330382, 27.868610714873217 ], [ 112.737672026418593, 27.867017302865499 ], [ 112.735526259326974, 27.865423867427438 ], [ 112.733809645294343, 27.86489271707481 ], [ 112.732538546235318, 27.864190391212631 ], [ 112.731171094777224, 27.863434822153764 ], [ 112.728386806079939, 27.861896379433865 ], [ 112.728316481467928, 27.861857521810208 ], [ 112.725569899554756, 27.864361564118969 ], [ 112.720248396592595, 27.870431727795722 ], [ 112.718934598811472, 27.873062637218066 ], [ 112.716042692841484, 27.878853517807332 ], [ 112.715960736843186, 27.882222091606245 ], [ 112.715871031078905, 27.88590910816362 ], [ 112.719046766949418, 27.893343533507313 ], [ 112.71934119966528, 27.893453315956059 ], [ 112.724277515813341, 27.895293861188662 ], [ 112.724548961539369, 27.895377937252537 ], [ 112.729689771975387, 27.896908841724393 ], [ 112.7298974292314, 27.896537098620232 ], [ 112.73037598334281, 27.89575696151266 ], [ 112.733809645294343, 27.892433222686872 ] ] ] } },
{ "type": "Feature", "properties": { "name": "金庭学校", "isAssistFeature": false, "sourceFileId": "file_1777361714387_61_g1", "sourceFileName": "金庭学校.geojson", "sourceGroupId": 1.0, "id": "imported_1777361714387_61_0_g1", "sourceFile": "金庭学校.geojson" }, "geometry": { "type": "Polygon", "coordinates": [ [ [ 112.904695403847256, 27.856230140563014 ], [ 112.904373245586413, 27.856016997722108 ], [ 112.90122969662103, 27.854451857866877 ], [ 112.898112969745696, 27.852934124914498 ], [ 112.894781666149242, 27.851373683573257 ], [ 112.892968492855175, 27.850553138540207 ], [ 112.89202940244995, 27.850505366502716 ], [ 112.891888917617663, 27.851341501405088 ], [ 112.891766496109042, 27.851479887073651 ], [ 112.891053955120597, 27.852257867423319 ], [ 112.890350267927644, 27.853018292564201 ], [ 112.890266129023161, 27.853037328222527 ], [ 112.889592572223123, 27.853185770819422 ], [ 112.888298176255546, 27.855028020907241 ], [ 112.888708594050982, 27.855530447172285 ], [ 112.888834876518672, 27.85636781963602 ], [ 112.888858506702221, 27.856396198703067 ], [ 112.889434719363095, 27.857093537365074 ], [ 112.889340007287771, 27.857428481820861 ], [ 112.889780982175907, 27.858500623384273 ], [ 112.889845138056828, 27.858656604226638 ], [ 112.890869200412766, 27.859153672682737 ], [ 112.891455240642884, 27.859438129205799 ], [ 112.891712738227483, 27.859409672309482 ], [ 112.892212936347349, 27.859354394542663 ], [ 112.892690660415454, 27.859676481131359 ], [ 112.893555525133351, 27.859538510965095 ], [ 112.894428526791046, 27.859388761080353 ], [ 112.894707018003871, 27.858963632455541 ], [ 112.894925330177486, 27.859079214852613 ], [ 112.896518582165413, 27.859928303651643 ], [ 112.900090309786179, 27.861917838163023 ], [ 112.901438622637144, 27.862562224665439 ], [ 112.904695403847256, 27.856230140563014 ] ] ] } },
{ "type": "Feature", "properties": { "name": "金庭宝庆路学校", "isAssistFeature": false, "sourceFileId": null, "sourceFileName": null, "sourceGroupId": null, "id": null, "sourceFile": null }, "geometry": { "type": "Polygon", "coordinates": [ [ [ 112.876522564539584, 27.827899977462678 ], [ 112.876007580150116, 27.825508953305619 ], [ 112.875026781556613, 27.827453091443129 ], [ 112.874763035290869, 27.827975881901953 ], [ 112.874248050901443, 27.830290948950562 ], [ 112.87424144019927, 27.830688469105425 ], [ 112.874190169752723, 27.833771550133246 ], [ 112.874162220469287, 27.835452232078289 ], [ 112.874304297116339, 27.835780820886406 ], [ 112.874628011317142, 27.836529491349705 ], [ 112.875278018782012, 27.838032780791377 ], [ 112.878496669868582, 27.842586541447197 ], [ 112.87936602975617, 27.843281342114921 ], [ 112.882959864916117, 27.846153520986928 ], [ 112.882959864916117, 27.845869431524779 ], [ 112.882959864916117, 27.845546384121466 ], [ 112.882359050094522, 27.844104419452297 ], [ 112.881027683961392, 27.84201763217289 ], [ 112.881004123846452, 27.841959670251072 ], [ 112.879655384295702, 27.838791754306992 ], [ 112.879142202825037, 27.837189301900672 ], [ 112.878282092889933, 27.834503484955203 ], [ 112.876756687062169, 27.83019344448903 ], [ 112.876522564539584, 27.829531915975831 ], [ 112.876522564539584, 27.827899977462678 ] ] ] } },
{ "type": "Feature", "properties": { "name": "金庭宝庆路学校", "isAssistFeature": false, "sourceFileId": null, "sourceFileName": null, "sourceGroupId": null, "id": null, "sourceFile": null }, "geometry": { "type": "Polygon", "coordinates": [ [ [ 112.884778120628184, 27.855727071187481 ], [ 112.885068308804293, 27.855681739212365 ], [ 112.88489280494727, 27.857156119085236 ], [ 112.886070942747423, 27.857474814566856 ], [ 112.889382501193964, 27.858416644176007 ], [ 112.889499419623121, 27.858448319450936 ], [ 112.889564008492059, 27.858464950892536 ], [ 112.889755034338904, 27.858504748481991 ], [ 112.889780982175907, 27.858500623384284 ], [ 112.889340007287771, 27.857428481820861 ], [ 112.889434719363109, 27.857093537365067 ], [ 112.888858506702221, 27.856396198703084 ], [ 112.888834876518672, 27.856367819636031 ], [ 112.888708594050968, 27.855530447172288 ], [ 112.888298176255532, 27.855028020907252 ], [ 112.889592572223137, 27.853185770819444 ], [ 112.890266129023175, 27.853037328222527 ], [ 112.890350267927644, 27.853018292564197 ], [ 112.891053955120597, 27.852257867423351 ], [ 112.891766496109042, 27.851479887073683 ], [ 112.891888917617649, 27.851341501405091 ], [ 112.892029402449964, 27.850505366502723 ], [ 112.89136941200735, 27.850108773585813 ], [ 112.891242785484906, 27.85010430425152 ], [ 112.890824509227372, 27.850089539641143 ], [ 112.889586736767058, 27.850175039963649 ], [ 112.888742915084705, 27.850208446761727 ], [ 112.888290943020877, 27.850226339965928 ], [ 112.886550325105546, 27.849867238645974 ], [ 112.884867727577799, 27.849114831041021 ], [ 112.883543931547536, 27.848246833925181 ], [ 112.883146450390512, 27.847986209051211 ], [ 112.879121499352664, 27.844800631408678 ], [ 112.878885928745817, 27.844614184883408 ], [ 112.877414843144976, 27.845342047253883 ], [ 112.869007168142787, 27.849501894760706 ], [ 112.86933744184185, 27.850164091014388 ], [ 112.869986923792226, 27.851466283058553 ], [ 112.870030763374743, 27.8515541793581 ], [ 112.870052959847101, 27.851711178103137 ], [ 112.870216647264897, 27.852868980038966 ], [ 112.870648223978534, 27.855000336433353 ], [ 112.872182587806321, 27.856532885439986 ], [ 112.872602918510921, 27.856951910518866 ], [ 112.872867951164139, 27.857217527715498 ], [ 112.876687510497092, 27.861054595088206 ], [ 112.876740578472493, 27.861108669591435 ], [ 112.87632387785996, 27.861454611397502 ], [ 112.878909113365012, 27.861777196844269 ], [ 112.881068793563728, 27.862046680190776 ], [ 112.881078571725595, 27.861953990791001 ], [ 112.881292463289697, 27.859910804380416 ], [ 112.881306835435936, 27.859820552920432 ], [ 112.881396866390318, 27.859400404815382 ], [ 112.881658085695165, 27.858245678699298 ], [ 112.882417373214366, 27.857747996920665 ], [ 112.883234773647558, 27.857087545014739 ], [ 112.884778120628184, 27.855727071187481 ] ] ] } },
{ "type": "Feature", "properties": { "name": "金陵学校", "isAssistFeature": false, "sourceFileId": null, "sourceFileName": null, "sourceGroupId": null, "id": null, "sourceFile": null }, "geometry": { "type": "Polygon", "coordinates": [ [ [ 112.795596796412127, 27.888012426895681 ], [ 112.797000948541168, 27.886753507771314 ], [ 112.799730485820191, 27.884306246939367 ], [ 112.800270954515909, 27.882959134468635 ], [ 112.801367817240788, 27.882327518962779 ], [ 112.802900252385626, 27.881435580833841 ], [ 112.804498674177992, 27.881852444339824 ], [ 112.8067160801169, 27.882101523556511 ], [ 112.809873954784621, 27.88303646375709 ], [ 112.810823279105534, 27.883792265336563 ], [ 112.81222671258233, 27.884023137245133 ], [ 112.813543760468136, 27.885247399482871 ], [ 112.815799887389034, 27.884869650131787 ], [ 112.819035873265662, 27.884446421512163 ], [ 112.819950251325395, 27.883559141886909 ], [ 112.819481604733241, 27.881953916980287 ], [ 112.81923824573289, 27.881976434946392 ], [ 112.819021917937732, 27.881495557557269 ], [ 112.818999442987646, 27.881445597601648 ], [ 112.818004027906142, 27.879232853221591 ], [ 112.817586543962705, 27.878304799617379 ], [ 112.818510834033262, 27.87732014336839 ], [ 112.819796942144052, 27.875950023776127 ], [ 112.817747888574246, 27.87447196328576 ], [ 112.817329051767956, 27.874169838027228 ], [ 112.817315264425005, 27.872532779783807 ], [ 112.820890951819564, 27.870527802409399 ], [ 112.821774344290191, 27.870156908967317 ], [ 112.821862002793921, 27.870120597075463 ], [ 112.822497968692559, 27.869863496684761 ], [ 112.822828145373563, 27.869240817347936 ], [ 112.822802057399386, 27.867730889532432 ], [ 112.823344493405628, 27.866780896852738 ], [ 112.823752718413445, 27.866060463924583 ], [ 112.823435072332359, 27.86587246089087 ], [ 112.822462545425992, 27.865290872808977 ], [ 112.819640072939251, 27.863673280444686 ], [ 112.818394292896485, 27.86308818859187 ], [ 112.816817601350834, 27.863053770811831 ], [ 112.812650293391627, 27.861975972078486 ], [ 112.809138309127093, 27.861067652294693 ], [ 112.808726259991104, 27.858352973533552 ], [ 112.808381101207814, 27.849032013733741 ], [ 112.812379018345482, 27.849265838946611 ], [ 112.81239220381724, 27.847913462377964 ], [ 112.812396006385811, 27.847670341129689 ], [ 112.812413056409923, 27.846891361217757 ], [ 112.812344283188409, 27.844064321888265 ], [ 112.812643472483657, 27.842360917513698 ], [ 112.808714476789547, 27.842421205790863 ], [ 112.808248903333961, 27.83872486614802 ], [ 112.805473206124077, 27.839430211048345 ], [ 112.788585421365084, 27.843718458039024 ], [ 112.787090394763609, 27.844681170287956 ], [ 112.78475035441538, 27.845715716688023 ], [ 112.782993996219645, 27.846306956406121 ], [ 112.781705658490296, 27.846740643893398 ], [ 112.779073113210814, 27.847861380502021 ], [ 112.777879644761995, 27.848092216977943 ], [ 112.776473068080023, 27.848364272062142 ], [ 112.775498051043698, 27.848450481446658 ], [ 112.774555535054319, 27.848579796189181 ], [ 112.772004241494017, 27.848450481446658 ], [ 112.7711917269976, 27.848349903560003 ], [ 112.769306695018898, 27.848105642703214 ], [ 112.767535414009643, 27.847645854947267 ], [ 112.767520493891084, 27.847008645936278 ], [ 112.76649555118621, 27.847387624195143 ], [ 112.765432816357318, 27.847780574156268 ], [ 112.765831372797734, 27.848502153986697 ], [ 112.763990421150041, 27.849475439200916 ], [ 112.763046692435026, 27.849764928979599 ], [ 112.762680877790075, 27.849861395218596 ], [ 112.761029714110748, 27.85175759271781 ], [ 112.760745030810682, 27.853234254600224 ], [ 112.756987210890586, 27.854207497341555 ], [ 112.757993092243453, 27.855617007466758 ], [ 112.758923057869964, 27.855264631256279 ], [ 112.760628282163125, 27.85532611640955 ], [ 112.762222652553547, 27.8548398899277 ], [ 112.762302823599413, 27.854815440310407 ], [ 112.763626946616398, 27.855024079938609 ], [ 112.765885434309865, 27.856047646029182 ], [ 112.766771025856301, 27.855045808477819 ], [ 112.771617058623406, 27.856131544473573 ], [ 112.771477713753143, 27.857435493920839 ], [ 112.771857291486569, 27.858173788710367 ], [ 112.771629545205826, 27.858861740386338 ], [ 112.772307104898758, 27.860239983036099 ], [ 112.772464615500695, 27.861244369568716 ], [ 112.773413560732564, 27.861814850519647 ], [ 112.773375602420202, 27.862653787406369 ], [ 112.771212009160095, 27.862788017023291 ], [ 112.770624492099657, 27.862893133711939 ], [ 112.770617658615294, 27.863022602769838 ], [ 112.770551562373342, 27.863979053978955 ], [ 112.770509790712595, 27.864532982944613 ], [ 112.770704889520943, 27.865049544819236 ], [ 112.771531804011346, 27.867245328593917 ], [ 112.77154553835372, 27.867267474783503 ], [ 112.771777917246354, 27.867729817447778 ], [ 112.772099179944789, 27.868353847551262 ], [ 112.772180365188603, 27.868430534490496 ], [ 112.773359712121149, 27.869780067871979 ], [ 112.773806954555042, 27.870692677502156 ], [ 112.774267371680835, 27.871131379137793 ], [ 112.775590424804363, 27.87171304069485 ], [ 112.776428569134097, 27.873068790681053 ], [ 112.777888992630849, 27.874170980722148 ], [ 112.777885775763821, 27.874193275579064 ], [ 112.777615305608208, 27.875081703946634 ], [ 112.777091714460013, 27.875368970999332 ], [ 112.775786242264928, 27.875589827674233 ], [ 112.775381753350374, 27.875907655813769 ], [ 112.775368741253473, 27.875936484770172 ], [ 112.775066098834273, 27.876590650281102 ], [ 112.774407836750257, 27.877180825105281 ], [ 112.77447499839414, 27.877752351314374 ], [ 112.774521815891816, 27.878180503064442 ], [ 112.773675703505489, 27.878561523443448 ], [ 112.773504789141228, 27.878639484765003 ], [ 112.773087494742285, 27.879639078590976 ], [ 112.777154975618942, 27.880774141787999 ], [ 112.777661770067937, 27.882299814465856 ], [ 112.778396059269411, 27.88271941800819 ], [ 112.780177647548186, 27.883737484360463 ], [ 112.782049100593099, 27.884806893060432 ], [ 112.783896141920124, 27.884402227463873 ], [ 112.784378501295066, 27.885549223085178 ], [ 112.784607837593867, 27.886094553086441 ], [ 112.784904719117179, 27.88720792816606 ], [ 112.785172952467747, 27.888213858313836 ], [ 112.788853574765582, 27.888008057579047 ], [ 112.791311595351644, 27.891854314706809 ], [ 112.793337804763794, 27.890037738210285 ], [ 112.795596796412127, 27.888012426895681 ] ] ] } },
{ "type": "Feature", "properties": { "name": "长城中学（小学部）", "isAssistFeature": false, "sourceFileId": null, "sourceFileName": null, "sourceGroupId": null, "id": null, "sourceFile": null }, "geometry": { "type": "Polygon", "coordinates": [ [ [ 112.847666011413878, 27.882551571704585 ], [ 112.845901944774695, 27.878467830188107 ], [ 112.845875331286081, 27.87847346641227 ], [ 112.845054111216299, 27.878647392776656 ], [ 112.844956119391853, 27.876874231230708 ], [ 112.843758778305812, 27.875268662665682 ], [ 112.843181819144917, 27.875563777903437 ], [ 112.843150747317566, 27.875579671400981 ], [ 112.841061937906545, 27.875118494595696 ], [ 112.841380462539988, 27.873973454727974 ], [ 112.841389541812546, 27.872904776831042 ], [ 112.841390056547226, 27.87284415689474 ], [ 112.85026295645865, 27.873281721407981 ], [ 112.851112354882275, 27.874483081302589 ], [ 112.852471392719409, 27.874483081302589 ], [ 112.85281115172954, 27.873431892024094 ], [ 112.854000309163325, 27.873281721407981 ], [ 112.854449436262655, 27.873390902420464 ], [ 112.855699106010618, 27.873694690299995 ], [ 112.857228023352818, 27.873919945684513 ], [ 112.858353623183604, 27.87383744273027 ], [ 112.85833549518118, 27.873189734864354 ], [ 112.858337906259379, 27.868036248197654 ], [ 112.857669475246354, 27.866165013593946 ], [ 112.855040910401939, 27.865842530946189 ], [ 112.854884601745866, 27.865823354589285 ], [ 112.85475744970897, 27.86430560192753 ], [ 112.854338732378608, 27.864276449034811 ], [ 112.85367834847392, 27.864230108871986 ], [ 112.851065450248029, 27.864371534815884 ], [ 112.849936682059237, 27.86443263042985 ], [ 112.84801981558347, 27.864486937525069 ], [ 112.847902408470787, 27.864489296181929 ], [ 112.846299654103817, 27.864521498593014 ], [ 112.845696094030714, 27.864533625420247 ], [ 112.845686756941646, 27.864558840798409 ], [ 112.843581922484248, 27.870218101378441 ], [ 112.842657857890828, 27.870351469537873 ], [ 112.841891151185735, 27.869716646112359 ], [ 112.841869070596047, 27.86969836303458 ], [ 112.841909858601525, 27.869551278766089 ], [ 112.842023146938644, 27.869142746747503 ], [ 112.841964804055891, 27.869084472939445 ], [ 112.840809537362844, 27.86791557541483 ], [ 112.840273303325333, 27.86790816851337 ], [ 112.839738052943076, 27.867900775111728 ], [ 112.839742502298705, 27.867947196294971 ], [ 112.839786198150762, 27.868278336668403 ], [ 112.839875766472787, 27.868973907393311 ], [ 112.837713840485819, 27.869427714675506 ], [ 112.837674057695153, 27.869419575694735 ], [ 112.837258391941816, 27.869350213669872 ], [ 112.829711441322374, 27.868131109116458 ], [ 112.829309422774827, 27.868024384620945 ], [ 112.827925527655481, 27.867656999843927 ], [ 112.827093702973755, 27.867539164888704 ], [ 112.826799772416138, 27.867409520162802 ], [ 112.825851295206562, 27.866991171619247 ], [ 112.825640957377715, 27.866898052052047 ], [ 112.823752718413445, 27.866060463924583 ], [ 112.823344493405628, 27.866780896852738 ], [ 112.822802057399386, 27.867730889532432 ], [ 112.822828145373563, 27.869240817347936 ], [ 112.822497968692559, 27.869863496684761 ], [ 112.821862002793921, 27.870120597075463 ], [ 112.821774344290191, 27.870156908967317 ], [ 112.820890951819564, 27.870527802409399 ], [ 112.817315264425005, 27.872532779783807 ], [ 112.817329051767956, 27.874169838027228 ], [ 112.817747888574246, 27.87447196328576 ], [ 112.819796942144052, 27.875950023776127 ], [ 112.818510834033262, 27.87732014336839 ], [ 112.817586543962705, 27.878304799617379 ], [ 112.818004027906142, 27.879232853221591 ], [ 112.818999442987646, 27.881445597601648 ], [ 112.819021917937732, 27.881495557557269 ], [ 112.81923824573289, 27.881976434946392 ], [ 112.819481604733241, 27.881953916980287 ], [ 112.821311878107181, 27.881784561620073 ], [ 112.822693383707886, 27.881784561620073 ], [ 112.823723995680552, 27.882609466663322 ], [ 112.824701038417857, 27.882144751413829 ], [ 112.82522547488071, 27.881453334690661 ], [ 112.827705511377758, 27.88166946159976 ], [ 112.828276005363577, 27.88166946159976 ], [ 112.829931858248685, 27.882232235346198 ], [ 112.832467173475067, 27.883093905862811 ], [ 112.833422222759268, 27.884488025468944 ], [ 112.833508454738336, 27.884613937745403 ], [ 112.833803793854301, 27.885857687689057 ], [ 112.834148368732656, 27.886302316258025 ], [ 112.834541368194721, 27.886809428989132 ], [ 112.834493000204873, 27.887986893029293 ], [ 112.83516435343752, 27.888008456955095 ], [ 112.836558604335494, 27.888061662086709 ], [ 112.836777149172761, 27.888965893631514 ], [ 112.838256731937889, 27.889309464592145 ], [ 112.838906259702398, 27.889459794806054 ], [ 112.839326417930437, 27.889983188264463 ], [ 112.840013838430266, 27.890839506101425 ], [ 112.84007914325646, 27.891924849289644 ], [ 112.840276304596699, 27.892351834259582 ], [ 112.840517944221617, 27.8928711915724 ], [ 112.841796460669954, 27.893874053694514 ], [ 112.841832120193473, 27.893982012709007 ], [ 112.842131083113301, 27.89483155440918 ], [ 112.842542643565764, 27.895192579685961 ], [ 112.843482087316872, 27.896016664862501 ], [ 112.845060240421461, 27.897053750013828 ], [ 112.84512240024587, 27.897097992090295 ], [ 112.846511485830973, 27.895677501663272 ], [ 112.846597316263086, 27.894653424725306 ], [ 112.845768554836496, 27.893774460379973 ], [ 112.845739009246785, 27.893743124920942 ], [ 112.847636557452347, 27.893121194212359 ], [ 112.847363078838825, 27.890307009138922 ], [ 112.846546096122211, 27.889547785737395 ], [ 112.847062002183165, 27.888257421175243 ], [ 112.847228433954172, 27.887195016234848 ], [ 112.847639132922268, 27.886496955018703 ], [ 112.847814655643973, 27.883658982011028 ], [ 112.847183698751323, 27.883293905279984 ], [ 112.847666011413878, 27.882551571704585 ] ] ] } },
{ "type": "Feature", "properties": { "name": "长郡湘潭高新实验学校教育集团长郡实校小学部", "isAssistFeature": false, "sourceFileId": null, "sourceFileName": null, "sourceGroupId": null, "id": null, "sourceFile": null }, "geometry": { "type": "Polygon", "coordinates": [ [ [ 113.015696754877624, 27.875352610551289 ], [ 113.018232709704506, 27.873963573058678 ], [ 113.02085565019695, 27.875297845158343 ], [ 113.021769431775297, 27.875603481070886 ], [ 113.023300632634971, 27.875079532923934 ], [ 113.024807137010839, 27.872961886024211 ], [ 113.026097059368325, 27.873022700448669 ], [ 113.026659396651368, 27.873049212201373 ], [ 113.028973197210149, 27.872071973560235 ], [ 113.030265128200611, 27.871804803760011 ], [ 113.031902523401584, 27.870747102165598 ], [ 113.032067993975247, 27.870058241223848 ], [ 113.032607926376755, 27.869793070821039 ], [ 113.032734807122424, 27.869730756869441 ], [ 113.032828796053977, 27.869682772029005 ], [ 113.032693966116369, 27.86872800309623 ], [ 113.032853965949911, 27.867318002735097 ], [ 113.033319966105267, 27.866426002959255 ], [ 113.034036965432435, 27.865648002781345 ], [ 113.036012966206698, 27.865404003259247 ], [ 113.036775965564644, 27.865417002762687 ], [ 113.036981965428964, 27.865026002843219 ], [ 113.036996965497565, 27.864067002872584 ], [ 113.036593965989766, 27.862423003374818 ], [ 113.036280965995303, 27.859538003473304 ], [ 113.036561966202697, 27.858469002924743 ], [ 113.039661085660967, 27.85205703155442 ], [ 113.036148660323633, 27.850458925935584 ], [ 113.034383862455812, 27.849655958475282 ], [ 113.032013557865668, 27.847903120031866 ], [ 113.0307201356718, 27.846687756043199 ], [ 113.025829217683224, 27.842091879308118 ], [ 113.020035215254694, 27.837796936734769 ], [ 113.011786616617954, 27.833818310832733 ], [ 113.010256402108453, 27.833080211684837 ], [ 113.009352184892933, 27.832311353266022 ], [ 113.006954464618616, 27.830272539268403 ], [ 113.003525531398779, 27.824207720015281 ], [ 112.996652959537812, 27.819241391845377 ], [ 112.995319824621873, 27.818532821961863 ], [ 112.992735436228202, 27.817159188253459 ], [ 112.987774704768981, 27.814522452537968 ], [ 112.97937580810374, 27.812349196123385 ], [ 112.971725551226612, 27.810369615693482 ], [ 112.967101494861168, 27.80874713930741 ], [ 112.966560797095028, 27.808557419193164 ], [ 112.96619900420761, 27.808482287009141 ], [ 112.955808408708506, 27.806324490787677 ], [ 112.955662401033806, 27.806711618928638 ], [ 112.953392982639969, 27.812728643433381 ], [ 112.952892373091686, 27.81405589133669 ], [ 112.9514765105246, 27.817750665399632 ], [ 112.951463950280299, 27.817797630831972 ], [ 112.951311902333629, 27.818310016952655 ], [ 112.951284006949109, 27.821170755300216 ], [ 112.951279130893766, 27.821670839756933 ], [ 112.95127504266091, 27.822090084513814 ], [ 112.951228447945425, 27.827959458691744 ], [ 112.951220818553708, 27.830412488999556 ], [ 112.951203284337666, 27.833108241753038 ], [ 112.951370776120712, 27.833673680203621 ], [ 112.951370395235045, 27.837015386061175 ], [ 112.95136991733132, 27.841204039996221 ], [ 112.951398314874069, 27.841381178866349 ], [ 112.956889589543437, 27.842096197256581 ], [ 112.963181428420981, 27.842915454176879 ], [ 112.964197528110176, 27.86139664000995 ], [ 112.971846765399462, 27.859731774617821 ], [ 112.981533015240501, 27.857623513972012 ], [ 112.983307678406803, 27.857237245660322 ], [ 112.986406571489596, 27.856562744887356 ], [ 112.986203003364736, 27.858668576046252 ], [ 112.985810532112055, 27.862675431822229 ], [ 112.985768560127042, 27.863105861273503 ], [ 112.985680785740612, 27.864005997587206 ], [ 112.985585881425791, 27.864131440496852 ], [ 112.986600156636669, 27.865327005252094 ], [ 112.987613691635772, 27.868578781299256 ], [ 112.987793504711235, 27.868633476234635 ], [ 112.987832155624659, 27.868645233331229 ], [ 112.989060586504337, 27.869018896305207 ], [ 112.989433978438711, 27.871054404259034 ], [ 112.98935618882669, 27.87189335299939 ], [ 112.989216166626719, 27.872581010327476 ], [ 112.991596541331177, 27.872484739008989 ], [ 112.994957936513046, 27.872409479559103 ], [ 112.995592506429745, 27.87249352018798 ], [ 112.997108737763526, 27.872925110524715 ], [ 112.999271059009217, 27.873540605163765 ], [ 112.999405212515413, 27.87357879155925 ], [ 113.000418796023524, 27.873867302174713 ], [ 113.001793843635667, 27.873792396262267 ], [ 113.005973002170123, 27.873564736889918 ], [ 113.006579764737211, 27.872230688822395 ], [ 113.009457995653619, 27.872560763920376 ], [ 113.008680095041754, 27.875682676137281 ], [ 113.011444043186032, 27.877866761486988 ], [ 113.014959157181011, 27.878191254638914 ], [ 113.015199323568851, 27.87820599795209 ], [ 113.016910279113489, 27.878281908473987 ], [ 113.015696754877624, 27.875352610551289 ] ] ] } },
{ "type": "Feature", "properties": { "name": "长郡湘潭高新实验学校教育集团高才校区", "isAssistFeature": false, "sourceFileId": null, "sourceFileName": null, "sourceGroupId": null, "id": null, "sourceFile": null }, "geometry": { "type": "Polygon", "coordinates": [ [ [ 112.986672153911783, 27.844223789068369 ], [ 112.989184596234352, 27.844469826795475 ], [ 112.99142985533696, 27.845423080203439 ], [ 112.995120574698603, 27.839617153415904 ], [ 112.991072372566293, 27.837547823212255 ], [ 112.99246884679458, 27.834851928929144 ], [ 112.995664042869109, 27.832791278733737 ], [ 112.994321498100575, 27.832420521522074 ], [ 112.993591517219215, 27.832133616500244 ], [ 112.99007760696675, 27.832294249119762 ], [ 112.986667983932207, 27.832217407929033 ], [ 112.986672153911783, 27.844223789068369 ] ] ] } },
{ "type": "Feature", "properties": { "name": "长郡湘潭高新实验小学（万达旁）", "isAssistFeature": false, "sourceFileId": null, "sourceFileName": null, "sourceGroupId": null, "id": null, "sourceFile": null }, "geometry": { "type": "Polygon", "coordinates": [ [ [ 112.951311902333629, 27.818310016952655 ], [ 112.951463950280299, 27.817797630831972 ], [ 112.9514765105246, 27.817750665399632 ], [ 112.945910826603622, 27.817955770864131 ], [ 112.945908427203506, 27.817368978445554 ], [ 112.946078737001585, 27.816856839743977 ], [ 112.945693631035908, 27.815774829460906 ], [ 112.945500512114464, 27.815452197780981 ], [ 112.945135732328708, 27.815195989540921 ], [ 112.944277426210704, 27.815177011599527 ], [ 112.944041391174849, 27.815034672960941 ], [ 112.943218954786161, 27.818057357338436 ], [ 112.937839077500229, 27.818225974055082 ], [ 112.936251326795102, 27.818275736712625 ], [ 112.936220939484002, 27.818274864352791 ], [ 112.93554744736268, 27.818216093661388 ], [ 112.931288966690317, 27.823034857398106 ], [ 112.931020955223588, 27.823334029924258 ], [ 112.930549723280066, 27.823859442070955 ], [ 112.929892920958395, 27.824604174049018 ], [ 112.929171359986228, 27.82542232767333 ], [ 112.928789129527786, 27.825852577669178 ], [ 112.928186073409563, 27.827294016691358 ], [ 112.927499865635355, 27.828934184983407 ], [ 112.927448058894626, 27.829058012098191 ], [ 112.9273307676646, 27.82933835700301 ], [ 112.927319312348104, 27.829368040426637 ], [ 112.927260104387713, 27.829554819797224 ], [ 112.926769530817822, 27.831107409732379 ], [ 112.926744701383328, 27.831171065388538 ], [ 112.931602801219654, 27.831669990026377 ], [ 112.942641789911079, 27.83280245742726 ], [ 112.946663674998817, 27.833214085481419 ], [ 112.94854037330667, 27.833415795113957 ], [ 112.951162019326787, 27.833679963798595 ], [ 112.951168732436912, 27.832991594995605 ], [ 112.951228447945425, 27.827959458691744 ], [ 112.95127504266091, 27.822090084513814 ], [ 112.951279130893766, 27.821670839756933 ], [ 112.951284006949109, 27.821170755300216 ], [ 112.951311902333629, 27.818310016952655 ] ] ] } },
{ "type": "Feature", "properties": { "name": "长龙学校", "isAssistFeature": false, "sourceFileId": null, "sourceFileName": null, "sourceGroupId": null, "id": null, "sourceFile": null }, "geometry": { "type": "Polygon", "coordinates": [ [ [ 112.766344752796087, 28.00265680256658 ], [ 112.766404255403899, 28.00243817488828 ], [ 112.767642494089827, 28.002502484844204 ], [ 112.768467986547137, 28.001730758874249 ], [ 112.77101730291551, 28.001173397218928 ], [ 112.770774510752105, 27.999737107009945 ], [ 112.771430049144186, 27.999115423896555 ], [ 112.773396663422062, 27.998000671440806 ], [ 112.774222155879343, 27.996735842480152 ], [ 112.774130937352155, 27.994908952509139 ], [ 112.775821404121771, 27.994489985155035 ], [ 112.777648987041445, 27.995019141804505 ], [ 112.778941044694363, 27.99423103564844 ], [ 112.779000547302175, 27.994110943130902 ], [ 112.779822935181855, 27.992750522201831 ], [ 112.779914052199416, 27.992738773839434 ], [ 112.780783478562313, 27.992626675312952 ], [ 112.781845147090991, 27.992491341655199 ], [ 112.781881439028467, 27.992487354928468 ], [ 112.782647963375538, 27.992866131381632 ], [ 112.78314560758507, 27.993112475206402 ], [ 112.783174720186807, 27.993134103031942 ], [ 112.784808756586941, 27.993065704800742 ], [ 112.785129364413521, 27.993664914632404 ], [ 112.786054885176, 27.995451577997638 ], [ 112.78603566661883, 27.99547212898322 ], [ 112.785426101308076, 27.996123964965953 ], [ 112.784953644960794, 27.996629181463273 ], [ 112.784989859643147, 27.996654603203858 ], [ 112.785037462268363, 27.996694034254975 ], [ 112.785509560187833, 27.997052139750629 ], [ 112.786115118114111, 27.997501936924809 ], [ 112.786253886265982, 27.997609830477337 ], [ 112.787197151450258, 27.998619046304892 ], [ 112.787708249727814, 27.998894437273613 ], [ 112.789380225575627, 27.999814851649663 ], [ 112.789473769841109, 27.999739837091596 ], [ 112.791606285883958, 27.998031462685333 ], [ 112.794863320186039, 27.995419953950243 ], [ 112.795428657842095, 27.994978593311817 ], [ 112.796506689183644, 27.994313606959981 ], [ 112.797830849929866, 27.994381427738038 ], [ 112.798814653388007, 27.994431816179972 ], [ 112.800557361683005, 27.994584004599176 ], [ 112.800763839451051, 27.994602035737785 ], [ 112.801324840939273, 27.994818293358342 ], [ 112.80219895381299, 27.99515525041862 ], [ 112.803762672787627, 27.995466270417904 ], [ 112.804737265819156, 27.995560836317011 ], [ 112.805931409801047, 27.995092734265601 ], [ 112.805971937295098, 27.995030604365652 ], [ 112.806515267125008, 27.994204820921414 ], [ 112.807512615381015, 27.994069335362557 ], [ 112.807969883911767, 27.992983446647138 ], [ 112.80619693922263, 27.992051261979377 ], [ 112.805759461475901, 27.991821076113876 ], [ 112.804247010252837, 27.991025272854614 ], [ 112.802302514293913, 27.990002132004523 ], [ 112.800941826251574, 27.989286169650491 ], [ 112.800416904698437, 27.988024493145797 ], [ 112.799785025236034, 27.986790314603866 ], [ 112.801412848887651, 27.985397212855258 ], [ 112.801520015206108, 27.985305498584037 ], [ 112.803051517899704, 27.984454320742593 ], [ 112.803792057578875, 27.98347145300934 ], [ 112.803956496886599, 27.983253202890772 ], [ 112.805156710784871, 27.982638302556282 ], [ 112.80535948210408, 27.982534417604949 ], [ 112.805166706339051, 27.98165011585122 ], [ 112.805105070232472, 27.980628064889906 ], [ 112.805086382579589, 27.98031817459449 ], [ 112.804712197432849, 27.979726728529648 ], [ 112.804159983264739, 27.978852186194008 ], [ 112.803762662906152, 27.978770292437169 ], [ 112.803158196432946, 27.978645702012635 ], [ 112.801948407392032, 27.978398197819292 ], [ 112.801952413878212, 27.97805397545832 ], [ 112.801955575049703, 27.97778237968766 ], [ 112.801966113186296, 27.976876882301315 ], [ 112.802338108240392, 27.976467218168256 ], [ 112.802855026702645, 27.975897951095639 ], [ 112.802644204681883, 27.975858982097431 ], [ 112.801703722478337, 27.975685139098786 ], [ 112.800563127070504, 27.974554862014887 ], [ 112.800548402784685, 27.973444255575355 ], [ 112.800547062498282, 27.973343162334196 ], [ 112.799996456314545, 27.973119281849502 ], [ 112.799465371420268, 27.972903338514097 ], [ 112.799481915692851, 27.972813669227488 ], [ 112.799489666357147, 27.972775247330727 ], [ 112.7996496958351, 27.971640622217006 ], [ 112.798937493511531, 27.971361590646385 ], [ 112.797914706763365, 27.972387856516843 ], [ 112.796772418929535, 27.971990100501849 ], [ 112.796309876389728, 27.971006336116112 ], [ 112.796002245625758, 27.969630646093417 ], [ 112.795797208755403, 27.968235686705167 ], [ 112.795876130244665, 27.967692886173459 ], [ 112.796048889748576, 27.966504678516404 ], [ 112.79513781389582, 27.966054548921061 ], [ 112.794709983156906, 27.965843172633335 ], [ 112.794651258490148, 27.965814158971455 ], [ 112.794885210332865, 27.965381748326035 ], [ 112.795236665408012, 27.964730214463284 ], [ 112.795314922144001, 27.964307053224406 ], [ 112.794295962218882, 27.963978918721605 ], [ 112.794263548308493, 27.962353278875646 ], [ 112.792265503775425, 27.962251568259084 ], [ 112.790509919927501, 27.964797031123233 ], [ 112.789359355016629, 27.965474078570221 ], [ 112.789296332809556, 27.965511973856483 ], [ 112.787660954326398, 27.964654574872636 ], [ 112.786858376993706, 27.96423353337795 ], [ 112.786624025400684, 27.964110927987171 ], [ 112.78576082975259, 27.96440046503594 ], [ 112.785530965244448, 27.964477567089972 ], [ 112.785090519463992, 27.964625303027933 ], [ 112.785166189950274, 27.964476530081356 ], [ 112.785759264887375, 27.963273639397919 ], [ 112.785776517930728, 27.963235732217584 ], [ 112.784803134031563, 27.963027239313892 ], [ 112.784744677961086, 27.962972448487541 ], [ 112.783161187965362, 27.961454677983067 ], [ 112.781752862263545, 27.961277520544265 ], [ 112.780629564814816, 27.960196044146809 ], [ 112.777408322986943, 27.959661417096736 ], [ 112.777375484173419, 27.959564797181013 ], [ 112.777286020055953, 27.959303494505686 ], [ 112.777061098976802, 27.958223582894639 ], [ 112.777118556120683, 27.957975746201871 ], [ 112.777204485367506, 27.957615219384074 ], [ 112.776975600921318, 27.957431917294773 ], [ 112.776509943922434, 27.957059011942171 ], [ 112.776243375150074, 27.956845601797177 ], [ 112.775680183569236, 27.956394198839824 ], [ 112.775472543381184, 27.956284230345013 ], [ 112.775402772131386, 27.956246809498065 ], [ 112.774518024102989, 27.956704464930546 ], [ 112.773681011650496, 27.957057797915972 ], [ 112.773665800477815, 27.957150182096406 ], [ 112.773659077486215, 27.957191529563758 ], [ 112.773654222092091, 27.957223944018288 ], [ 112.773365875462304, 27.95900881084664 ], [ 112.773334787465288, 27.95920468430511 ], [ 112.773296145535014, 27.959449054707775 ], [ 112.772947634239088, 27.960070323810086 ], [ 112.772839584876706, 27.960262935818477 ], [ 112.773206627518661, 27.960786639585553 ], [ 112.773264904824387, 27.96123275407702 ], [ 112.773355802653057, 27.961928568239443 ], [ 112.773407257254192, 27.962322447292276 ], [ 112.773219733938632, 27.962504569164146 ], [ 112.773195504578794, 27.962529331665774 ], [ 112.772906959421334, 27.962801161021272 ], [ 112.77200685648981, 27.961957096564042 ], [ 112.770678973125015, 27.960579828043336 ], [ 112.771437983963082, 27.959575696184803 ], [ 112.77181993414716, 27.958389877168788 ], [ 112.771000203484093, 27.957105632918143 ], [ 112.771579840522861, 27.955803738860393 ], [ 112.771692293426753, 27.954583381824037 ], [ 112.772832888834571, 27.953675200525488 ], [ 112.774487555045212, 27.952908916166397 ], [ 112.775370184846153, 27.952291251263681 ], [ 112.775627220696691, 27.950999901448359 ], [ 112.777383630096395, 27.951283715857677 ], [ 112.779091844881123, 27.950834342500031 ], [ 112.779187493001004, 27.95047866172516 ], [ 112.779291336451209, 27.950092506553005 ], [ 112.779423848735405, 27.949599738492477 ], [ 112.779387289099972, 27.949539220246852 ], [ 112.779274871230371, 27.94935313341222 ], [ 112.778611567801008, 27.948255154013214 ], [ 112.775819874290846, 27.947710812710397 ], [ 112.775875211410693, 27.94614538855113 ], [ 112.777021434763753, 27.944722235572836 ], [ 112.77860648692976, 27.944405289661781 ], [ 112.778725084310196, 27.942459055315425 ], [ 112.777289330347784, 27.940090010667014 ], [ 112.775827837855857, 27.940200647203273 ], [ 112.774594961213836, 27.940061113092973 ], [ 112.77283758163361, 27.93986221618168 ], [ 112.770805307694985, 27.93901702878874 ], [ 112.769654985329268, 27.937887527204861 ], [ 112.76766469146051, 27.935273831559666 ], [ 112.766111869948602, 27.936374450003076 ], [ 112.765231556004437, 27.937292003489862 ], [ 112.76580854031819, 27.93890266105187 ], [ 112.764876676551467, 27.93937480514348 ], [ 112.764051746439534, 27.939908338260857 ], [ 112.763528873045246, 27.940248077792123 ], [ 112.762590853123882, 27.940751747363173 ], [ 112.76270217504883, 27.941532544755844 ], [ 112.765481216686538, 27.942630833748808 ], [ 112.763140577162005, 27.944004749822085 ], [ 112.763015762541499, 27.944052431098015 ], [ 112.761059590280496, 27.944874587765664 ], [ 112.76013191176466, 27.945077229823887 ], [ 112.75877044039143, 27.946322796192067 ], [ 112.758186716018102, 27.946869080767783 ], [ 112.758060262870515, 27.947689852675666 ], [ 112.759123604960507, 27.949260543381921 ], [ 112.75987864704166, 27.949827404521237 ], [ 112.757758103744919, 27.949780101930308 ], [ 112.755616141916803, 27.949269227866711 ], [ 112.755498333257208, 27.949165160807855 ], [ 112.754250640701216, 27.948081909320699 ], [ 112.753650891281566, 27.947556836151744 ], [ 112.752424617256892, 27.946889848127718 ], [ 112.750245396005766, 27.946401796655088 ], [ 112.747758749704843, 27.94739948280921 ], [ 112.745668381716797, 27.947907073285705 ], [ 112.744628151482416, 27.948099607801179 ], [ 112.744836197708963, 27.948589692594886 ], [ 112.743449224063113, 27.949202295261053 ], [ 112.742319830646878, 27.951057585196622 ], [ 112.741449825768939, 27.952758806665873 ], [ 112.741202576165094, 27.953242277046016 ], [ 112.745007973557577, 27.957853001985615 ], [ 112.74786120795288, 27.962180341651084 ], [ 112.748698855514306, 27.96322471615489 ], [ 112.750169365295065, 27.964700105575716 ], [ 112.751467602458831, 27.966646027896989 ], [ 112.75286597303068, 27.968742001817397 ], [ 112.754037973540832, 27.972660002185872 ], [ 112.754132973077077, 27.973794001726027 ], [ 112.752752973052807, 27.975682002215706 ], [ 112.752977973183704, 27.976875002096275 ], [ 112.753163395339783, 27.977251915911847 ], [ 112.754661972981594, 27.980410001790919 ], [ 112.754879973439813, 27.984025001666016 ], [ 112.755791973658987, 27.985794001615716 ], [ 112.756056443966827, 27.98615687912881 ], [ 112.758065973460759, 27.98894800199356 ], [ 112.758925972903086, 27.990150001945498 ], [ 112.759464972853323, 27.991574001948337 ], [ 112.759756583062526, 27.9927482623218 ], [ 112.760323973369026, 27.995033002214967 ], [ 112.760079972971567, 28.000004001907797 ], [ 112.758135972882641, 28.005679001651309 ], [ 112.758881973420458, 28.006422001954626 ], [ 112.761477973437508, 28.007361002037751 ], [ 112.761501413178237, 28.007385075337158 ], [ 112.76163076878251, 28.007431277212685 ], [ 112.761758205585352, 28.007479488016664 ], [ 112.763053726243683, 28.007175597082544 ], [ 112.76479568444546, 28.005771616230309 ], [ 112.765768107147224, 28.004987855742833 ], [ 112.766344752796087, 28.00265680256658 ] ] ] } },
{ "type": "Feature", "properties": { "name": "陈蒲学校", "isAssistFeature": false, "sourceFileId": null, "sourceFileName": null, "sourceGroupId": null, "id": null, "sourceFile": null }, "geometry": { "type": "Polygon", "coordinates": [ [ [ 112.834563791042541, 28.024781574149113 ], [ 112.835891971749689, 28.024654002959863 ], [ 112.837943691519243, 28.02495417227572 ], [ 112.8380800162535, 28.024983692596351 ], [ 112.840050760985065, 28.02546288302057 ], [ 112.840406678890517, 28.025546277293312 ], [ 112.842961970852173, 28.026145002755857 ], [ 112.844037971102878, 28.026046003229226 ], [ 112.845079971018365, 28.024758002731755 ], [ 112.845926656529841, 28.023201462575585 ], [ 112.846329971346321, 28.022460003050984 ], [ 112.846964168462165, 28.02103638825681 ], [ 112.84702685380104, 28.020890475826121 ], [ 112.848058054170181, 28.018405518659094 ], [ 112.84813214272323, 28.01822446266614 ], [ 112.849257197276671, 28.015414590605371 ], [ 112.850235971067519, 28.012970002805805 ], [ 112.850802049833689, 28.012285996146034 ], [ 112.851308009747783, 28.011674629650642 ], [ 112.851994144758436, 28.010845544460071 ], [ 112.853357403779086, 28.008996553703057 ], [ 112.853856173577668, 28.008305485389403 ], [ 112.854322971436972, 28.007654003063177 ], [ 112.854889614345169, 28.005928272151738 ], [ 112.855231942537003, 28.004839892741945 ], [ 112.855468971109531, 28.004168002726743 ], [ 112.852776929510497, 28.00192720672565 ], [ 112.84955472379032, 28.003485164780894 ], [ 112.846639395147619, 28.001588517176479 ], [ 112.845948923070807, 28.003281954276151 ], [ 112.844184381222817, 28.001791730875119 ], [ 112.842649998530433, 27.999556357525286 ], [ 112.841192333759921, 27.999691836186305 ], [ 112.840578580503291, 27.998472523691632 ], [ 112.838583882194683, 27.997253197400809 ], [ 112.838967478092357, 27.995966115309042 ], [ 112.838046847758264, 27.994746760660622 ], [ 112.834824642038114, 27.996237081487767 ], [ 112.833980731422528, 27.997591900576168 ], [ 112.829607738009344, 27.996846751709317 ], [ 112.828917265932503, 27.995830631964175 ], [ 112.826845847905389, 27.996101598483559 ], [ 112.825884283140411, 27.998191528631029 ], [ 112.825848498751057, 27.998269303733412 ], [ 112.824145353159494, 27.997899068996531 ], [ 112.821651193349581, 27.995614017849526 ], [ 112.820468011509064, 27.99577072740566 ], [ 112.820053898044577, 27.994046911342725 ], [ 112.819403147672972, 27.993576775264884 ], [ 112.816792753950082, 27.99360155998269 ], [ 112.813901352833298, 27.993629013060673 ], [ 112.81360555737318, 27.991905162744686 ], [ 112.814670421209286, 27.990860391656437 ], [ 112.814889079234277, 27.989653634623963 ], [ 112.808970280151513, 27.991698313290883 ], [ 112.808080404539496, 27.992746006407842 ], [ 112.807969883911767, 27.992983446647138 ], [ 112.807512615381015, 27.994069335362557 ], [ 112.806515267125008, 27.994204820921414 ], [ 112.806591986843557, 27.996914493160933 ], [ 112.805211041791566, 27.996440305278153 ], [ 112.803983534379995, 27.997185456162068 ], [ 112.804827445893906, 27.998878962458406 ], [ 112.803216342584676, 28.002265895210193 ], [ 112.800838048378381, 28.004568948195246 ], [ 112.800761329558156, 28.006533278737898 ], [ 112.800607891019439, 28.008768507336203 ], [ 112.802372431969104, 28.009513572964348 ], [ 112.804290411457472, 28.009852237599507 ], [ 112.803523219662125, 28.011206885491937 ], [ 112.802744410853492, 28.01192310826789 ], [ 112.801693508633534, 28.012901899498772 ], [ 112.801710461639587, 28.013856068324348 ], [ 112.801912117251177, 28.015948018942087 ], [ 112.801471972406375, 28.016442557718307 ], [ 112.801068205737309, 28.016896220902282 ], [ 112.798779465480024, 28.017785215306663 ], [ 112.797002089401587, 28.01960532165274 ], [ 112.797183778159351, 28.020768160077179 ], [ 112.797308966479065, 28.02156937796595 ], [ 112.795215137282213, 28.021569377172927 ], [ 112.79493067227277, 28.021569377172927 ], [ 112.795030455337894, 28.022313113193473 ], [ 112.79511106745656, 28.023207569425871 ], [ 112.795129037355508, 28.023406411009606 ], [ 112.795199995279802, 28.023430874839814 ], [ 112.795384140929869, 28.023495499767463 ], [ 112.796516072985114, 28.023891126868474 ], [ 112.796621860389578, 28.023927799449794 ], [ 112.79671405179225, 28.0239578188419 ], [ 112.798766630351238, 28.024346085333637 ], [ 112.798828142490322, 28.024397163931514 ], [ 112.799616132081141, 28.025048446640639 ], [ 112.800530482293098, 28.025803448215459 ], [ 112.798810724156965, 28.028876120235914 ], [ 112.798733972997397, 28.029024002635548 ], [ 112.799915119255459, 28.031249720963476 ], [ 112.800637148249905, 28.032610270194699 ], [ 112.801258525508331, 28.033891718425785 ], [ 112.801909768156747, 28.035249930069067 ], [ 112.802793216322897, 28.036700764875352 ], [ 112.803062904944241, 28.037145103909442 ], [ 112.804290411457472, 28.041681956980433 ], [ 112.80536447853369, 28.048317606012677 ], [ 112.806438547406501, 28.054140389121944 ], [ 112.805594636790929, 28.055223662559147 ], [ 112.80536447853369, 28.057254771428326 ], [ 112.80689886212437, 28.058473418171076 ], [ 112.815072313094376, 28.057457625575875 ], [ 112.815450440946904, 28.05703078627829 ], [ 112.815652904143946, 28.056802241574651 ], [ 112.816633971333729, 28.055516002945382 ], [ 112.818095805185465, 28.052096104844001 ], [ 112.820088971866511, 28.047433003101787 ], [ 112.821484810985908, 28.046596105750577 ], [ 112.822398971653328, 28.046048002666417 ], [ 112.82374248660237, 28.045306086903377 ], [ 112.824762526302422, 28.044742796820099 ], [ 112.825098971427465, 28.044557002739367 ], [ 112.825316011586651, 28.044491140947652 ], [ 112.825544612165189, 28.044421770807023 ], [ 112.82563774679889, 28.044393508503315 ], [ 112.826503971566126, 28.043951003122736 ], [ 112.827393007253377, 28.042684965627778 ], [ 112.827484971382262, 28.042554002434894 ], [ 112.827579843357711, 28.042331631832674 ], [ 112.828083971606958, 28.041150002451634 ], [ 112.828162971249668, 28.039909002584828 ], [ 112.827346130466893, 28.035199320471772 ], [ 112.826844910962564, 28.033027247317847 ], [ 112.82633097131378, 28.030800002870716 ], [ 112.826477971626872, 28.029728002570263 ], [ 112.827137971052608, 28.028608002780288 ], [ 112.829125442414764, 28.027275486584568 ], [ 112.829449878861112, 28.027050172633274 ], [ 112.829566126248764, 28.02698967723078 ], [ 112.831957198091644, 28.025592945577504 ], [ 112.833309971077995, 28.024902002798981 ], [ 112.834563791042541, 28.024781574149113 ] ] ] } },
{ "type": "Feature", "properties": { "name": "青亭学校", "isAssistFeature": false, "sourceFileId": null, "sourceFileName": null, "sourceGroupId": null, "id": null, "sourceFile": null }, "geometry": { "type": "Polygon", "coordinates": [ [ [ 112.843581922484248, 27.870218101378441 ], [ 112.845686756941646, 27.864558840798409 ], [ 112.845696094030714, 27.864533625420247 ], [ 112.846299654103817, 27.864521498593014 ], [ 112.847902408470787, 27.864489296181929 ], [ 112.84801981558347, 27.864486937525069 ], [ 112.849936682059237, 27.86443263042985 ], [ 112.851065450248029, 27.864371534815884 ], [ 112.85367834847392, 27.864230108871986 ], [ 112.854338732378608, 27.864276449034811 ], [ 112.85475744970897, 27.86430560192753 ], [ 112.854051927257871, 27.860651109080777 ], [ 112.853740448111196, 27.859278628805143 ], [ 112.853285709236275, 27.857217682587216 ], [ 112.853075431594561, 27.853984396254845 ], [ 112.852995194971712, 27.853162663100687 ], [ 112.850789222789743, 27.846289438256242 ], [ 112.848978580299701, 27.84884543151297 ], [ 112.847961883230823, 27.848773924486139 ], [ 112.8473999277318, 27.848930794612599 ], [ 112.845509218400466, 27.849458586367358 ], [ 112.845010192582038, 27.849597889437529 ], [ 112.842569800535117, 27.850279120453266 ], [ 112.841707776290178, 27.850270053921914 ], [ 112.841390102361274, 27.850878621016744 ], [ 112.84092848149298, 27.850103157331503 ], [ 112.839966953558942, 27.848487895113138 ], [ 112.833257026171765, 27.848243173885027 ], [ 112.83253365599262, 27.846918806298053 ], [ 112.828494915815156, 27.846834555209171 ], [ 112.828103348267661, 27.849780475988464 ], [ 112.827333713054713, 27.849846958607753 ], [ 112.827313443468654, 27.850898205884452 ], [ 112.827310924592581, 27.850928744387321 ], [ 112.826954445240077, 27.850955009764476 ], [ 112.826518500019233, 27.850987130416218 ], [ 112.826342405969029, 27.855619001767096 ], [ 112.827376959749117, 27.855580079149338 ], [ 112.827539577273413, 27.855135684271456 ], [ 112.827630341253126, 27.854919019157489 ], [ 112.828740676910584, 27.85492166871094 ], [ 112.82922083271815, 27.856658356059661 ], [ 112.830620045011457, 27.857991264739994 ], [ 112.830652196613755, 27.85802271140734 ], [ 112.831144228149398, 27.859406822727863 ], [ 112.830582896979507, 27.859919442829188 ], [ 112.830524947558814, 27.861080404532384 ], [ 112.830473276463678, 27.862174991554827 ], [ 112.830527662267613, 27.862395362880761 ], [ 112.830741657137978, 27.863262467647793 ], [ 112.831815180733415, 27.86357882223724 ], [ 112.83289551445705, 27.863726515002007 ], [ 112.833358525019108, 27.863789813200984 ], [ 112.833984592381626, 27.863875403578046 ], [ 112.834496053578533, 27.864114782923163 ], [ 112.834745004591554, 27.864231300115666 ], [ 112.836563724732613, 27.865662456347714 ], [ 112.836780225902615, 27.865832820866036 ], [ 112.837121259622137, 27.866372826112379 ], [ 112.83737038131504, 27.866736655095348 ], [ 112.837258391941816, 27.869350213669872 ], [ 112.837674057695153, 27.869419575694735 ], [ 112.837713840485819, 27.869427714675506 ], [ 112.839875766472787, 27.868973907393311 ], [ 112.839786198150762, 27.868278336668403 ], [ 112.839742502298705, 27.867947196294971 ], [ 112.839738052943076, 27.867900775111728 ], [ 112.840273303325333, 27.86790816851337 ], [ 112.840809537362844, 27.86791557541483 ], [ 112.841964804055891, 27.869084472939445 ], [ 112.842023146938644, 27.869142746747503 ], [ 112.841909858601525, 27.869551278766089 ], [ 112.841869070596047, 27.86969836303458 ], [ 112.841891151185735, 27.869716646112359 ], [ 112.842657857890828, 27.870351469537873 ], [ 112.843581922484248, 27.870218101378441 ] ] ] } },
{ "type": "Feature", "properties": { "name": "青亭学校", "isAssistFeature": false, "sourceFileId": null, "sourceFileName": null, "sourceGroupId": null, "id": null, "sourceFile": null }, "geometry": { "type": "Polygon", "coordinates": [ [ [ 112.84635276430005, 27.916575191669228 ], [ 112.846935275049404, 27.915425267959169 ], [ 112.848318152377544, 27.91491206440967 ], [ 112.848389745410756, 27.91488549543643 ], [ 112.849312890129312, 27.914542902662241 ], [ 112.849548373599575, 27.913579140240959 ], [ 112.85019285462883, 27.913436765672156 ], [ 112.848755166593619, 27.911640637371676 ], [ 112.84900170922333, 27.910782237616587 ], [ 112.84802417690419, 27.910315855627502 ], [ 112.847999285485969, 27.910242190278495 ], [ 112.847943180306586, 27.910076150534792 ], [ 112.847100834556258, 27.90758324069779 ], [ 112.846132027573475, 27.906929668901899 ], [ 112.845270653708795, 27.905719403902253 ], [ 112.846255966336585, 27.905240453101356 ], [ 112.847328035559613, 27.905607369016817 ], [ 112.848245181328693, 27.904846153966631 ], [ 112.848474881445171, 27.903580635865897 ], [ 112.850353300026782, 27.904067194529496 ], [ 112.851552273351643, 27.904377757745468 ], [ 112.851976740798108, 27.90554998569538 ], [ 112.852913949540763, 27.905562727932711 ], [ 112.855425541158823, 27.905596874199915 ], [ 112.856952445376479, 27.905487200126949 ], [ 112.854647452799043, 27.901806330611528 ], [ 112.854650182779224, 27.901772837311061 ], [ 112.854724002735992, 27.900968503569615 ], [ 112.854820602171756, 27.900064695407913 ], [ 112.85443623012965, 27.899253654757409 ], [ 112.854434701197064, 27.899230942702218 ], [ 112.854435103642302, 27.898015447813229 ], [ 112.854512295874684, 27.897367348665384 ], [ 112.854562513495694, 27.896945719434495 ], [ 112.85490076692939, 27.896104624264403 ], [ 112.855313337088234, 27.895910436263417 ], [ 112.855550364762479, 27.895797877548397 ], [ 112.855750559713456, 27.895764012416322 ], [ 112.855859570273168, 27.895746638817407 ], [ 112.85602412726017, 27.895469672326968 ], [ 112.85604869618318, 27.895437822889697 ], [ 112.856248533604685, 27.895098645967575 ], [ 112.855997170615126, 27.893836770819604 ], [ 112.85598821171682, 27.893806114996057 ], [ 112.855962018639744, 27.893677534634268 ], [ 112.855621421501453, 27.893090533422448 ], [ 112.855538899564522, 27.893027454802336 ], [ 112.855435556475896, 27.892948460586837 ], [ 112.855411387303192, 27.892929986118478 ], [ 112.855179898640998, 27.892927919461311 ], [ 112.854849403058083, 27.8929249683415 ], [ 112.854270388551811, 27.892779471762655 ], [ 112.85371329204014, 27.892493289387165 ], [ 112.853145489406927, 27.892559569544179 ], [ 112.853111841211359, 27.892512275237141 ], [ 112.852783006613393, 27.892050387696621 ], [ 112.852628369722069, 27.891729207193176 ], [ 112.851661892070823, 27.891039007686224 ], [ 112.850957759313445, 27.890003554480639 ], [ 112.850935101107055, 27.889966113859799 ], [ 112.850935101107055, 27.890216873512525 ], [ 112.850935101107055, 27.890868165143761 ], [ 112.850867375321144, 27.891076645633422 ], [ 112.850843663390904, 27.891150908389125 ], [ 112.850506312764054, 27.891619854911028 ], [ 112.850486655828988, 27.891647203710381 ], [ 112.850396930301798, 27.892953161575925 ], [ 112.850379467951001, 27.892982353594206 ], [ 112.849767143015669, 27.893680084790553 ], [ 112.84909577091841, 27.893602487604277 ], [ 112.848530505127542, 27.893861281498726 ], [ 112.847660368197282, 27.893366216627953 ], [ 112.847636557452347, 27.893121194212359 ], [ 112.845739009246785, 27.893743124920942 ], [ 112.845768554836496, 27.893774460379973 ], [ 112.846597316263086, 27.894653424725306 ], [ 112.846511485830973, 27.895677501663272 ], [ 112.84512240024587, 27.897097992090295 ], [ 112.845060240421461, 27.897053750013828 ], [ 112.843482087316872, 27.896016664862501 ], [ 112.842542643565764, 27.895192579685961 ], [ 112.842131083113301, 27.89483155440918 ], [ 112.841832120193473, 27.893982012709007 ], [ 112.841796460669954, 27.893874053694514 ], [ 112.840517944221617, 27.8928711915724 ], [ 112.840276304596699, 27.892351834259582 ], [ 112.84007914325646, 27.891924849289644 ], [ 112.840013838430266, 27.890839506101425 ], [ 112.839326417930437, 27.889983188264463 ], [ 112.838906259702398, 27.889459794806054 ], [ 112.838256731937889, 27.889309464592145 ], [ 112.836777149172761, 27.888965893631514 ], [ 112.836558604335494, 27.888061662086709 ], [ 112.83516435343752, 27.888008456955095 ], [ 112.834493000204873, 27.887986893029293 ], [ 112.834541368194721, 27.886809428989132 ], [ 112.834148368732656, 27.886302316258025 ], [ 112.833803793854301, 27.885857687689057 ], [ 112.833508454738336, 27.884613937745403 ], [ 112.833422222759268, 27.884488025468944 ], [ 112.832467173475067, 27.883093905862811 ], [ 112.829931858248685, 27.882232235346198 ], [ 112.828276005363577, 27.88166946159976 ], [ 112.827705511377758, 27.88166946159976 ], [ 112.82522547488071, 27.881453334690661 ], [ 112.824701038417857, 27.882144751413829 ], [ 112.823723995680552, 27.882609466663322 ], [ 112.822693383707886, 27.881784561620073 ], [ 112.821311878107181, 27.881784561620073 ], [ 112.819481604733241, 27.881953916980287 ], [ 112.819950251325395, 27.883559141886909 ], [ 112.819035873265662, 27.884446421512163 ], [ 112.815799887389034, 27.884869650131787 ], [ 112.813543760468136, 27.885247399482871 ], [ 112.81222671258233, 27.884023137245133 ], [ 112.810823279105534, 27.883792265336563 ], [ 112.809873954784621, 27.88303646375709 ], [ 112.8067160801169, 27.882101523556511 ], [ 112.804498674177992, 27.881852444339824 ], [ 112.804451536880094, 27.882248260468305 ], [ 112.804382414213947, 27.882828694319226 ], [ 112.804292592566995, 27.883582929952194 ], [ 112.804694020023049, 27.884601606722448 ], [ 112.804733251248152, 27.884699095608731 ], [ 112.804824969238666, 27.884933904670916 ], [ 112.804917692443979, 27.88623621489031 ], [ 112.80500594473412, 27.887475721367895 ], [ 112.80500691671125, 27.887501264882747 ], [ 112.805024936017517, 27.889079864795914 ], [ 112.803444981790776, 27.889368261866689 ], [ 112.803035774924339, 27.890565536198661 ], [ 112.802967016075868, 27.890766710384785 ], [ 112.80294695220401, 27.890825413973673 ], [ 112.802973202773217, 27.8909211195644 ], [ 112.803084236338989, 27.891327658370084 ], [ 112.805385578163083, 27.891508447743547 ], [ 112.80547220450255, 27.891820171248785 ], [ 112.805626005960676, 27.89237361644782 ], [ 112.806031006914949, 27.892309629123609 ], [ 112.806963090768889, 27.892162795486936 ], [ 112.807787862777332, 27.893114742569335 ], [ 112.808882425815057, 27.893983009903057 ], [ 112.811063450883239, 27.894316928074701 ], [ 112.811336335710394, 27.894402771416697 ], [ 112.81207668135346, 27.89463566668142 ], [ 112.813039101314587, 27.895541491519158 ], [ 112.813247577834133, 27.895745541604239 ], [ 112.815209270242576, 27.897584017809503 ], [ 112.816043742259453, 27.89836939823947 ], [ 112.816328593544469, 27.899100307009309 ], [ 112.81634064085074, 27.899137888167715 ], [ 112.816644811304258, 27.900372811411728 ], [ 112.816613306488932, 27.900382728778069 ], [ 112.815047683085879, 27.900888835577046 ], [ 112.814068004691563, 27.9005875795091 ], [ 112.810577849488425, 27.902954331054179 ], [ 112.810330431001304, 27.903120908069493 ], [ 112.809792579097987, 27.903548450625351 ], [ 112.806481198517886, 27.904642887122204 ], [ 112.805696568626217, 27.906960276552255 ], [ 112.805688015766407, 27.908094381695136 ], [ 112.805898733582595, 27.908459194580125 ], [ 112.805994489500293, 27.908617226197528 ], [ 112.806113519868731, 27.908816321113736 ], [ 112.805419008966368, 27.909461207322792 ], [ 112.806561871721968, 27.911034093723476 ], [ 112.806999689930194, 27.911668605049513 ], [ 112.807445596569252, 27.912609286283431 ], [ 112.808157241038998, 27.913573166891812 ], [ 112.807944342113288, 27.914302691764572 ], [ 112.807761384934352, 27.914929614327821 ], [ 112.807912824721569, 27.915547292793409 ], [ 112.808182131558908, 27.916645703787445 ], [ 112.809387631144318, 27.916558746958042 ], [ 112.811306588898077, 27.915906572477759 ], [ 112.812269181335708, 27.914386360129456 ], [ 112.812807312615078, 27.912949995926631 ], [ 112.815956372114911, 27.913080434703289 ], [ 112.817137269539657, 27.913471750883204 ], [ 112.817664537492291, 27.91316376744108 ], [ 112.818588789833612, 27.912623897899788 ], [ 112.819533618984835, 27.914412976059218 ], [ 112.819794289419022, 27.914906562645896 ], [ 112.820975186843754, 27.915515265107839 ], [ 112.821624721794777, 27.916275146141281 ], [ 112.822721930371017, 27.917558741511574 ], [ 112.82432106273076, 27.917515263472726 ], [ 112.825083726118791, 27.916732659753102 ], [ 112.826264623543523, 27.917754390882489 ], [ 112.828577214071615, 27.915863093774618 ], [ 112.828429602005784, 27.917406569092915 ], [ 112.830564044036635, 27.917787033870116 ], [ 112.831850517761765, 27.918016347326077 ], [ 112.831530691469453, 27.918842418484029 ], [ 112.833449650121509, 27.920624973130728 ], [ 112.833252833734349, 27.922277070069178 ], [ 112.832785394477924, 27.923885666284423 ], [ 112.83583604713165, 27.924363893190424 ], [ 112.835245597970157, 27.926211567058438 ], [ 112.834318321001248, 27.927570063218582 ], [ 112.834697002216018, 27.928084800423861 ], [ 112.835917452462724, 27.929743729659926 ], [ 112.834767971818422, 27.930966027722512 ], [ 112.835396426902975, 27.931206353189488 ], [ 112.83864558657325, 27.932082639529419 ], [ 112.843172138899448, 27.932844759695961 ], [ 112.844866016572212, 27.933124975749752 ], [ 112.844895713977195, 27.933135578213342 ], [ 112.846658481652483, 27.933437988863215 ], [ 112.847564168511823, 27.932327406231813 ], [ 112.844167843238452, 27.928919708558613 ], [ 112.844722186413748, 27.926277633687238 ], [ 112.845908948040659, 27.92487034020256 ], [ 112.846502329303263, 27.922724872357204 ], [ 112.850703009675314, 27.921065251203931 ], [ 112.850715403731286, 27.920276766874522 ], [ 112.848410226999221, 27.917079904254738 ], [ 112.848036667978221, 27.916987513587497 ], [ 112.84635276430005, 27.916575191669228 ] ] ] } },
{ "type": "Feature", "properties": { "name": "韶西逸夫小学", "isAssistFeature": false, "sourceFileId": null, "sourceFileName": null, "sourceGroupId": null, "id": null, "sourceFile": null }, "geometry": { "type": "Polygon", "coordinates": [ [ [ 112.886689737349428, 27.865840398651727 ], [ 112.886634781115305, 27.86438981482161 ], [ 112.887923951582891, 27.865354239185702 ], [ 112.888442877779823, 27.864831759903748 ], [ 112.888654890068324, 27.864620329415775 ], [ 112.889014378777048, 27.864001562974885 ], [ 112.889043122171202, 27.863952088921529 ], [ 112.89132428603736, 27.864564432479085 ], [ 112.894428526791046, 27.859388761080346 ], [ 112.893555525133337, 27.859538510965091 ], [ 112.89269066041544, 27.859676481131331 ], [ 112.892212936347349, 27.859354394542667 ], [ 112.891712738227469, 27.859409672309486 ], [ 112.89145524064287, 27.859438129205799 ], [ 112.890869200412752, 27.859153672682748 ], [ 112.889845138056842, 27.858656604226638 ], [ 112.889780982175907, 27.858500623384284 ], [ 112.889755034338904, 27.858504748481991 ], [ 112.889564008492059, 27.858464950892536 ], [ 112.889499419623121, 27.858448319450936 ], [ 112.889382501193964, 27.858416644176007 ], [ 112.886070942747423, 27.857474814566856 ], [ 112.88489280494727, 27.857156119085236 ], [ 112.885068308804293, 27.855681739212365 ], [ 112.884778120628184, 27.855727071187481 ], [ 112.883234773647558, 27.857087545014739 ], [ 112.882417373214366, 27.857747996920665 ], [ 112.881658085695165, 27.858245678699298 ], [ 112.881396866390318, 27.859400404815382 ], [ 112.881306835435936, 27.859820552920432 ], [ 112.881292463289697, 27.859910804380416 ], [ 112.881078571725595, 27.861953990791001 ], [ 112.881068793563728, 27.862046680190776 ], [ 112.878909113365012, 27.861777196844269 ], [ 112.87632387785996, 27.861454611397502 ], [ 112.876708601143349, 27.862147458211528 ], [ 112.876637355758163, 27.864402329214208 ], [ 112.876381856026725, 27.865082847764359 ], [ 112.875896408243833, 27.866380026640641 ], [ 112.874862876746505, 27.866762281327468 ], [ 112.874500006779073, 27.866896489178814 ], [ 112.875198207062283, 27.868924526934737 ], [ 112.874932080261033, 27.869267981208992 ], [ 112.874712771855769, 27.869328276760832 ], [ 112.87253974628517, 27.869903634737181 ], [ 112.87257808997478, 27.870638048723706 ], [ 112.870512710423, 27.870818352493831 ], [ 112.870908546764738, 27.87423962101013 ], [ 112.871147209372765, 27.876463142912996 ], [ 112.872734517208457, 27.877041046897297 ], [ 112.875996467091724, 27.87824290426677 ], [ 112.87993386113547, 27.879693078707824 ], [ 112.880422674007434, 27.879864365286803 ], [ 112.8815078253959, 27.880273223722487 ], [ 112.881561928230525, 27.877552961828105 ], [ 112.881575641013356, 27.876515436563544 ], [ 112.881576962435119, 27.876419568954326 ], [ 112.881581768421896, 27.876070902010742 ], [ 112.883580941238918, 27.875923561172041 ], [ 112.884030342324436, 27.875261419053636 ], [ 112.884681104374124, 27.874342854924009 ], [ 112.885072744685189, 27.873495890503843 ], [ 112.885250469177606, 27.873047016520893 ], [ 112.884445858059095, 27.872851767542272 ], [ 112.884666731329602, 27.872224177965052 ], [ 112.8858499832387, 27.871987087676022 ], [ 112.886102410731837, 27.870592428367921 ], [ 112.887175225556533, 27.870034559776762 ], [ 112.888561612602473, 27.868350209631473 ], [ 112.888112018379189, 27.868179873689002 ], [ 112.886747180120253, 27.867356575687289 ], [ 112.886689737349428, 27.865840398651727 ] ] ] } },
{ "type": "Feature", "properties": { "name": "风车坪东校区（小学部）", "isAssistFeature": false, "sourceFileId": null, "sourceFileName": null, "sourceGroupId": null, "id": null, "sourceFile": null }, "geometry": { "type": "Polygon", "coordinates": [ [ [ 112.952027494899056, 27.88905196750143 ], [ 112.949624235612731, 27.883893235927793 ], [ 112.947049314563785, 27.879075669625387 ], [ 112.944259817434499, 27.875585645259076 ], [ 112.94018286112825, 27.873271545065919 ], [ 112.935376342555571, 27.870388334852137 ], [ 112.93527653703255, 27.870492978022149 ], [ 112.933530982874757, 27.872323129613161 ], [ 112.930827316177599, 27.874485505651094 ], [ 112.928681548187654, 27.875282159668757 ], [ 112.925591643647593, 27.875623580798823 ], [ 112.923188242427443, 27.87607884276704 ], [ 112.923621910419058, 27.877455908009214 ], [ 112.924676970042157, 27.88080724774176 ], [ 112.924877674337893, 27.881444763069549 ], [ 112.925824314492701, 27.884451605631085 ], [ 112.926137681898112, 27.885446947102725 ], [ 112.927038977792336, 27.888117981210499 ], [ 112.93773382908492, 27.885640039884301 ], [ 112.938121141312919, 27.885550300551557 ], [ 112.940777999495538, 27.894196525136362 ], [ 112.942347904269212, 27.898858562126716 ], [ 112.943162402245761, 27.898664760937777 ], [ 112.94460884705839, 27.898320593273819 ], [ 112.944688106314217, 27.898304774566235 ], [ 112.945776884201507, 27.898126829229337 ], [ 112.946073247396896, 27.898079207086589 ], [ 112.946741550849126, 27.897745672075317 ], [ 112.947602977714411, 27.897315751825641 ], [ 112.949452922396461, 27.897263848508096 ], [ 112.949513754510875, 27.897262141579553 ], [ 112.949572025528383, 27.897260506897741 ], [ 112.949870577918134, 27.897252130244638 ], [ 112.953163673290646, 27.896574799757552 ], [ 112.954819705838801, 27.896234181449863 ], [ 112.95417326199069, 27.894931103878434 ], [ 112.954001600228082, 27.893793230845937 ], [ 112.952027494899056, 27.88905196750143 ] ] ] } },
{ "type": "Feature", "properties": { "name": "风车坪北校区（小学部）", "isAssistFeature": false, "sourceFileId": null, "sourceFileName": null, "sourceGroupId": null, "id": null, "sourceFile": null }, "geometry": { "type": "Polygon", "coordinates": [ [ [ 112.886476793507967, 27.882370857894006 ], [ 112.886506616677082, 27.882352225990878 ], [ 112.887934343294106, 27.88251556252218 ], [ 112.889112261007043, 27.882649923956215 ], [ 112.89288793224847, 27.883036546335653 ], [ 112.893577991998583, 27.882750736013239 ], [ 112.896076743996261, 27.881730684827321 ], [ 112.897273349362038, 27.88045489864983 ], [ 112.897312949794724, 27.880412677759637 ], [ 112.896910509039017, 27.880065842830234 ], [ 112.896771951991283, 27.880042621735672 ], [ 112.895350314155223, 27.879804361456426 ], [ 112.895452269346748, 27.879196040942439 ], [ 112.894840539096137, 27.879004531925354 ], [ 112.895267531706878, 27.87853483437689 ], [ 112.895414036149944, 27.878373677091684 ], [ 112.895432951076543, 27.877649285815124 ], [ 112.89542678054886, 27.877280937121867 ], [ 112.895223608581063, 27.876728718641711 ], [ 112.895024523049457, 27.876185403689856 ], [ 112.895144950298146, 27.875511201895176 ], [ 112.894743527333659, 27.87541184500164 ], [ 112.894655213958075, 27.875120872079084 ], [ 112.894334076125475, 27.875142163020293 ], [ 112.89439830387164, 27.874680862857279 ], [ 112.894904096699108, 27.874595700292875 ], [ 112.895509954662714, 27.873045321916134 ], [ 112.895601554973922, 27.873450187177372 ], [ 112.896151154146196, 27.87436787505608 ], [ 112.896879109326562, 27.874812191077567 ], [ 112.897550880275816, 27.875155872059132 ], [ 112.897826798713652, 27.873823539766107 ], [ 112.897990306468415, 27.873001012041847 ], [ 112.898715183122306, 27.871607387009135 ], [ 112.89745909311506, 27.871297122863211 ], [ 112.89575249350122, 27.870868758084303 ], [ 112.895181977057504, 27.869002944667962 ], [ 112.894458301451152, 27.869141588117014 ], [ 112.8936829565463, 27.868923500127188 ], [ 112.893392202431514, 27.868611945775246 ], [ 112.892599237072375, 27.869281787080332 ], [ 112.887775124994832, 27.865497676840864 ], [ 112.887923951582891, 27.865354239185702 ], [ 112.886634781115305, 27.86438981482161 ], [ 112.886689737349428, 27.865840398651727 ], [ 112.886747180120253, 27.867356575687289 ], [ 112.888112018379189, 27.868179873689002 ], [ 112.888561612602473, 27.868350209631473 ], [ 112.887175225556533, 27.870034559776762 ], [ 112.886102410731837, 27.870592428367921 ], [ 112.8858499832387, 27.871987087676022 ], [ 112.884666731329602, 27.872224177965052 ], [ 112.884445858059095, 27.872851767542272 ], [ 112.885250469177606, 27.873047016520893 ], [ 112.885072744685189, 27.873495890503843 ], [ 112.884681104374124, 27.874342854924009 ], [ 112.884030342324436, 27.875261419053636 ], [ 112.883580941238918, 27.875923561172041 ], [ 112.881581768421896, 27.876070902010742 ], [ 112.881576962435119, 27.876419568954326 ], [ 112.881575641013356, 27.876515436563544 ], [ 112.881561928230525, 27.877552961828105 ], [ 112.8815078253959, 27.880273223722487 ], [ 112.884029419754654, 27.881223296601402 ], [ 112.883849208725493, 27.882860825375182 ], [ 112.882573149169431, 27.884236873802138 ], [ 112.881361177222402, 27.885474110075897 ], [ 112.881027402788703, 27.886433084114937 ], [ 112.881840026879573, 27.886688558769887 ], [ 112.882164191136354, 27.88610465438153 ], [ 112.882913454355275, 27.886018074770757 ], [ 112.883167976719662, 27.884165341690139 ], [ 112.883963937960331, 27.883882284032723 ], [ 112.886476793507967, 27.882370857894006 ] ] ] } },
{ "type": "Feature", "properties": { "name": "风车坪广场学校", "isAssistFeature": false, "sourceFileId": null, "sourceFileName": null, "sourceGroupId": null, "id": null, "sourceFile": null }, "geometry": { "type": "Polygon", "coordinates": [ [ [ 112.895181977057504, 27.869002944667962 ], [ 112.894978134048188, 27.868386067873136 ], [ 112.894630435727592, 27.867553318018672 ], [ 112.896317692816737, 27.865698931740503 ], [ 112.891806203441206, 27.864682295287864 ], [ 112.89132428603736, 27.864564432479085 ], [ 112.889043122171202, 27.863952088921529 ], [ 112.889014378777048, 27.864001562974885 ], [ 112.888654890068324, 27.864620329415775 ], [ 112.888442877779823, 27.864831759903748 ], [ 112.887923951582891, 27.865354239185702 ], [ 112.887775124994832, 27.865497676840864 ], [ 112.892599237072375, 27.869281787080332 ], [ 112.893392202431514, 27.868611945775246 ], [ 112.8936829565463, 27.868923500127188 ], [ 112.894458301451152, 27.869141588117014 ], [ 112.895181977057504, 27.869002944667962 ] ] ] } },
{ "type": "Feature", "properties": { "name": "风车坪建元学校", "isAssistFeature": false, "sourceFileId": null, "sourceFileName": null, "sourceGroupId": null, "id": null, "sourceFile": null }, "geometry": { "type": "Polygon", "coordinates": [ [ [ 112.904924977068305, 27.906891937236743 ], [ 112.905627717436971, 27.906622829030635 ], [ 112.906440844584381, 27.90740983077772 ], [ 112.906611555031105, 27.907575055366532 ], [ 112.906962924766276, 27.907626806876948 ], [ 112.907987482992198, 27.907309059944382 ], [ 112.908665230433058, 27.906731143673646 ], [ 112.909526628552271, 27.904171795627761 ], [ 112.910517549362368, 27.903421185381259 ], [ 112.911514796108733, 27.895990573957661 ], [ 112.919360424882086, 27.896699724625403 ], [ 112.924205176651569, 27.896155234828555 ], [ 112.929548494302068, 27.895554709706857 ], [ 112.927038977792336, 27.888117981210499 ], [ 112.926137681898112, 27.885446947102725 ], [ 112.926108833401059, 27.885454085224634 ], [ 112.917005990828059, 27.887664483282489 ], [ 112.905291523840205, 27.890505256438772 ], [ 112.904971355289817, 27.890586899530625 ], [ 112.90466344155648, 27.890301279048074 ], [ 112.904595812788671, 27.890238546562259 ], [ 112.903380275428262, 27.889111008667676 ], [ 112.90464371095959, 27.886745663077381 ], [ 112.904924721946784, 27.88621955992139 ], [ 112.905263127195767, 27.885586002238529 ], [ 112.905405622457721, 27.885237788805025 ], [ 112.905803543789219, 27.884265390875424 ], [ 112.905874077708688, 27.884093026630254 ], [ 112.905948063853828, 27.88362180042887 ], [ 112.906324688824881, 27.881172170872009 ], [ 112.906034314697521, 27.881119341905606 ], [ 112.903540259092125, 27.880673042829912 ], [ 112.903302083370974, 27.880630347981509 ], [ 112.903256242342025, 27.880622130438148 ], [ 112.90303277743196, 27.880694448609855 ], [ 112.902012351456321, 27.881024680546894 ], [ 112.900181135749634, 27.881491897051767 ], [ 112.900122028400574, 27.881506467609846 ], [ 112.895622296175489, 27.882649944600956 ], [ 112.895262426581098, 27.882742677436113 ], [ 112.893921361337846, 27.88308283001912 ], [ 112.893597248285033, 27.883068314460829 ], [ 112.892500994617933, 27.883646576241411 ], [ 112.889311720237771, 27.885061914202694 ], [ 112.8887176293061, 27.885325557669415 ], [ 112.888492368663776, 27.885709316047961 ], [ 112.887756033998414, 27.886963741387376 ], [ 112.886446075616831, 27.88919536186885 ], [ 112.889954220481826, 27.891049904867753 ], [ 112.895781275522907, 27.892636060705946 ], [ 112.893936579697083, 27.894361232403398 ], [ 112.901235145242154, 27.896633383489597 ], [ 112.901295645878236, 27.896652217767691 ], [ 112.899505695182441, 27.897503293795431 ], [ 112.899087586011561, 27.898844964854188 ], [ 112.89579470803136, 27.899889298211484 ], [ 112.895589482514822, 27.899365330231738 ], [ 112.894237035616925, 27.900009616220633 ], [ 112.893539913312011, 27.900339824174257 ], [ 112.891032224873882, 27.903492303068472 ], [ 112.889267118883907, 27.902371348778264 ], [ 112.888607275764997, 27.90301523580764 ], [ 112.88803582417512, 27.90357513431961 ], [ 112.890335610117148, 27.904512969267863 ], [ 112.891897262966609, 27.905907877584763 ], [ 112.893701986457287, 27.907519879977919 ], [ 112.895364114972949, 27.909004494094486 ], [ 112.90173675192041, 27.909436259600909 ], [ 112.90247928136796, 27.909376201511151 ], [ 112.903861829014403, 27.909264376809151 ], [ 112.904924977068305, 27.906891937236743 ] ] ] } },
{ "type": "Feature", "properties": { "name": "风车坪本部", "isAssistFeature": false, "sourceFileId": null, "sourceFileName": null, "sourceGroupId": null, "id": null, "sourceFile": null }, "geometry": { "type": "Polygon", "coordinates": [ [ [ 112.901438622637158, 27.862562224665435 ], [ 112.900090309786194, 27.861917838163002 ], [ 112.896518582165413, 27.859928303651625 ], [ 112.8949253301775, 27.859079214852628 ], [ 112.894707018003885, 27.858963632455545 ], [ 112.894428526791046, 27.859388761080346 ], [ 112.89132428603736, 27.864564432479085 ], [ 112.891806203441206, 27.864682295287864 ], [ 112.896317692816737, 27.865698931740503 ], [ 112.899136450769745, 27.86633411859917 ], [ 112.900026764759616, 27.866534013162369 ], [ 112.901438622637158, 27.862562224665435 ] ] ] } }
]
}
